cdr3,trbv,trbj,label
CAAADEEIGNQPQHF,TRBV10-3,,viral
CAAAGGPDTGELFF,TRBV6-1,TRBJ2-2,bacterial
CAAEDDTGGFKTIF,TRBV25-1,TRBJ9-1,viral
CAAFQGAQKLVF,,,viral
CAAGDANTGELFF,,,viral
CAAGGQFYGYTF,TRBV7-9,TRBJ1-2,viral
CAAGTGDSNQPQHF,TRBV10-3,TRBJ1-5,viral
CAALREYSGNTIYF,TRBV20-1,TRBJ1-3,bacterial
CAARPEYPVYEQYF,TRBV10-3,TRBJ2-7,viral
CAASARSMDSNYQLIW,TRBV23/DV6-1,TRBJ33-1,viral
CAASTSAVLGKKGSQETQYF,TRBV20-1,TRBJ2-5,viral
CACAPGQGYEQYF,TRBV30,TRBJ2-7,viral
CACKSPGEQYF,TRBV3,TRBJ2-7,autoimmune
CACPKAGELFF,TRBV30,TRBJ2-2,viral
CACPSRQNPYEQYF,TRBV30,TRBJ2-7,viral
CACQTGWYEQYF,TRBV30,TRBJ2-7,viral
CACRPRALYGYTF,TRBV30,TRBJ1-2,viral
CACSGRVEFF,TRBV7-9,TRBJ2-1,viral
CACSIRSAYEQYF,TRBV19,TRBJ2-7,viral
CACSLRSQGTDTQYF,TRBV20,TRBJ2-3,viral
CACSSLNTEAF,TRBV29-1,TRBJ1-1,viral
CACTLVSTEAFF,TRBV30,TRBJ1-1,viral
CACVIAGELFF,TRBV30,TRBJ2-2,viral
CAFKRDRENEQFF,TRBV7-9,TRBJ2-1,viral
CAFQEASYGYTF,TRBV29,TRBJ1-2,viral
CAGANTNAGKSTF,TRBV27-1,TRBJ27-1,viral
CAGDSWNNEQFF,TRBV6-1/6-5/6-6,TRBJ2-1,viral
CAGGAGDTDTQYF,TRBV6-1,TRBJ2-3,bacterial
CAGGDLGWEQF,TRBV6-2/6-3,TRBJ2-1,cancer
CAGGIGSYGYPF,TRBV19-1,TRBJ1-2-1,viral
CAGGRKRNTQYF,TRBV19-1,TRBJ2-3-1,viral
CAGGTDYEQYF,TRBV30,TRBJ2-7,viral
CAGKNTEAFF,TRBV6-5,TRBJ1-1,viral
CAGQRDNSPLHF,TRBV25-1,TRBJ1-6,bacterial
CAGRASTGSGNTIYF,TRBV5-5,TRBJ2-1,viral
CAGRGPMNTEAFF,TRBV7-9,TRBJ1-1,viral
CAGRGTMNTEAFF,TRBV7-9,TRBJ1-1,viral
CAGRHLLEAFF,TRBV30,TRBJ1-1,viral
CAGRLAGVNEQFF,TRBV6-1,TRBJ2-1,autoimmune
CAGSEGRDQETQYF,TRBV16-1,TRBJ2-5,viral
CAGSLALRLADQETQYF,TRBV7-3,TRBJ2-3,viral
CAGSLFLSYEQYF,TRBV6-1/6-5/6-6,TRBJ2-7,viral
CAGSLGGGSYEQYF,TRBV13,TRBJ2-7,viral
CAGSLSNGYTF,TRBV7-9,TRBJ1-2,viral
CAGSLWSGIADTQYF,TRBV7-2,TRBJ1-5,viral
CAGSNTGELFF,TRBV30,TRBJ2-2,viral
CAGSPFGGAYEQYF,TRBV19-1,TRBJ2-7-1,viral
CAGSQEFLNRRYF,TRBV4-1,TRBJ2-5,viral
CAGSSLNTEAF,TRBV29-1,TRBJ1-1,viral
CAGSVTGALGTEAFF,TRBV19-1,TRBJ1-1-1,viral
CAGTGIRSAGELF,TRBV30,TRBJ2-2,viral
CAGTGTAYGYTF,TRBV19,TRBJ1-2,viral
CAGTLAGGTDTQYF,TRBV7-9,TRBJ2-3,viral
CAGTVYRSGYTF,TRBV30,TRBJ1-2,viral
CAIAGTSGTGELFF,TRBV6-5,TRBJ2-2,viral
CAIDAGAGEQYF,TRBV25-1,TRBJ2-7,viral
CAIDTGNSPLHF,TRBV28,TRBJ1-6,viral
CAIGDRGNGYTF,TRBV7-9,TRBJ1-2,viral
CAIGGGGAETQYF,TRBV10-3,TRBJ2-5,viral
CAIGGHDYGYTF,TRBV10-3,TRBJ1-2,viral
CAIGTGDSNQPQHF,,TRBJ1-5,cancer
CAIKGTVSTQETQYF,TRBV2,TRBJ2-5,viral
CAIKTTSGIVDEQF,TRBV10-3,TRBJ2-1,viral
CAIMTSGRARVNTDTQYF,TRBV10-3,TRBJ2-3,cancer
CAINRDRESDQYF,TRBV7-9,TRBJ2-5,viral
CAIPAPRREDSTDTQYF,TRBV7-8,TRBJ2-3,viral
CAIPGRGTANQPQHF,TRBV9,TRBJ1-5,viral
CAIPTDSSGNTIYF,TRBV7-9,TRBJ1-3,viral
CAIQYRGNQPQHF,TRBV28,,viral
CAIRAAGQGAYEQYF,,TRBJ2-7,autoimmune
CAIRAGGDEQF,TRBV10-3,TRBJ2-1,viral
CAIRDKMNTEAFF,TRBV10-3,,viral
CAIREDSVFFF,TRBV1-1-1,TRBJ1-1,viral
CAIRGEGNTEAFF,TRBV1-1,TRBJ1-1-1,viral
CAIRKQGAHTEAFF,TRBV10-3,TRBJ1-1,bacterial
CAIRPFLGQDDNYGYTF,TRBV10-3,TRBJ1-2,viral
CAIRTGGDEQF,TRBV10-3,TRBJ2-1,viral
CAIRTRIGETQYF,TRBV10-3,TRBJ2-5,viral
CAIRTRTGESYTF,TRBV10-3,TRBJ1-2,viral
CAIRTSGDYEQYF,TRBV6-2/3,TRBJ2-7,viral
CAISAGPQVETQYF,TRBV10-3,TRBJ2-5,viral
CAISAGTGVRNEQYF,TRBV10-3,,viral
CAISATGGDYGYTF,TRBV10-3,TRBJ1-2,viral
CAISDAGAGNQPQHF,TRBV10-3,,viral
CAISDEGRNTEAF,TRBV10-3,TRBJ1-1,viral
CAISDGGRTDTYEQYF,TRBV10-3,,viral
CAISDLSITGGDNYGYTF,TRBV1-1,TRBJ1-2-1,viral
CAISDMSWEQYF,TRBV10-3,TRBJ2-7,viral
CAISDPGDTQYF,TRBV5-1,TRBJ2-3,viral
CAISDPGHRFGEAF,TRBV10,TRBJ1-1,viral
CAISDPRDSYEQYF,TRBV10-3,TRBJ19-1,viral
CAISDPSGSSYNEQF,TRBV10-3,TRBJ2-1,viral
CAISDRDTGELFF,TRBV10-3,TRBJ2-2,bacterial
CAISDWSTYEQYF,TRBV1-1,TRBJ2-7-1,viral
CAISEAGDSSGANVLTF,TRBV10-3,TRBJ2-6,bacterial
CAISECAIRGTSGLTDTQYF,TRBV10-3,TRBJ2-3,viral
CAISEENIDTQYF,TRBV10-3,TRBJ2-3,cancer
CAISEETPNTEAFF,TRBV10-3,TRBJ1-1,viral
CAISEFGLAGSDEQF,TRBV10-3,TRBJ2-1,viral
CAISEGAMGNQPQHF,TRBV27,,viral
CAISEGDSPYEQYF,,TRBJ2-7,autoimmune
CAISEGGAGTGSEQYF,TRBV10-3,TRBJ02-7,autoimmune
CAISEPEGNTEAF,TRBV10-3,TRBJ1-1,autoimmune
CAISEPGTSTDTQYF,TRBV10-3,TRBJ2-3,viral
CAISEPTSGRDTQYF,TRBV10-3,TRBJ2-3,viral
CAISERAIRGTSGLTDTQYF,TRBV10-3,TRBJ2-3,viral
CAISERAIRGTSGLTDTQYL,TRBV10-3,TRBJ2-3,viral
CAISERHLTDTQYF,TRBV10-3,TRBJ2-3,viral
CAISESAGGSNRGTQYF,TRBV1-3,TRBJ2-5,autoimmune
CAISESEEGSPLHF,TRBV10-3,TRBJ1-6,bacterial
CAISESENQPQHF,TRBV10-3,TRBJ1-5,bacterial
CAISESGGRVDEQYF,TRBV10-3,TRBJ2-7,viral
CAISESGSPEQYF,TRBV10-3,TRBJ2-7,viral
CAISESPDMLMGNEQFF,TRBV6-5,TRBJ1-2,viral
CAISESPSGALGQFF,TRBV10-3,TRBJ2-1,viral
CAISESQTDTQYF,,TRBJ2-3,autoimmune
CAISESSAQETQYF,TRBV10-3,TRBJ2-5,viral
CAISESSIGNQPQHF,TRBV19,,viral
CAISESSSGANVLTF,TRBV27,,viral
CAISESTAHSYNEQFF,TRBV10-3,TRBJ2-1,viral
CAISESTGPGGDTQYF,TRBV10-3,TRBJ2-3,viral
CAISESTPNTEAFF,TRBV10-3,TRBJ1-1,viral
CAISESTRNQPQHF,,TRBJ1-5,autoimmune
CAISETAGADTQYF,TRBV10-3,TRBJ2-3,viral
CAISETDKLGF,TRBV10-3,TRBJ2-1,viral
CAISETSEHYEQYF,TRBV10-3,TRBJ2-7,viral
CAISEVLTGAYGYTF,TRBV10-3,TRBJ1-2,viral
CAISEVQETQYF,TRBV10-3,TRBJ2-5,viral
CAISEWDIHSSGNTIYF,TRBV10-3,TRBJ1-3,viral
CAISEWDSPTLNSPLHF,TRBV10-3,TRBJ24-1,viral
CAISEWGEGPNEQFF,TRBV10-3,TRBJ2-1,viral
CAISEYGASPLHF,TRBV10-3,TRBJ1-6,viral
CAISGFGQGDTEAFF,TRBV10-3,TRBJ1-1,viral
CAISGGSGDNEQF,TRBV10-3,TRBJ2-1,viral
CAISGGVRSTYNEQF,TRBV10-3,TRBJ2-1,viral
CAISGMGQRDNEQF,TRBV10-3,TRBJ2-1,viral
CAISLGGAPEAF,TRBV23,TRBJ1-1,viral
CAISLHGANTEKLF,TRBV21,TRBJ1-4,viral
CAISLPGTSYEQYF,TRBV6-6,TRBJ2-7,viral
CAISMDEF,,,autoimmune
CAISPLTSWGTDTQYF,TRBV10-3,TRBJ2-3,cancer
CAISQQSSYKQYF,TRBV2-7-1,TRBJ1-1,viral
CAISRGNEQYF,TRBV10-2,,viral
CAISSGTKSTEAF,TRBV10-3,TRBJ1-1,viral
CAISTDLPNTEAFF,TRBV10-3,TRBJ1-1,viral
CAISTGETLQETQYF,TRBV10-3,TRBJ2-5,viral
CAISVGVDEQFF,TRBV10-3,TRBJ2-1,viral
CAISVSGRSTDTQYF,TRBV10-3,TRBJ2-3,viral
CAITHPPIGETQYF,TRBV10-3,TRBJ2-5,viral
CAITTDNPNTEAFF,TRBV10-3,TRBJ1-1,viral
CALDGYTF,TRBV30,TRBJ1-2,viral
CALEGVGGNTIYF,TRBV30,TRBJ1-3,viral
CALERANEQFF,TRBV30,TRBJ2-1,viral
CALGGGGYTEAFF,TRBV7-9,TRBJ1-1,viral
CALNGEISYNEQFF,TRBV2,TRBJ2-2,cancer
CALPGVAGITYEQYF,TRBV23-1,TRBJ2-7,cancer
CALRGEVAGRGITDTQYF,TRBV7-9,TRBJ2-3,viral
CALRPGLAGEPYNEQFF,TRBV30,TRBJ2-1,viral
CALSDLGGSGNTGKLIF,TRBV12-4,TRBJ1-1,viral
CALTGGDYGYTF,TRBV6-5,TRBJ1-2,viral
CAMREDRDNYGKNFVF,TRBV9,TRBJ2-3,viral
CAMREVNTEAF,TRBV20,TRBJ1-1,viral
CAMREVYGQNFVF,TRBV13,TRAJ26,viral
CAMSGWDNGYTF,TRBV25-1,TRBJ1-2,bacterial
CAMSPDRVNTQYF,TRBV7-9,TRBJ2-5,viral
CAMYLCASSLFGSPLHF,TRBV9,TRBJ1-6,viral
CANCRWAPAPYEQYF,TRBV6-1,TRBJ2-7,viral
CANNCGFF,TRBV5-1,TRBJ1-4,viral
CANSFQGFTEAF,TRBV28,TRBJ1-1,viral
CANSIKGYNEQF,TRBV19,TRBJ2-1,viral
CANSLSGDYGYTF,TRBV7-8,TRBJ1-2,viral
CANSLYTGSDQPQHF,TRBV7-9,TRBJ2-7,viral
CANSPTSSTTSYEQYF,TRBV7-8,TRBJ2-7,viral
CANSQSPGGTQYF,TRBV14,TRBJ2-3,viral
CANSSFLSSGETQYF,TRBV28,TRBJ2-5,viral
CANSSHRGEAAFF,TRBV7-9,TRBJ1-1,viral
CANSYATGIGNYGYTF,TRBV6-5,TRBJ1-2,viral
CAPAPGLATDTQYF,TRBV4-1,TRBJ2-3,viral
CAPLKGSSYEQYF,TRBV1-1,TRBJ2-7-1,viral
CAPRGGTNTGELFF,TRBV4-2,TRBJ2-2,viral
CAPRPGPRSTDTQYF,TRBV15,TRBJ1-5,viral
CAPRRGPTNEKLFF,TRBV7-3,TRBJ1-4,viral
CAPSQGPSNQPQHF,TRBV30,TRBJ1-5,viral
CAPTPEGGGQGQPQHF,TRBV12-3/4,TRBJ1-1,viral
CAPTPKTGSETQYF,TRBV12-4,TRBJ2-5,viral
CARDGTGNGYTF,TRBV20,TRBJ1-2,viral
CARDRIGNGYTF,TRBV20,TRBJ1-2,viral
CARDRTGNGYTF,TRBV20,TRBJ1-2,viral
CARDSTGNGYTF,TRBV20,TRBJ1-2,viral
CARDSVGNGYTF,TRBV20,TRBJ1-2,viral
CARDTIGNGYTF,TRBV20,TRBJ1-2,viral
CAREGDVGNTIYF,TRBV20,TRBJ1-3,viral
CAREWRGEAYEQYF,TRBV25-1,TRBJ2-7,viral
CARGGGGSYERYF,TRBV19-1,TRBJ2-7-1,viral
CARGSVGNTIYF,TRBV20,TRBJ1-3,viral
CARGVGRGTEAFF,TRBV30,TRBJ1-1,viral
CARQSNTEAFF,TRBV2,TRBJ1-1,autoimmune
CARREANYGYTF,TRBV20-1,TRBJ1-2,viral
CARRLAGEYNEQFF,TRBV2,TRBJ2-1,cancer
CARRSRGENNGGVF,TRBV6-1-1,TRBJ2-1-1,viral
CARSHSPGGTQYF,TRBV14,TRBJ2-3,viral
CARSPNGGSSYNEQFF,TRBV7-8,TRBJ2-1,viral
CARSQYPAGTQYF,TRBV14,TRBJ2-3,viral
CARSTGEYNEQFF,TRBV30,TRBJ2-1,bacterial
CARSWAGGPRDEQYF,TRBV9,TRBJ2-7,viral
CARTGEGDTQYF,TRBV7-7,TRBJ2-3,viral
CARTGNYGYTF,TRBV27,TRBJ1-2,viral
CARVGVGNTIYF,TRBV20,TRBJ1-3,viral
CASAADSNQPQHF,TRBV6-4,TRBJ1-5,bacterial
CASAAGRYGYTF,TRBV25-1,TRBJ1-2,viral
CASAAQGAPNEKLFF,TRBV6-1/6-5/6-6,TRBJ1-4,viral
CASADRYKQETQYF,TRBV25-1,TRBJ2-5,bacterial
CASAEGRLSSYEQYF,TRBV27,TRBJ2-7,cancer
CASAGPDHTDTQYF,TRBV7-8,TRBJ2-3,viral
CASAGQGHEQYF,TRBV7-2,TRBJ2-7,viral
CASAGTSGYEQYF,TRBV9,TRBJ2-7,viral
CASAILGIRIAGF,TRBV4-3-1,TRBJ2-3-1,viral
CASAKGKNEQFF,TRBV25-1,TRBJ2-1,viral
CASAKGYGYTF,TRBV12-3,TRBJ1-2,viral
CASALEQGGYNEQF,TRBV9,TRBJ2-1,viral
CASALGASGITQYF,TRBV27,TRBJ2-3,viral
CASALGGRGVQYF,TRBV7-3,TRBJ2-5,viral
CASALGLAAYNEQFF,TRBV7-3,TRBJ2-1,viral
CASALSYNEQFF,TRBV19,TRBJ2-1,cancer
CASAMTGEGYGYTF,TRBV27,TRBJ1-2,viral
CASAPARIWYNEQF,TRBV27,TRBJ2-1,cancer
CASAPDGRIDTQYF,TRBV12-5,TRBJ2-3,bacterial
CASAPGLATYNEQFF,TRBV6-5,TRBJ2-1,viral
CASAPGPGGTEAFF,TRBV4-3,TRBJ1-1,viral
CASAPWGEQFF,TRBV12-5,TRBJ2-1,bacterial
CASARDEQYF,,TRBJ2-7,autoimmune
CASASANYGYTF,TRBV1-1,TRBJ1-2-1,viral
CASATAGQSNYGYTF,TRBV27,TRBJ1-2,cancer
CASATGADTEAFF,TRBV7-6,TRBJ1-1,viral
CASATGDSNQPQ,TRBV25-1,TRBJ1-5,autoimmune
CASAVDRVSEQYF,TRBV28,TRBJ2-7,viral
CASAYLSSYNEQF,TRBV18,TRBJ2-1,cancer
CASCLGQGSYNEQFF,TRBV5-1-1,TRBJ2-1-1,viral
CASCQSPGGTQYF,TRBV14,TRBJ2-3,viral
CASCSTSFNEQFF,TRBV6-2-1,TRBJ2-1-1,viral
CASDAGDRETQYF,TRBV7-8,TRBJ2-5,viral
CASDEGMNTEAFF,TRBV6-1/6-5/6-6,TRBJ1-1,viral
CASDGGGNTEAFF,TRBV4-1,TRBJ1-1,viral
CASDGGQKSGEQYF,TRBV7-6,TRBJ2-7,viral
CASDKGTGNYGYTF,TRBV12-3/4,TRBJ2-7,viral
CASDPLTASYEQYF,TRBV24,TRBJ2-7,viral
CASDQGRGANVLTF,TRBV6-1,TRBJ2-6,bacterial
CASDRANEQFF,TRBV19,TRBJ2-1,viral
CASDRGGNTGELF,TRBV6,TRBJ2-2,viral
CASDSGAPYNEQFF,TRBV6-2/6-3,TRBJ2-1,viral
CASDSGVFSYEQYF,TRBV6-6,TRBJ2-7,viral
CASDSGVGNTIYF,TRBV2,TRBJ1-3,viral
CASDSSNSPVSSGNTIYF,TRBV25-1,TRBJ1-3,bacterial
CASDSTDNQPQHF,TRBV19,TRBJ1-5,cancer
CASEAGNTIY,TRBV7-9,TRBJ1-3,viral
CASEAGTVNTNTQYF,TRBV9,,viral
CASEDFKNIQYF,TRBV7-8,TRBJ2-4,viral
CASEDSSDGANYGYT,TRBV7-9,TRBJ1-2,viral
CASEDTGELFF,TRBV28,TRBJ2-2,viral
CASEEKTGGLAKNIQYF,TRBV25-1,TRBJ2-4,bacterial
CASEGGNTIYF,TRBV7-9,TRBJ1-3,viral
CASEGLDNEQFF,TRBV7-2,TRBJ2-1,viral
CASEGTTTNEKLFF,TRBV25-1,TRBJ1-4,bacterial
CASEIGNSGQETQY,TRBV7-9,TRBJ2-5,viral
CASEITRDRRNTIYF,TRBV7-9,TRBJ1-3,viral
CASELSGNTIYF,TRBV7-9,TRBJ1-3,viral
CASELVTGELF,,TRBJ2-2,autoimmune
CASEPGLGYFAGELF,,TRBJ2-2,autoimmune
CASEPRDRGWNEQF,,TRBJ2-1,autoimmune
CASEPSGMTYNEQFF,TRBV10-3,TRBJ2-1,viral
CASEPYPNEQFF,TRBV11-1,TRBJ2-1,viral
CASERGRGEAFF,TRBV25-1,TRBJ1-1,viral
CASETEGVRGGYTF,TRBV6-5,TRBJ2-3,viral
CASFGGGGRNTEAFF,TRBV4-1,TRBJ1-1,viral
CASFGNTVLYGYTF,,TRBJ1-2,autoimmune
CASFRGHEQF,TRBV9,TRBJ2-1,viral
CASFTSSYEQYF,TRBV27,TRBJ02-3,autoimmune
CASGAAMNTEAF,TRBV9-1,TRBJ1-1,viral
CASGAGGPLNEQFF,TRBV1-1,TRBJ2-1-1,viral
CASGDGDSTDTQYF,TRBV6-4,TRBJ2-3,bacterial
CASGDPEDKPSDEQFF,TRBV12-5,TRBJ2-1,viral
CASGDRDSSYEQYF,TRBV5-4,TRBJ2-7,viral
CASGDSGDEQF,TRBV5-1,TRBJ2-1,viral
CASGEDVGSEQYF,TRBV7-6,TRBJ2-7,viral
CASGEFRVTTDTQYF,TRBV2,TRBJ2-3,bacterial
CASGEGADTGELFF,TRBV6-1,TRBJ2-2,bacterial
CASGEGGELFF,TRBV1-1,TRBJ2-2-1,viral
CASGFDEQFF,TRBV28,TRBJ2-1,viral
CASGFGNTEAFF,TRBV9,TRBJ2-3,viral
CASGFQGLGSPLHF,TRBV28,TRBJ1-6,cancer
CASGGAIDTDTQYF,TRBV10-2,TRBJ2-3,cancer
CASGGANYGYTF,TRBV7-9,TRBJ1-2,viral
CASGGAYEGYTF,TRBV7-9,TRBJ1-2,viral
CASGGEFYGYTF,TRBV7-9,TRBJ1-2,viral
CASGGEYQETQYF,TRBV6-2,TRBJ2-5,bacterial
CASGGGGAEAFF,TRBV30,TRBJ2-1,viral
CASGGGGFQETQYF,TRBV12-3,TRBJ2-5,viral
CASGGGGPETQYF,TRBV5-4-1,TRBJ2-5-1,viral
CASGGGTVYEQYF,TRBV5-6,TRBJ2-7,viral
CASGGHNEQFF,TRBV12-3,TRBJ2-1,viral
CASGGLGEETQYF,TRBV25-1,TRBJ2-5,cancer
CASGGLSGANVLTF,TRBV19,TRBJ2-6,bacterial
CASGGLSSYNEQFF,TRBV1-1,TRBJ2-1-1,viral
CASGGLSTDTQYF,TRBV19,TRBJ2-3,viral
CASGGLVHEQFF,TRBV1-1,TRBJ2-1-1,viral
CASGGPGGRPYNEQFF,TRBV11-2,TRBJ2-1,viral
CASGGPYEQYF,TRBV14,TRBJ2-7,viral
CASGGQVAPSEQF,TRBV2,TRBJ2-1,viral
CASGGRENTGELFF,TRBV4-3,TRBJ2-2,viral
CASGGRSSYERYF,TRBV19-1,TRBJ2-7-1,viral
CASGGSSYQETQYF,TRBV1-1,TRBJ2-5-1,viral
CASGGTGPWNEQFF,TRBV6-5,TRBJ2-1,viral
CASGGTRPWDEQFF,TRBV6-5,TRBJ2-1,viral
CASGHGMGASTSGYT,TRBV4-1,TRBJ1-2,viral
CASGIAYNEQFF,TRBV30,TRBJ2-1,viral
CASGIGGNGYPF,TRBV19-1,TRBJ1-2-1,viral
CASGIGGYGYPF,TRBV19-1,TRBJ1-2-1,viral
CASGIRSSYERYF,TRBV19-1,TRBJ2-7-1,viral
CASGLAGPNEQFF,TRBV6-2/6-3,TRBJ2-1,viral
CASGLAGVGTGELFF,TRBV30,TRBJ2-2,viral
CASGLALRGGDQETQYF,TRBV2,TRBJ1-2,viral
CASGLAVPVDGYTF,TRBV12-5,TRBJ1-2,viral
CASGLDGGPEQFF,TRBV12-5,TRBJ2-1,viral
CASGLDIPSEKLFF,TRBV12-5,TRBJ1-4,bacterial
CASGLEALWTGELFF,TRBV6-5,TRBJ2-2,viral
CASGLGGSNEQFF,TRBV12-5,TRBJ10-1,viral
CASGLGPLTGLGPEAF,TRBV7-9,TRBJ1-1,viral
CASGLGPTYEQYF,TRBV12-5,TRBJ2-7,viral
CASGLGSSPMFNEQF,TRBV27,TRBJ2-1,viral
CASGLGTDTQYF,TRBV12-5,TRBJ2-3,viral
CASGLRGPYERNF,TRBV27-1,TRBJ2-7-1,viral
CASGLSDRGGDEQF,TRBV9,TRBJ2-1,viral
CASGLSEGGNQPQHF,,TRBJ1-5,autoimmune
CASGLTGFMDEQYF,TRBV25-1-1,TRBJ2-7-1,viral
CASGLTSGLAGGRGNEQFF,TRBV12-5,,viral
CASGLVPEGLVYEQYF,TRBV1-1,TRBJ2-7-1,viral
CASGLVPGGLVYEQYF,TRBV1-1,TRBJ2-7-1,viral
CASGLVPGGVVYEQYF,TRBV1-1,TRBJ2-7-1,viral
CASGLVPTDTEAFF,TRBV12-5,TRBJ1-1,bacterial
CASGMFSGSYNEQFF,TRBV6-2/6-3,TRBJ2-1,viral
CASGMIAGGLNERFF,TRBV19-1,TRBJ2-1-1,viral
CASGNSYNQPQHF,TRBV9,TRBJ1-5,viral
CASGPGGSGANVLTF,,TRBJ2-6,autoimmune
CASGPGSSYNEQFF,TRBV6-2,TRBJ2-1,viral
CASGPGTSATDTQYF,TRBV6-1,TRBJ2-3-1,viral
CASGPLLLMTNEQFF,TRBV1-1,TRBJ2-1-1,viral
CASGPNFNTGELFF,TRBV27-1,TRBJ2-2-1,viral
CASGPYTGGYNEQFF,TRBV7-7,TRBJ2-1,viral
CASGQGAGEQYF,TRBV19,TRBJ2-7,viral
CASGQGGDEQYF,,TRBJ2-7,autoimmune
CASGQGIAEAFF,TRBV27,TRBJ1-1,viral
CASGQGRMKENTEAFF,TRBV4-3,TRBJ1-1,viral
CASGQPQHF,,TRBJ1-5,autoimmune
CASGQSPGGTQYF,TRBV14,TRBJ2-5,viral
CASGRAGGPGNEQSF,TRBV19-2,TRBJ2-1-1,viral
CASGRRYNEQFF,TRBV7-3,TRBJ2-1,viral
CASGSGLAGGELF,TRBV7-9,TRBJ2-2,viral
CASGSGTASYNEQFF,TRBV2,TRBJ2-1,autoimmune
CASGSGVGNTIYF,TRBV2,TRBJ1-3,viral
CASGSIEETQYF,TRBV19-1,TRBJ2-5-1,viral
CASGTEAFF,TRBV6-1,TRBJ5-1,viral
CASGTEIFYYEQYF,TRBV12-4,TRBJ2-7,viral
CASGTGGSGANVLTF,,TRBJ2-6,autoimmune
CASGTGTGELFF,TRBV12-3,TRBJ2-2,viral
CASGTGTPYNEQFF,TRBV9,TRBJ2-1,viral
CASGTSGGGNEQFF,TRBV1-2,TRBJ2-1,autoimmune
CASGTSGGNEQFF,TRBV7-3,TRBJ2-1,viral
CASGTWGARQPQHF,TRBV12-4,TRBJ1-5,viral
CASGVLTEAF,TRBV8,TRBJ1-1,autoimmune
CASGVQGLGQPQHF,TRBV28,TRBJ1-5,cancer
CASGVRSAYEQYF,TRBV19,TRBJ2-7,viral
CASGWGTEAFF,TRBV7-9,TRBJ1-1,viral
CASHFEGPDTQYF,TRBV6-1,TRBJ2-3,bacterial
CASHYGGSSYEQYF,TRBV13,TRBJ2-7,viral
CASIADREIYEQYF,TRBV7-9,TRBJ2-7,viral
CASIARVPSPGSCF,TRBV7-2,TRBJ2-2,viral
CASIDGQSGNTEAFF,TRBV25-1,TRBJ1-1,bacterial
CASIDRTIGNQPQHF,TRBV19,,viral
CASIDSGAATDTQYF,TRBV7-8,TRBJ2-3,viral
CASIEDRTPEAFF,TRBV7-9,TRBJ1-1,viral
CASIEGLSYEQYF,TRBV25-1,TRBJ2-7,bacterial
CASIELSYSNQPQHF,,TRBJ1-5,autoimmune
CASIGAGELFF,TRBV7-2,TRBJ2-2,viral
CASIGGPGTGELNTGELFF,TRBV25-1,TRBJ2-2,bacterial
CASIGNEQFF,TRBV6-2,TRBJ2-1,viral
CASIGNTQSGHEQYF,TRBV7-9,TRBJ2-7,viral
CASIGQGGSPLHF,TRBV19,TRBJ1-6,viral
CASIGRENNEQFF,TRBV28,TRBJ2-1,viral
CASIIDRSNEQFF,TRBV7-9,TRBJ2-1,viral
CASIIRSSYEQYF,TRBV1-1,TRBJ2-7-1,viral
CASILDRSETQYF,TRBV7-9,TRBJ2-5,viral
CASILLGGGAGNEQFF,TRBV6-1,TRBJ2-1,bacterial
CASILSRDLWTGELFF,TRBV12-3,TRBJ2-2,autoimmune
CASILTSGRNEQF,TRBV5-6,TRBJ2-1,viral
CASINRGTDPYEQYF,TRBV13,TRBJ2-7,viral
CASIPDREGNIQYF,TRBV7-9,TRBJ2-4,viral
CASIPDREKTQYF,TRBV7-9,TRBJ2-5,viral
CASIPDRGSGNTIYF,TRBV28,TRBJ1-3,viral
CASIPDRNTEAFF,TRBV7-9,TRBJ2-5,viral
CASIPDRVTEAFF,TRBV7-9,TRBJ1-1,viral
CASIPGTGPGELFF,TRBV7-8,TRBJ2-2,viral
CASIPNLGNEQF,TRBV5-5,TRBJ2-1,viral
CASIPPRGQEQFF,TRBV7-9,TRBJ2-1,viral
CASIPVGLAGVSSTDTQYF,TRBV7-8,TRBJ2-3,viral
CASIPWTSGRALDTQYF,TRBV25-1,TRBJ2-3,viral
CASIQMARETDEQFF,TRBV4-1,TRBJ2-1,viral
CASIQTEDSGNTIYF,TRBV6-1,TRBJ1-3,bacterial
CASIRDHNTGELFF,,,viral
CASIRGLAGVRTDTQYF,TRBV28,TRBJ2-3,viral
CASIRYRGEDTEAFF,TRBV4-2,TRBJ1-1,viral
CASISPPDNEQFF,TRBV25-1,TRBJ2-1,bacterial
CASIWAGLGQPQHF,TRBV28,TRBJ1-5,cancer
CASKAGGTGELFF,TRBV7-9,TRBJ2-2,viral
CASKAGTLGTEAFF,TRBV4-3,TRBJ1-1,viral
CASKAWVEEVTGELFF,TRBV6-5,TRBJ2-2,bacterial
CASKAYSRRGVGETQYF,TRBV6-2,TRBJ2-5,bacterial
CASKDGARGYGYTF,TRBV3,TRBJ1-2,cancer
CASKDNISFRGYTF,TRBV6-2,TRBJ1-2,viral
CASKDPGWFLAFF,TRBV6-5,TRBJ1-1,viral
CASKDSLSPWGGYTF,TRBV2,TRBJ1-2,viral
CASKEDRQSNSPLHF,TRBV7-9,TRBJ1-6,viral
CASKEELSNTGELF,TRBV4-2,TRBJ2-2,viral
CASKEGLLDTGELF,TRBV6,TRBJ2-2,cancer
CASKGDRGFGNQPQHF,TRBV6-1,TRBJ1-5,viral
CASKGGANEQF,TRBV12,TRBJ2-1,cancer
CASKGMASGGLRGTGELFF,TRBV7-2,TRBJ2-2,viral
CASKGQVDTGELFF,TRBV6-1,TRBJ2-2,bacterial
CASKGTVTGELF,TRBV19,TRBJ2-2,viral
CASKGVGAEDTEAFF,TRBV19,TRBJ1-1,viral
CASKHASGELFF,TRBV7-7,TRBJ2-2,viral
CASKKDLSTYEQYF,,TRBJ2-7,autoimmune
CASKKTAQGAPIF,TRBV6-5,TRBJ2-1,bacterial
CASKLYTGGDQPQHF,TRBV7-2,TRBJ1-5,viral
CASKPRDSGDTQYF,TRBV28,TRBJ2-3,viral
CASKPTPTPRGEQYF,TRBV7-8,TRBJ2-7,viral
CASKQGAGGLYEQYF,TRBV27,TRBJ2-7,viral
CASKRETSGSQEQFF,TRBV4-1,TRBJ2-1,viral
CASKRTATYEQYF,TRBV28,TRBJ2-1,viral
CASKSLETGFNQPQHF,TRBV28,TRBJ1-5,viral
CASKTEGYSNQPQHF,TRBV4-3,TRBJ1-5,viral
CASKVGLTDTQYF,TRBV6-5,TRBJ2-3,viral
CASKVTGTGSDEQFF,TRBV6-4,TRBJ2-1,bacterial
CASKWPASGNNEQFF,TRBV19,TRBJ2-1,autoimmune
CASKWTSGGPNTGELF,TRBV2,TRBJ2-2,viral
CASLAGQGYNEQF,TRBV4,TRBJ2-1,cancer
CASLAPGTTNEKLF,TRBV6-1,TRBJ1-4,viral
CASLAPYNEQFF,TRBV4-1,TRBJ2-1,viral
CASLDRGLQPQHF,,TRBJ1-5,autoimmune
CASLEAGGAHTDTQYF,TRBV6-1,TRBJ2-3,bacterial
CASLEGGSYTF,TRBV7-2,TRBJ2-5,viral
CASLFAGELFF,TRBV7-2,TRBJ2-2,viral
CASLGAQNNEQF,TRBV12,TRBJ2-1,cancer
CASLGDEQFF,TRBV7-9,TRBJ2-1,viral
CASLGGGYPF,TRBV19-1,TRBJ1-2-1,viral
CASLGPTEQDSGANVLTF,TRBV7-6,TRBJ2-6,viral
CASLGTGFTGELFF,TRBV25-1,TRBJ2-2,bacterial
CASLGTGTSGSYEQYF,,TRBJ2-7,autoimmune
CASLIVPWGTSGTTDTQYF,TRBV7-2,TRBJ2-5,viral
CASLLLGTAAEAF,TRBV3,TRBJ1-1,viral
CASLPAGGGETQYF,TRBV7-9,TRBJ2-5,viral
CASLPDRSSHEQYF,TRBV7-9,TRBJ2-7,viral
CASLPGRATEAFF,TRBV7-9,TRBJ1-1,viral
CASLPGRTEAF,TRBV7-9,TRBJ1-1,cancer
CASLPPGLAFNEQFF,TRBV7-9,TRBJ2-1,viral
CASLPSVGKGAYEQYF,TRBV28,TRBJ2-7,viral
CASLQAGANEQF,TRBV6-1,TRBJ2-1,viral
CASLSGGGEQF,TRBV6-1,TRBJ2-1,viral
CASLSPIRDRGTGELF,TRBV11-2,TRBJ2-2,viral
CASLVASGQETQYF,TRBV6-1,TRBJ2-5,viral
CASLWTGETYEQYF,TRBV2,TRBJ2-7,cancer
CASMDGSGIYNEQF,TRBV27,TRBJ2-1,cancer
CASMEENTGELFF,,,viral
CASMEISGGAVKNIQYF,TRBV6,TRBJ2-4,cancer
CASMGAGHTDTQYF,TRBV19,TRBJ2-3,bacterial
CASMGGANTEAF,TRBV27,TRBJ1-1,viral
CASMGGSNEQFF,TRBV28,,viral
CASMGLAQETQYF,TRBV3-1,TRBJ1-2,viral
CASMGLPGYEQF,TRBV27,TRBJ2-1,viral
CASMGLVGGTDTQYF,TRBV19,TRBJ2-3,viral
CASMGTTYNEQFF,TRBV7-9,TRBJ2-1,viral
CASMKYEAFF,TRBV6-1,TRBJ1-1,viral
CASMNDGATYEQYF,TRBV9,TRBJ2-7,viral
CASMPDRKNTIYF,TRBV7-9,TRBJ1-3,viral
CASMRTSAPDTQYF,,TRBJ2-3,autoimmune
CASMTGQKNSPLHF,TRBV6-1/6-5/6-6,TRBJ1-6,viral
CASMTGTEAFF,TRBV7-9,TRBJ1-1,viral
CASMVGQGTGELFF,TRBV6-5,,viral
CASNAPGLDPAGELFF,TRBV4-2,TRBJ2-2,viral
CASNARVNTEAFF,TRBV6-1,TRBJ1-1,bacterial
CASNDREDTEAFF,TRBV12-3/12-4,TRBJ1-1,viral
CASNGGLAYEQYF,TRBV6-3,TRBJ2-7,viral
CASNGQAWTYEQYF,TRBV6-2/6-3,TRBJ2-7,viral
CASNGRDTGELFF,TRBV6-1,TRBJ2-2,bacterial
CASNIAGDYGYTF,TRBV12-3,TRBJ2-3,viral
CASNIRENQPQHF,TRBV6-6,TRBJ1-5,bacterial
CASNLGGVNTEAFF,TRBV27,TRBJ01-1,autoimmune
CASNLRGQETQYF,TRBV12-3,TRBJ2-5,viral
CASNLRVTSGGPRTDTQYF,TRBV11-2,TRBJ2-3,viral
CASNNGKYEQYF,TRBV28,TRBJ2-7,viral
CASNNGWNQETQYF,TRBV7-2,TRBJ2-5,cancer
CASNPAGHNEQFF,TRBV7-6,TRBJ2-1,viral
CASNPAGQLETQYF,TRBV7-8,TRBJ2-5,viral
CASNPGGLGTEAFF,TRBV6-1/6-5/6-6,TRBJ1-1,viral
CASNPGQGDEQYF,TRBV7-9,TRBJ2-7,viral
CASNPGRGNQPQHF,TRBV6-6,TRBJ1-5,viral
CASNPGTSNEQF,TRBV4-1,TRBJ2-1,viral
CASNPPRANTGELFF,TRBV7-9,TRBJ2-2,viral
CASNPSGGYTGELF,TRBV27,TRBJ2-2,viral
CASNPTGGLETQYF,TRBV6-1/6-5/6-6,TRBJ2-5,viral
CASNPVFAAGGETQYF,TRBV6-2/3,TRBJ2-5,viral
CASNPVQGAVNEQF,TRBV7-9,TRBJ2-1,cancer
CASNQGGAHEQYF,TRBV7-8,TRBJ2-7,viral
CASNQGNPDTQYF,TRBV6-1,TRBJ2-3,bacterial
CASNQSPGGTQYF,TRBV14,TRBJ2-3,viral
CASNRDSQETQYF,TRBV6-1,TRBJ2-5,bacterial
CASNRESAYTF,TRBV5-5,,viral
CASNSADPEAFF,TRBV28,TRBJ1-1,viral
CASNSGGDLDTQYF,TRBV5-1,TRBJ2-3,bacterial
CASNSLTGELFF,TRBV7-9,TRBJ2-2,viral
CASNSPGQSYYEQYF,TRBV7-9,TRBJ2-7,viral
CASNSQGLHNEQFF,TRBV6-5,TRBJ2-1,bacterial
CASNSREVYGYTF,TRBV19,TRBJ1-2,viral
CASNSSGTGAYEQYF,TRBV7-6,TRBJ2-7,viral
CASNTGGANTDTQYF,TRBV7-9,TRBJ2-3,viral
CASNTGTDSYEQYF,TRBV11-2,TRBJ2-7,viral
CASNWQGPYNEQFF,TRBV14,TRBJ2-1,viral
CASPEAATGGGETQYF,TRBV2,TRBJ2-5,viral
CASPGGGTYYGYPF,TRBV6-1-1,TRBJ1-2-1,viral
CASPHPDRPNYGYTF,TRBV7-9,TRBJ1-2,viral
CASPLIEETIPYEQYF,TRBV7-9,TRBJ2-7,viral
CASPLWQPQHF,TRBV07,TRBJ01-5,autoimmune
CASPPAVSYEQYF,TRBV18,TRBJ2-7,viral
CASPPLGGGYNEQFF,TRBV19-1,TRBJ2-1-1,viral
CASPPLSGTGHVRGYTF,TRBV28,TRBJ1-2,viral
CASPRDREDGYTF,TRBV7-9,TRBJ1-2,viral
CASPRQSPLHF,TRBV6-5,TRBJ1-6,viral
CASPTADTQYF,TRBV6-1,TRBJ2-3,autoimmune
CASPTVPDHTDTQYF,TRBV6-5,TRBJ2-3,viral
CASQAGTSGSNEQFF,TRBV27,TRBJ2-1,bacterial
CASQDFLSSGAYNEQFF,,,viral
CASQDFYNEQFF,TRBV5-6,TRBJ2-1,viral
CASQDTNSYEQYF,TRBV6-6,TRBJ2-7,viral
CASQGDTDTQYF,TRBV9,TRBJ2-3,viral
CASQGGEIGNNEQF,TRBV19,,viral
CASQGPGLNGYTF,TRBV5-4,TRBJ1-2,viral
CASQLGQGVHGYGYTF,,,viral
CASQLSGGAVVETQYF,TRBV7,TRBJ2-5,cancer
CASQLTGAPNTEAFF,TRBV6-1/6-5/6-6,TRBJ1-1,viral
CASQLYSGGDQPQHF,TRBV7-2,TRBJ1-5,viral
CASQPGQKNTEAFF,TRBV6-1/6-5/6-6,TRBJ1-1,viral
CASQPGTNYEQYF,TRBV7-9,TRBJ2-7,viral
CASQPVGTDTQYF,TRBV15,TRBJ2-5,autoimmune
CASQSGFLSNSPLHF,TRBV19,TRBJ1-6,cancer
CASQTGAVTGELFF,TRBV27,TRBJ2-2,bacterial
CASRAAPNTEAFF,TRBV7-9,TRBJ1-1,viral
CASRAGEASTDTQYF,TRBV6-4,TRBJ2-3,bacterial
CASRAGFLSSYEQYF,TRBV27,TRBJ2-7,cancer
CASRAGGRTDTQYF,TRBV2,TRBJ2-3,bacterial
CASRAGRAYEQYF,TRBV19,TRBJ2-7,viral
CASRAGTSNTGELF,TRBV2,,viral
CASRALRGDNEQF,TRBV9,TRBJ2-1,viral
CASRAPGLANNEQF,TRBV28,TRBJ2-1,cancer
CASRARRPSNTIYF,TRBV12-3/4,TRBJ1-1,viral
CASRARSPNEQNF,TRBV19-1,TRBJ2-7-1,viral
CASRASGGTADTQYF,TRBV6-4,TRBJ2-3,bacterial
CASRASGLASNEQFF,TRBV7-9,TRBJ2-1,viral
CASRASNTGELFF,TRBV7-9,TRBJ2-2,viral
CASRASTGSGNTIYF,TRBV6-1,TRBJ1-3,viral
CASRATGGLGPEAFF,TRBV19-1,TRBJ1-1-1,viral
CASRCPDRGQGYEQYF,TRBV12-2,TRBJ2-7,viral
CASRDAGDYWEQYF,,TRBJ2-7,autoimmune
CASRDATGEPGELFF,TRBV25-1,TRBJ2-2,bacterial
CASRDGGGGNTGELFF,TRBV12-5,TRBJ2-2,viral
CASRDGTLSYNEQF,TRBV6,TRBJ2-1,cancer
CASRDGTPNTEAFF,TRBV6-1/6-5/6-6,TRBJ1-1,viral
CASRDLAGRIGHEQFF,TRBV6-5,TRBJ2-1,viral
CASRDLLQGAVQPQHF,TRBV6-1,TRBJ1-5,bacterial
CASRDNNQPQHF,TRBV6-6,TRBJ1-5,viral
CASRDPGGTEAFF,TRBV7-8,TRBJ1-1,viral
CASRDPYEQYF,TRBV12-3/4,TRBJ1-1,viral
CASRDQRDRVKTEAFF,TRBV19,TRBJ1-1,cancer
CASRDRAPSYEQYF,TRBV7-2,,viral
CASRDRGNTEAFF,TRBV7-6,TRBJ1-1,viral
CASRDRLVSYEQYF,TRBV6-2,TRBJ2-7,viral
CASRDRQSHEQY,TRBV6-1,TRBJ2-7,viral
CASRDRYYEQYF,TRBV7-9,TRBJ2-7,viral
CASRDSGGTEAFF,TRBV28,TRBJ01-1,autoimmune
CASRDTGTAHGYTF,TRBV12-3/12-4,TRBJ1-2,viral
CASRDTSGTAYEQYF,TRBV6-5,,viral
CASREDGTEAFF,TRBV6-1,,viral
CASREEGCQPQHF,TRBV14,TRBJ1-5,viral
CASREENTGELF,,TRBJ2-2,autoimmune
CASREGGQETQYF,TRBV4-2,TRBJ2-5,viral
CASREGGRTDTQYF,TRBV2,TRBJ2-3,bacterial
CASREGSGTEISGANVLTF,TRBV2,TRBJ2-6,autoimmune
CASREGSYNEQFF,TRBV6-5,TRBJ2-1,viral
CASREGSYPKNIQYF,TRBV27-1,TRBJ2-4-1,viral
CASREGYEQFF,TRBV29-1,TRBJ2-3,viral
CASREKGYDEQF,TRBV14,TRBJ2-7,viral
CASREKRDEQYF,TRBV7-9,TRBJ2-7,viral
CASRENTGELFF,TRBV6-5,TRBJ2-2,viral
CASREPSGRADEQFF,TRBV7-9,TRBJ2-3,viral
CASREQGSDTGELFF,TRBV6-2,TRBJ2-2,bacterial
CASRETGLNQPQHF,TRBV19,TRBJ1-5,viral
CASRETSTDTQYF,TRBV27,TRBJ2-3,viral
CASRETYEQYF,TRBV6-2,TRBJ2-7,viral
CASREVDSGAYEQYF,TRBV6-1,TRBJ2-7,bacterial
CASREWGDNEQFF,TRBV7-9,TRBJ2-1,viral
CASREWGGTDTQYF,TRBV5-1,TRBJ2-3,viral
CASRFQGFTEAF,TRBV28,TRBJ1-1,viral
CASRFRGRASSYEQYF,TRBV7-8,TRBJ2-7,viral
CASRFTSAGNEQF,,TRBJ2-1,autoimmune
CASRGADTGELF,TRBV7-3,TRBJ2-2,viral
CASRGDRDYEQYF,TRBV4-1,TRBJ2-7,viral
CASRGDRGMDGYTF,,TRBJ1-2,autoimmune
CASRGDYGYTF,TRBV9,TRBJ1-2,viral
CASRGEEGTQYF,TRBV7-9,TRBJ2-5,viral
CASRGEGNTEAFF,TRBV7-6,TRBJ1-1,viral
CASRGGGSPLHF,TRBV6-1-1,TRBJ1-6-2,viral
CASRGGGTEAFF,TRBV7-2,TRBJ1-1,viral
CASRGGPLTEAF,TRBV7-9,TRBJ1-1,viral
CASRGGSGELF,TRBV2,TRBJ2-2,viral
CASRGGTINTGELF,TRBV9,,viral
CASRGLAGEQYF,TRBV7-9,TRBJ2-7,viral
CASRGLAGTSDTQYF,,TRBJ2-3,autoimmune
CASRGLGGYTF,TRBV30,TRBJ1-2,viral
CASRGLKGPGQPQHF,TRBV28,TRBJ1-5,viral
CASRGQGDTEAFF,TRBV4-3,TRBJ1-1,viral
CASRGQGNQPQHF,TRBV19,TRBJ1-5,cancer
CASRGQVSSQETQYF,TRBV2,TRBJ2-5,viral
CASRGRSSYEHYF,TRBV19-1,TRBJ2-7-1,viral
CASRGRSSYEQYF,TRBV19-1,TRBJ2-7-1,viral
CASRGSGELFF,TRBV12-3,TRBJ2-2,viral
CASRGSGNEQFF,TRBV27,TRBJ2-1,cancer
CASRGSGSYNEQFF,TRBV03,TRBJ02-1,autoimmune
CASRGSGVYEQYF,TRBV6-2/3,TRBJ2-7,viral
CASRGSLNQPQHF,TRBV2-1,TRBJ1-5-1,viral
CASRGTGESPLHF,TRBV14-1,TRBJ1-6,viral
CASRGTGIGTGELFF,TRBV19,TRBJ2-2,viral
CASRGTGVHEQYF,TRBV6-2/3,TRBJ2-7,viral
CASRGWGGPSEQYF,TRBV7-2,TRBJ2-7,viral
CASRGWTGPVETQYF,TRBV25-1,TRBJ2-5,cancer
CASRGYSYEQY,TRBV2,TRBJ2-7,autoimmune
CASRHEGGNNEQFF,TRBV5-4,TRBJ2-1,viral
CASRHNTQASHEQYF,TRBV7-9,TRBJ2-7,viral
CASRHPLQGKSGYGYTF,TRBV10-2,TRBJ1-2,viral
CASRHSGGSNEKLFF,TRBV4-2,TRBJ1-4,viral
CASRIDSNQPQHF,TRBV1-1,TRBJ1-5-1,viral
CASRIGAAGNSPLHF,TRBV27,TRBJ1-6,viral
CASRIGGAPNNEQF,TRBV27,TRBJ2-1,viral
CASRIGINGYPF,TRBV19-1,TRBJ1-2-1,viral
CASRIGIYGYPF,TRBV19-1,TRBJ1-2-1,viral
CASRIGLASGYNEQFF,TRBV27,TRBJ2-1,viral
CASRIGPGTDTQYF,TRBV27,TRBJ2-3,viral
CASRILAGGIYEQYF,TRBV2,TRBJ2-7,cancer
CASRINPGGADEAFF,TRBV19,TRBJ1-1,viral
CASRIQETQYF,TRBV7-8,TRBJ2-5,viral
CASRIREEGTEAFF,TRBV6-1,TRBJ1-1,bacterial
CASRIRGSYEQYF,TRBV19-1,TRBJ2-7-1,viral
CASRISYEQYF,TRBV6-2/TRBV6-3,TRBJ2-7,cancer
CASRIWGGADTQYF,TRBV5-1,TRBJ2-3,viral
CASRIWYIRNEETQYF,TRBV7-8-1,TRBJ2-5-1,viral
CASRKDNGVAGELFF,TRBV28,TRBJ2-2,viral
CASRKGGSDTQYF,TRBV14,TRBJ2-3,viral
CASRKGGSSYNEQFF,TRBV12-3,TRBJ1-1,viral
CASRKGIQETQYF,TRBV27,TRBJ2-5,viral
CASRKGQGDWEAF,TRBV6-5,TRBJ1-1,viral
CASRKRGTAPQFF,TRBV19-1,TRBJ2-3-1,viral
CASRKRSSEAQYF,TRBV19-1,TRBJ2-5-1,viral
CASRKSPQATNEKLFF,TRBV19,TRBJ1-4,cancer
CASRKTGGGEAF,TRBV7-3,TRBJ1-1,viral
CASRKTGGGTEAF,TRBV7-3,TRBJ1-1,viral
CASRKTVTAYNSPLHF,TRBV6-5,TRBJ1-6,viral
CASRLAGETQYF,TRBV19,TRBJ2-5,cancer
CASRLAGGGGEQFF,TRBV7-9,TRBJ2-1,viral
CASRLAGGPGDTQYF,,TRBJ2-3,autoimmune
CASRLAGGSDEQFF,TRBV4-1,TRBJ2-1,viral
CASRLALDGELFF,TRBV11-1,TRBJ2-2,bacterial
CASRLATLVGNEQF,TRBV6,TRBJ2-1,cancer
CASRLDTAAYEQYF,TRBV14,TRBJ2-7,viral
CASRLEFYEQYF,TRBV7-9,TRBJ2-7,viral
CASRLFSTSGIYEQYF,TRBV7-2,TRBJ2-7,viral
CASRLGAAGSQPQHF,TRBV7-9,TRBJ1-5,viral
CASRLGAAYGYTF,,TRBJ1-2,autoimmune
CASRLGAGGPPDTQYF,TRBV27,TRBJ2-3,viral
CASRLGETQYF,TRBV6-2,TRBJ2-5,viral
CASRLGLAGGINEQF,TRBV27,TRBJ2-1,viral
CASRLGLAGGINEQFF,TRBV27,TRBJ2-1,viral
CASRLGLGYEQYF,TRBV9,TRBJ2-7,viral
CASRLGPGQPYEQYF,TRBV7-9,TRBJ2-7,viral
CASRLGPGQPYERYF,TRBV7-9,TRBJ2-7,viral
CASRLGQGRRDEQFF,TRBV7-2,TRBJ2-1,viral
CASRLGRLAYEQYF,TRBV6-5,TRBJ2-7,viral
CASRLGTDHEQYF,TRBV7-9,TRBJ2-7,viral
CASRLHPGHMSYTF,TRBV27,TRBJ1-2,viral
CASRLIGGGTEAF,TRBV7-2,TRBJ1-1,viral
CASRLKDSDSQPQHF,TRBV4-1,TRBJ1-5,viral
CASRLLAGGRSAQYTF,TRBV27,TRBJ2-5,viral
CASRLLGGGQETQYF,TRBV7-6,TRBJ2-5,viral
CASRLLGPSTFFYGYTF,TRBV7-9,TRBJ1-2,viral
CASRLQGINEKLF,TRBV12-4,TRBJ1-4,viral
CASRLQGLGSPLHF,TRBV28,TRBJ1-6,cancer
CASRLQGYNEQFF,TRBV25-1,TRBJ2-1,bacterial
CASRLRASNTEAFF,TRBV28,TRBJ1-1,viral
CASRLRNEQFF,TRBV7-9,TRBJ2-1,viral
CASRLRRAGGDRELFF,TRBV7-8,TRBJ2-2,viral
CASRLSLFIGSGGYEQYF,TRBV28,TRBJ2-7,cancer
CASRLTGEKQETQYF,TRBV5-1,TRBJ2-5,viral
CASRLTGGSTEAF,,TRBJ1-1,autoimmune
CASRLTNGADTQYF,TRBV4-3,TRBJ2-3,viral
CASRLVQGRAFYEQYF,TRBV7-9,TRBJ2-7,viral
CASRLWFWALEAF,TRBV6,TRBJ1-1,cancer
CASRLYSGGDKEQYF,TRBV7-2,TRBJ2-7,viral
CASRMNTEAF,TRBV19-1,TRBJ1-1,cancer
CASRMPGSNEQFF,TRBV19,TRBJ02-1,autoimmune
CASRMQGRDNEQF,TRBV5-1,TRBJ2-1,viral
CASRMTSGRGETQYF,,TRBJ2-5,autoimmune
CASRNEWETQYF,TRBV7-9,TRBJ2-5,viral
CASRNSGRFETQYF,TRBV7-9,TRBJ2-5,viral
CASRPDGRETQYF,TRBV12-3,,viral
CASRPDRDNNYGFGF,TRBV7-9,TRBJ1-2,viral
CASRPDRGHTQYF,TRBV7-9,TRBJ2-5,viral
CASRPDRGNTQYF,TRBV7-9,TRBJ2-5,viral
CASRPDRSHEQYF,TRBV7-9,TRBJ2-7,viral
CASRPDSGDSMAQHF,TRBV12-3,TRBJ1-5,viral
CASRPEGGSTEAF,TRBV6,TRBJ1-1,cancer
CASRPERDNNCF,TRBV7-9,TRBJ2-4,viral
CASRPEWPDYGYTF,TRBV7-8,TRBJ1-2,viral
CASRPFVNTEAF,TRBV6-5,TRBJ1-1,viral
CASRPGHDSGYYGYTF,TRBV19,TRBJ1-2,viral
CASRPGLAGGRPEQYF,,,viral
CASRPGLASNEQF,TRBV4-3,TRBJ2-1,viral
CASRPGNTGELFF,TRBV4-1,TRBJ2-2,viral
CASRPGQGATEAF,TRBV6-5,TRBJ1-1,viral
CASRPGQGGYEQYF,TRBV27,TRBJ2-7,viral
CASRPGQGVYEQYF,TRBV12-3,TRBJ2-7,viral
CASRPGQGYEQYF,TRBV19,TRBJ2-7,viral
CASRPGSRETDTQYF,TRBV6-6,TRBJ2-3,viral
CASRPGTDITGRELFF,TRBV7-9,TRBJ2-2,viral
CASRPGTGVGNEQFF,TRBV14,TRBJ2-1,viral
CASRPGTSGRNNEQFF,TRBV7-9,TRBJ2-1,viral
CASRPIGGAQETQYF,TRBV5-1,TRBJ2-5,viral
CASRPLAGGPITYEQYF,TRBV6-2/6-3,TRBJ2-7,viral
CASRPLEDTQYF,TRBV2,TRBJ2-3,autoimmune
CASRPLLETYDQPL,TRBV2-7-1,,viral
CASRPLPRSTEAFF,TRBV7-2,TRBJ1-1,viral
CASRPMRTSYEQYF,TRBV3,TRBJ2-7,cancer
CASRPNEGPYEQYF,TRBV19,TRBJ2-7,viral
CASRPNRDSNYGYTF,TRBV7-9,TRBJ1-2,viral
CASRPPDTGELF,TRBV7-3,TRBJ2-2,viral
CASRPPGLTEQYF,TRBV6-2/6-3,TRBJ2-7,viral
CASRPPGSTYNEQF,,TRBJ2-1,autoimmune
CASRPPGTGQEQYF,TRBV28,TRBJ2-7,viral
CASRPPPAGQKETQYF,TRBV2-1,TRBJ2-5-1,viral
CASRPQGANEKLF,TRBV30,TRBJ1-4,viral
CASRPQGLGQPQHF,TRBV6,TRBJ1-5,cancer
CASRPQGRDNEQF,TRBV12-4,TRBJ2-1,viral
CASRPQGRDQPQHF,TRBV12-4,TRBJ1-5,viral
CASRPQGREETQYF,TRBV12-4,TRBJ2-5,viral
CASRPQGSYEQYF,TRBV13,TRBJ2-7,viral
CASRPRGASVLYEQYF,TRBV6-6,TRBJ2-7,viral
CASRPRQGNLIDEQFF,TRBV9,TRBJ2-1,viral
CASRPRRAEGDRELFF,TRBV7-8,TRBJ2-2,viral
CASRPRRAGGDQELFF,TRBV7-8,TRBJ2-2,viral
CASRPRRAGGDRELFF,TRBV7-8,TRBJ2-2,viral
CASRPRRAGGDRELLF,TRBV7-8,TRBJ2-2,viral
CASRPRRAGGDRGLFF,TRBV7-8,TRBJ2-2,viral
CASRPRRAGGDRKLFF,TRBV7-8,TRBJ2-2,viral
CASRPSGQLDEQF,TRBV7-8,TRBJ2-1,viral
CASRPSTGNSYEQYF,TRBV12-3,TRBJ2-7,bacterial
CASRPTDSHQPQHF,,TRBJ1-5,autoimmune
CASRPTGGAGGTDTQYF,TRBV7-6,TRBJ2-3,viral
CASRPTGGFDNSPLHF,TRBV28,TRBJ1-6,viral
CASRPTGQLETQYF,TRBV7-2,TRBJ2-5,viral
CASRPTLYSNQPQHF,TRBV28,TRBJ1-5,viral
CASRPTPEVGRAGSTDTQYF,TRBV25-1,TRBJ2-3,bacterial
CASRPTSGPSYEQYF,TRBV14,TRBJ2-7,viral
CASRPTTGLKLFF,TRBV1-4-1,TRBJ1-1,viral
CASRQALPYEQYF,TRBV12-4,TRBJ2-7,viral
CASRQASEQYF,TRBV28,TRBJ2-7,viral
CASRQGAGGNQPQHF,TRBV7-9,TRBJ1-5,viral
CASRQGAGGVYNEQFF,TRBV27,TRBJ2-1,viral
CASRQGDGANVLTF,TRBV7-2,TRBJ2-6,viral
CASRQGLDTQYF,TRBV25-1,TRBJ2-3,viral
CASRQGRGDTEAFF,TRBV4-2,TRBJ1-1,viral
CASRQNIRAGDTDTQYF,TRBV25-1,TRBJ2-3,bacterial
CASRQQGLGSPLHF,TRBV28,TRBJ1-6,cancer
CASRQQGTNEKLFF,TRBV7-9,TRBJ1-4,viral
CASRQSNSGNTIYF,TRBV5-1,TRBJ1-3,bacterial
CASRQSPGGTQYF,TRBV14,TRBJ2-3,viral
CASRQTGAAYGYTF,TRBV6,TRBJ1-2,viral
CASRQTGGWETQYF,TRBV7-9,TRBJ2-5,viral
CASRQTLSSGNTIYF,TRBV28,TRBJ1-3,viral
CASRRDLMNTEAF,TRBV6,TRBJ1-1,cancer
CASRRDPASYNEQFF,TRBV4-1,TRBJ2-1,viral
CASRRDRDMNTEAF,TRBV7-2,TRBJ1-1,viral
CASRRDRGQETQYF,TRBV7-2,TRBJ2-5,viral
CASRRDYSYNEQF,,TRBJ2-1,autoimmune
CASRREAGDTGELFF,TRBV6-4,TRBJ2-2,bacterial
CASRREVQETQYF,TRBV6-2,TRBJ2-5,bacterial
CASRRGFHQPQHF,TRBV27,TRBJ1-5,viral
CASRRGQGLSNQPQHF,TRBV12-3,TRBJ1-5,viral
CASRRGRDTGELFF,TRBV6-4,TRBJ2-2,bacterial
CASRRGSGMYEQFF,TRBV28,TRBJ2-1,cancer
CASRRGSTYNEQF,TRBV6-2/3,TRBJ2-1,viral
CASRRGTGGHTGELFF,TRBV7-8,TRBJ2-2,viral
CASRRGVRRDTGELFF,TRBV4-2,TRBJ2-2,viral
CASRRLAAYNEQFF,TRBV6-1,TRBJ2-1,viral
CASRRLAGTYEQYF,,TRBJ2-7,autoimmune
CASRRLAVGNEQF,TRBV13,TRBJ2-1,cancer
CASRRPGPNTGELFF,TRBV27,TRBJ02-2,autoimmune
CASRRQGMGNQPQHF,TRBV12-3,TRBJ1-5,autoimmune
CASRRQGRDNEQF,TRBV9,TRBJ2-1,viral
CASRRQIAGQPQHF,TRBV28,TRBJ1-5,viral
CASRRQVFNSPLHF,TRBV28,TRBJ1-6,viral
CASRRRESHAYEQYF,TRBV27,TRBJ2-7,viral
CASRRRGAMETQYF,,TRBJ2-5,autoimmune
CASRRRVDNEQFF,TRBV6-2,TRBJ2-1,viral
CASRRTDNGELFF,TRBV6-4,TRBJ2-2,bacterial
CASRRTTGANTEAFF,TRBV4-1,TRBJ1-1,viral
CASRRYEGTEAFF,TRBV4-1,TRBJ1-1,viral
CASRRYSGTGDTEAF,TRBV2-1,TRBJ1-1,autoimmune
CASRSASNEQFF,TRBV7-2,TRBJ2-1,viral
CASRSEETQYF,TRBV27,,viral
CASRSGAEAFF,TRBV19,TRBJ1-1,viral
CASRSGEMNTEAFF,TRBV6-6,TRBJ1-1,viral
CASRSGGPTDTQYF,TRBV6-2,TRBJ2-3,bacterial
CASRSGNQPQHF,TRBV28,TRBJ1-5,viral
CASRSGPGQPYEQYF,TRBV7-9,TRBJ2-7,viral
CASRSGREAFF,TRBV1-1,TRBJ1-1-1,viral
CASRSGRTNEKLF,TRBV6-5,TRBJ1-4,viral
CASRSGSLNTEAF,TRBV6,TRBJ1-1,cancer
CASRSGTRFNTGELFF,TRBV7-2,TRBJ2-2,viral
CASRSGTSNTGELF,TRBV10-3,,viral
CASRSGTYDNSPLHF,TRBV5-1,TRBJ1-6,viral
CASRSGVGNTIYF,TRBV2,TRBJ1-3,viral
CASRSKGGTTEAFF,TRBV12-3,TRBJ1-1,viral
CASRSLQGARTTFLYEQYF,TRBV27,TRBJ02-7,autoimmune
CASRSPDTGELF,TRBV7-3,TRBJ2-2,viral
CASRSPLGYEQYF,TRBV7-8,TRBJ2-7,viral
CASRSPQETQYF,TRBV27,,viral
CASRSPSGGSYNEQFF,TRBV7-8,TRBJ2-1,viral
CASRSRLAGVSGELFF,TRBV7-8,TRBJ2-2,viral
CASRSSDPYEQYF,TRBV19-1,TRBJ2-7-1,viral
CASRSSGAFNEQFF,TRBV12-3,TRBJ2-1,viral
CASRSSREEQF,TRBV2,TRBJ2-1,cancer
CASRSTSGGETQYF,TRBV25-1,TRBJ2-5,bacterial
CASRSVGTRSYEQYF,TRBV6-5,TRBJ2-7,viral
CASRSWQAGELFF,TRBV19,TRBJ2-2,autoimmune
CASRTAGNEQFF,TRBV12-3,TRBJ2-1,autoimmune
CASRTAGVYNEQFF,TRBV12-3,TRBJ2-1,viral
CASRTDRDTGELFF,TRBV6-4,TRBJ2-2,bacterial
CASRTDRGNTGELFF,TRBV7-9,TRBJ2-2,viral
CASRTGAANIYEQHF,TRBV7-9,TRBJ2-7,viral
CASRTGAANIYEQYF,TRBV7-9,TRBJ2-7,viral
CASRTGASQPQHF,TRBV27,TRBJ1-5,viral
CASRTGGAGEAF,,TRBJ1-1,autoimmune
CASRTGGEETQYF,TRBV6-2/3,TRBJ2-5,viral
CASRTGGRADTQYF,TRBV2,TRBJ2-3,bacterial
CASRTGISNTGELF,TRBV2,,viral
CASRTGPDTQYF,TRBV04,TRBJ01-5,autoimmune
CASRTGRTEAFF,TRBV6-5,TRBJ1-1,viral
CASRTGTGAFYEQYF,TRBV6-2,TRBJ2-7,viral
CASRTGTGGHEQFF,TRBV7-8,TRBJ2-1,viral
CASRTGTGNLYEQYF,TRBV27,TRBJ2-7,viral
CASRTGTGSYRQYF,TRBV27,TRBJ2-7,viral
CASRTGTRALYEQYF,TRBV6-2,TRBJ2-7,viral
CASRTGTSNTGELF,TRBV2,,viral
CASRTGYTEAFF,TRBV29-1,TRBJ2-5,viral
CASRTIDSSYNEQFF,TRBV6-1/6-5/6-6,TRBJ2-1,viral
CASRTPGQGPLALGNEQFF,TRBV27,TRBJ2-1,autoimmune
CASRTQRWETQYF,TRBV27,TRBJ2-5,viral
CASRTRGAGEAF,,TRBJ1-1,autoimmune
CASRTRPAYERDF,TRBV19-1,TRBJ2-7-1,viral
CASRTRSAYEQYF,TRBV19-1,TRBJ2-7-1,viral
CASRTSGDDRTDTQYF,TRBV7-9,TRBJ2-3,viral
CASRTSGDYEQYF,TRBV6-2/3,TRBJ2-7,viral
CASRTSGEETQYF,TRBV6-2/3,TRBJ2-5,viral
CASRTSGGHEQF,TRBV6-2/3,TRBJ2-1,viral
CASRTSGGPADTQYF,TRBV6-2,TRBJ2-3,viral
CASRTSRQGIPEAFF,TRBV12-3,TRBJ1-1,viral
CASRTVNSPLHF,TRBV19,TRBJ1-6,viral
CASRVGGAGNNEQFF,TRBV25-1,TRBJ2-1,viral
CASRVGGAGNSPLHF,TRBV7-9,TRBJ1-6,viral
CASRVGLAGNNEQF,TRBV27,TRBJ2-1,viral
CASRVGPNYEQYF,TRBV22,TRBJ2-7,cancer
CASRVGQNLYNEQF,TRBV12,TRBJ2-1,autoimmune
CASRVNRGGEQYF,TRBV7-9,TRBJ2-7,viral
CASRVQGRDNEQF,TRBV12-4,TRBJ2-1,viral
CASRVTGELF,TRBV7-2,TRBJ2-2,cancer
CASRVVGHPQHF,TRBV28,TRBJ1-5,viral
CASRWGLAGELFF,TRBV6-2/6-3,TRBJ2-2,viral
CASRWGLGGELFF,TRBV6-2/6-3,TRBJ2-2,viral
CASRWGQGPSYEQYF,TRBV7-8,TRBJ2-7,viral
CASRWGQLTNYGYF,TRBV19,TRBJ1-2,cancer
CASRWGQLTNYGYTF,TRBV19,TRBJ1-2,cancer
CASRWSGGGARDPQYF,TRBV7-9,TRBJ2-3,viral
CASRWSGGGARDTQNF,TRBV7-9,TRBJ2-3,viral
CASRWTGFSEQFF,TRBV27,TRBJ2-3,viral
CASRWTGQLDEQF,TRBV11-2,TRBJ2-1,viral
CASRWTSGGNEQFF,TRBV6-1/6-5/6-6,TRBJ2-1,viral
CASRYQGLGQPQHF,TRBV28,TRBJ1-5,cancer
CASRYRDDSYNEQF,TRBV7-9,TRBJ2-1,viral
CASRYRDSLPQHF,TRBV6-2/6-3,TRBJ1-5,viral
CASRYRNGHEQYF,TRBV04,TRBJ02-2,autoimmune
CASRYRQGATGLAGYNEQFF,TRBV6-6,TRBJ2-1,viral
CASSAAGALGYTF,TRBV7-3,TRBJ1-2,viral
CASSAAGAVETQYF,TRBV14,TRBJ2-5,viral
CASSAAGNQPQHF,TRBV6-2,TRBJ1-5,viral
CASSAANTGELFF,TRBV9,TRBJ2-2,viral
CASSAAQQDQPQHF,TRBV25-1,TRBJ1-5,bacterial
CASSAASTTQGGTDTQYF,TRBV25-1,TRBJ2-3,bacterial
CASSAATPNTEAFF,TRBV6-2/6-3,TRBJ1-1,viral
CASSADAYENTIYF,TRBV6-1,TRBJ1-3,bacterial
CASSADGIGEQYF,TRBV7-2,TRBJ2-7,viral
CASSADGILNTEAF,TRBV19,TRBJ2-7,viral
CASSADGMNTEAF,TRBV10-2,TRBJ1-1,viral
CASSADGSFYEQYF,TRBV9,TRBJ2-7,viral
CASSADGYSGNTIYF,TRBV27,TRBJ1-3,cancer
CASSADRASAEAFF,TRBV19,TRBJ1-1,bacterial
CASSADRDRGLDTGELFF,TRBV7-9,TRBJ2-2,viral
CASSADRDTGELFF,TRBV25-1,TRBJ2-2,bacterial
CASSAEAGGLSEQYF,TRBV6-1,TRBJ2-7,bacterial
CASSAEGDLSYNEQFF,TRBV9,TRBJ2-1,viral
CASSAEGPGLDTDTQYF,,TRBJ2-3,autoimmune
CASSAESPGTYTYNEQFF,TRBV7-6,TRBJ2-1,viral
CASSAFFEDTEAF,,TRBJ1-1,autoimmune
CASSAFLTTPGGKSLNEQFF,TRBV25-1,TRBJ2-1,bacterial
CASSAFTGADTQYF,TRBV9,TRBJ2-3,autoimmune
CASSAGASDTDTQYF,TRBV6-4,TRBJ2-3,bacterial
CASSAGAYEQYF,TRBV25-1,TRBJ2-7,viral
CASSAGDEQYF,TRBV25-1,TRBJ2-7,viral
CASSAGDRTYEQYF,TRBV6-5,TRBJ2-7,viral
CASSAGEAGELFF,TRBV6-4,TRBJ2-2,bacterial
CASSAGELF,,TRBJ2-2,autoimmune
CASSAGGANTGELFF,TRBV6-4,TRBJ2-2,bacterial
CASSAGGGSYNEQFF,TRBV4-1,TRBJ2-1-1,viral
CASSAGGSYEQYF,TRBV7-8,TRBJ2-7,viral
CASSAGGTPDQPQHF,TRBV9,TRBJ1-5,viral
CASSAGIRTEAFF,TRBV5-1,TRBJ1-1,viral
CASSAGLAASTDTQYF,TRBV11-3,TRBJ2-3,viral
CASSAGLAGGIQETQYF,TRBV5-6,TRBJ2-5,viral
CASSAGLAGGQDTQYF,TRBV7-2,TRBJ2-3,viral
CASSAGLAPYNEQFF,TRBV11-2,TRBJ2-1,autoimmune
CASSAGLLGEQYF,TRBV6-5,TRBJ2-7,viral
CASSAGNTGELFF,TRBV6-4,TRBJ2-2,bacterial
CASSAGPGQYGNTIYF,TRBV2,TRBJ1-3,viral
CASSAGQESYEQYF,TRBV9,TRBJ2-7,viral
CASSAGQGKNIQYF,TRBV7-2,TRBJ2-4,viral
CASSAGQGLNEQFF,TRBV25-1,TRBJ2-1,bacterial
CASSAGQGVTYEQYF,TRBV2,TRBJ2-7,viral
CASSAGQGYEQYF,TRBV6-4,TRBJ2-7,viral
CASSAGQVSPGELFF,TRBV2-1,TRBJ2-2-1,viral
CASSAGRLEAFF,TRBV7-9,TRBJ1-1,viral
CASSAGRTDTQYF,TRBV25-1,TRBJ2-3,bacterial
CASSAGSGSGYNEQFF,TRBV9-1,TRBJ2-1-1,viral
CASSAGSQGVTEAFF,TRBV7-6,TRBJ1-1,viral
CASSAGSYGYTF,TRBV19,TRBJ2-7,viral
CASSAGTAYNEQFF,TRBV28,TRBJ2-1,viral
CASSAGTGAYEQYF,TRBV9,TRBJ2-7,viral
CASSAGTGGYEQYF,TRBV27,TRBJ2-7,viral
CASSAGTGHTGELFF,TRBV6-1,TRBJ2-2,bacterial
CASSAGTGIYDEAF,TRBV7-9,TRBJ1-1,viral
CASSAGTGIYDGAF,TRBV7-9,TRBJ1-1,viral
CASSAGTGKTQYF,TRBV7-8,TRBJ2-5,viral
CASSAGTGYNEQFF,TRBV7-9,TRBJ2-1,viral
CASSAGTPGDTQYF,TRBV6-1/6-5/6-6,TRBJ2-3,viral
CASSAGTPLYYGYTF,TRBV19,TRBJ1-2,viral
CASSAGTSGGDNEQFF,TRBV6-4,TRBJ2-1,bacterial
CASSAGTVDTIYF,TRBV7-2,TRBJ1-3,viral
CASSAGTVSYEQYF,TRBV6-1,TRBJ2-7,viral
CASSAGVERTQTYEQYF,TRBV2,TRBJ2-7,bacterial
CASSAHPSSGTYNEQFF,TRBV11-3,TRBJ2-1,autoimmune
CASSAHQGSSTEAFF,TRBV25-1,TRBJ1-1,bacterial
CASSAHRGDTGELFF,TRBV25-1,TRBJ2-2,bacterial
CASSAHSGTGAEEQYF,TRBV25-1,TRBJ2-7,bacterial
CASSAIGGAYEQYF,TRBV9,TRBJ2-7,viral
CASSAIQGARVEAFF,TRBV25-1,TRBJ1-1,bacterial
CASSAKGGQGREQYF,TRBV25-1,TRBJ2-7,bacterial
CASSAKILGTGDLPYNEQFF,TRBV25-1,TRBJ2-1,bacterial
CASSAKVQGGEKLFF,TRBV25-1,TRBJ1-4,bacterial
CASSALAGGGAATQYF,TRBV6-2,TRBJ2-5,bacterial
CASSALAGGYNEQFF,TRBV19,TRBJ2-1,viral
CASSALAGSSYNEQFF,TRBV11-2,TRBJ2-1,viral
CASSALDTQYF,TRBV7-9,TRBJ2-3,viral
CASSALGAGGDTQYF,TRBV19,TRBJ2-7,viral
CASSALGGGGTGELF,TRBV9,TRBJ2-2,viral
CASSALGGGTNEKLFF,TRBV25-1,TRBJ1-4,bacterial
CASSALGPGDNEQFF,TRBV7-4,TRBJ2-1,viral
CASSALQGPSQPQHF,TRBV7-8,TRBJ1-5,viral
CASSALSDTDTQYF,TRBV10-1,TRBJ2-3,viral
CASSALVLYATDTQYF,TRBV28,TRBJ2-3,viral
CASSANLGGGDYEQYF,TRBV4-1,TRBJ2-7,viral
CASSANRDGSSDTQYF,TRBV25-1,TRBJ2-3,bacterial
CASSAPDFNYGYTF,TRBV25-1,TRBJ1-2,bacterial
CASSAPDYSAYNEQFF,TRBV6-5,TRBJ2-1,viral
CASSAPGAGANVLTF,TRBV6-1,TRBJ2-6,viral
CASSAPGEMNTEAFF,TRBV25-1,TRBJ1-1,bacterial
CASSAPGGDEQFF,TRBV7-9,TRBJ2-1,viral
CASSAPGLAVGEQFF,TRBV7-8,TRBJ2-1,viral
CASSAPGLLEQHF,TRBV7-2,TRBJ2-7,viral
CASSAPGLLEQYF,TRBV7-6,TRBJ2-7,viral
CASSAPGLLNRTDTQYF,TRBV25-1,TRBJ2-3,bacterial
CASSAPGQGAGELFF,TRBV25-1,TRBJ2-2,bacterial
CASSAPGQNYGYTF,TRBV4-1,TRBJ1-2,viral
CASSAPGSTDTQYF,TRBV25-1,TRBJ2-3,bacterial
CASSAPRETQYF,TRBV25-1,TRBJ2-5,viral
CASSAPRTGELFF,TRBV7-9,TRBJ2-1,viral
CASSAQANQPQHF,TRBV25-1,TRBJ1-5,viral
CASSAQDGYTF,TRBV9,TRBJ1-2,viral
CASSAQFLFASGYTF,TRBV6,TRBJ1-2,cancer
CASSAQGAINTEAFF,TRBV6-1/6-5/6-6,TRBJ1-1,viral
CASSAQGAPNSPLHF,TRBV6-1/6-5/6-6,TRBJ1-6,viral
CASSAQGAYGYTF,TRBV6-5,TRBJ1-2,viral
CASSAQGDSYEQYF,TRBV4-3,TRBJ2-7,viral
CASSAQGFGELF,TRBV9-1,TRBJ2-2,cancer
CASSAQGGNEQYF,TRBV6-1/6-5/6-6,TRBJ2-7,viral
CASSAQGGNTEAFF,TRBV27,TRBJ1-1,autoimmune
CASSAQGNSNQPQHF,TRBV7-6,TRBJ1-5,viral
CASSAQGPYGYTF,TRBV7-9,TRBJ1-2,viral
CASSAQPGELFF,TRBV7-2,TRBJ2-2,viral
CASSAQREHNYGYTF,TRBV25-1,TRBJ1-2,bacterial
CASSAQTGASYGYTF,TRBV6-1,TRBJ1-2-1,viral
CASSAQTGGRPLHF,TRBV7-2,TRBJ1-6,viral
CASSARADTGELFF,TRBV6-4,TRBJ2-2,bacterial
CASSARDGSMYF,TRBV7-9,TRBJ2-3,viral
CASSARDPSTDTQYF,TRBV10-1,TRBJ2-3,bacterial
CASSARDSPYEQYF,TRBV25-1,TRBJ2-7,bacterial
CASSARGGDTGELFF,TRBV6-4,TRBJ2-2,bacterial
CASSARGGTDTQYF,TRBV6-5,TRBJ2-3,viral
CASSARGLAGETNTDTQYF,TRBV9,TRBJ2-3,viral
CASSARLGQPQHF,,,viral
CASSARQGIDTGELF,TRBV7-9,TRBJ2-2,viral
CASSARQGIDTGELFF,TRBV7-9,TRBJ2-2,viral
CASSARQGWYEQYF,TRBV1,TRBJ2-7,autoimmune
CASSARRGNTEAFF,TRBV19,TRBJ1-1,cancer
CASSARSAETQYF,TRBV19,TRBJ2-7,viral
CASSARSAYEQYF,TRBV19,TRBJ2-7,viral
CASSARSTDTQYF,TRBV19-2,TRBJ2-3-1,viral
CASSARSTGELFF,TRBV19,TRBJ2-2,viral
CASSARTGELF,TRBV27,TRBJ2-2,viral
CASSARTGELFF,TRBV9-1,TRBJ20-1,viral
CASSARVGNEQYF,TRBV19,TRBJ2-7,viral
CASSASAGPGDTQYF,TRBV7-7,TRBJ2-3,viral
CASSASGANYGYTF,TRBV7-2,TRBJ1-2,viral
CASSASGDTGELFF,TRBV6-4,TRBJ2-2,viral
CASSASGGAGNEQFF,TRBV12-3,TRBJ2-1,viral
CASSASGGEQYF,TRBV7-3,TRBJ2-7,viral
CASSASGGSYNEQFF,TRBV7-2,TRBJ2-1,viral
CASSASGGYNEQFF,TRBV6-4,TRBJ2-1,bacterial
CASSASGKGVTGELFF,TRBV7-8,TRBJ2-2,viral
CASSASGQAYEQYF,TRBV19,TRBJ2-7,viral
CASSASGRGVLETQYF,TRBV11-3,TRBJ2-5,autoimmune
CASSASGRYNEQF,TRBV19,TRBJ2-7,viral
CASSASGTGGEQYF,TRBV7-6,TRBJ2-7,viral
CASSASGTTHYEQYV,TRBV7-9,TRBJ2-7,viral
CASSASPGQINYGYTF,TRBV5-5,TRBJ1-2,bacterial
CASSASRGQGLEPQHF,TRBV6-1,TRBJ1-5,viral
CASSASSGSTDTQYF,TRBV6-1,TRBJ2-3,bacterial
CASSASTGEQETQYF,TRBV25-1,TRBJ2-5,bacterial
CASSASVIAGKLF,TRBV6-1,TRBJ1-4,viral
CASSASYEQYF,TRBV27,TRBJ2-7,autoimmune
CASSATGGSYNEQFF,TRBV7-8,TRBJ2-1,viral
CASSATGPSGNTIYF,TRBV25-1,TRBJ1-3,bacterial
CASSATGSSYNSPLHF,TRBV25-1,TRBJ1-6,bacterial
CASSATGSTYEQYF,TRBV18,TRBJ2-7,viral
CASSATGTGGYEQYF,TRBV6-5,TRBJ2-7,viral
CASSATSGGQETQYF,TRBV6-2,TRBJ2-5,bacterial
CASSATSGGTDTQYF,TRBV6-4,TRBJ2-3,bacterial
CASSATTGPMNTEAFF,TRBV25-1,TRBJ1-1,bacterial
CASSATYGYTF,TRBV19,TRBJ1-2,viral
CASSAVGTGWHEQYF,TRBV9,TRBJ2-7,viral
CASSAVLAGVDDEQYF,TRBV7-8,TRBJ2-7,viral
CASSAVTWEPQHF,TRBV6-1/6-5/6-6,TRBJ1-5,viral
CASSAVWDRGYNEQFF,TRBV11-2,TRBJ2-1,viral
CASSAWDNEQFF,TRBV4-3,TRBJ2-1,viral
CASSAWDRSSGANVLTF,TRBV14,TRBJ2-6,viral
CASSAWGNEQYF,,TRBJ2-7,autoimmune
CASSAWTGGDIQYF,TRBV27,TRBJ2-4,viral
CASSAWTVDTQYF,TRBV7-6,TRBJ2-3,viral
CASSAYDTDTQYF,TRBV9,TRBJ2-3,viral
CASSAYLGAGELFF,TRBV19,TRBJ2-2,viral
CASSAYNEQFF,TRBV9,TRBJ2-1,viral
CASSCAGGPRDEQYF,TRBV5-1,TRBJ2-7,viral
CASSCQTGAACGYTF,TRBV6-5,TRBJ1-2,viral
CASSDAENTEAFF,TRBV6-1,TRBJ1-1-1,viral
CASSDAGFRTQYF,TRBV10-1,TRBJ2-5,viral
CASSDAGGGMAEAFF,TRBV2-1,TRBJ1-1-1,viral
CASSDAGPGIGAQGYTF,TRBV25-1,TRBJ1-2,bacterial
CASSDAGTASYEQYF,TRBV6,TRBJ2-7,cancer
CASSDALLVSGGDPRNEQFF,TRBV25-1,TRBJ2-1,bacterial
CASSDAPNTEAFF,TRBV6-2/6-3,TRBJ1-1,viral
CASSDASGGGETQYF,TRBV6-1,TRBJ2-5,bacterial
CASSDASTDTQYF,TRBV6-4,TRBJ2-3,bacterial
CASSDATSGGSDTQYF,TRBV6-4,TRBJ2-3,bacterial
CASSDDAGGSYEQYF,TRBV6-1,TRBJ2-7,bacterial
CASSDDFEQGAYNEQFF,TRBV6-4,TRBJ2-1,bacterial
CASSDDGGSTDTQYF,TRBV6-4,TRBJ2-3,bacterial
CASSDDMYQETQYF,TRBV25-1,TRBJ2-5,bacterial
CASSDDNYNEQFF,TRBV6-4,TRBJ2-1,bacterial
CASSDDRRAFF,TRBV7-3,TRBJ1-1,viral
CASSDDRVRYGYTF,TRBV1-1,TRBJ1-2-1,viral
CASSDEAGGNGELFF,TRBV6-1,TRBJ2-2,bacterial
CASSDEAGGSTDTQYF,TRBV6-4,TRBJ2-3,bacterial
CASSDEDRVGGQPQHF,TRBV25-1,TRBJ1-5,bacterial
CASSDEFSNQPQHF,TRBV25-1,TRBJ1-5,bacterial
CASSDEGDRGGYEQYF,TRBV19,TRBJ2-7,viral
CASSDEGPLNYGYTF,TRBV10-1,TRBJ1-2,viral
CASSDEGSSTDTQYF,TRBV6-4,TRBJ2-3,bacterial
CASSDESGGASQYF,TRBV6-4,TRBJ2-3,bacterial
CASSDESWGEDEQFF,TRBV6-1,TRBJ2-1,viral
CASSDFSKGTDTQYF,TRBV6-1,TRBJ2-3,viral
CASSDFTGGEYEQYF,TRBV6-1/6-5/6-6,TRBJ2-7,viral
CASSDFYGPYEQYF,TRBV2,TRBJ2-7,viral
CASSDFYRDPLSNTEAFF,TRBV2,TRBJ1-1,bacterial
CASSDGDEENIQYF,TRBV28,TRBJ2-4,viral
CASSDGDRGEQFF,TRBV6-4,TRBJ2-1,bacterial
CASSDGDSAGRQYF,TRBV5-4,TRBJ2-7,viral
CASSDGDTGELFF,TRBV6-4,TRBJ2-2,bacterial
CASSDGEADTQYF,TRBV6-4,TRBJ2-3,bacterial
CASSDGEFYGYTF,TRBV2,TRBJ1-2,autoimmune
CASSDGETGELFF,TRBV6-1,TRBJ2-2,bacterial
CASSDGGAYNEQFF,TRBV6-4,TRBJ2-1,bacterial
CASSDGGDTGELFF,TRBV6-4,TRBJ2-2,bacterial
CASSDGGFGTDTQYF,TRBV25-1,TRBJ2-3,bacterial
CASSDGGGGADEQFF,TRBV6-4,TRBJ2-1,bacterial
CASSDGGGGHNEQFF,TRBV6-4,TRBJ2-1,bacterial
CASSDGGGPDTQYF,TRBV6-1,TRBJ2-3,bacterial
CASSDGGIGKQYF,TRBV22,TRBJ2-7,cancer
CASSDGGIHEQF,TRBV22,TRBJ2-1,cancer
CASSDGGISGYTF,TRBV22,TRBJ1-2,cancer
CASSDGGSPLHF,TRBV7-9,TRBJ1-6,viral
CASSDGGSSYNEQFF,TRBV6-4,TRBJ2-1,bacterial
CASSDGGTGGTDTQYF,TRBV6-4,TRBJ2-3,bacterial
CASSDGLAGAEQYF,TRBV6-4,TRBJ2-7,bacterial
CASSDGLRLNTEAFF,TRBV10-2,TRBJ1-1,bacterial
CASSDGPGSTRPEYF,TRBV2,TRBJ2-7,viral
CASSDGPPYEQYF,TRBV7-3,TRBJ2-7,viral
CASSDGQARNTGELFF,TRBV6-1,TRBJ2-2,viral
CASSDGQGRLGYTF,TRBV11-2,TRBJ1-2,viral
CASSDGQGVETQYF,TRBV6-1,TRBJ2-5,bacterial
CASSDGQPQHF,TRBV19-1,TRBJ1-5-1,viral
CASSDGRAGNEQFF,TRBV6-4,TRBJ2-1,bacterial
CASSDGRRADEQF,,TRBJ2-1,autoimmune
CASSDGSGGTDTQYF,TRBV6-4,TRBJ2-3,bacterial
CASSDGTAPYEQYF,TRBV5-1,TRBJ2-7,viral
CASSDGTDQETQYF,TRBV6-1,TRBJ2-5,viral
CASSDGTGELFF,TRBV6-4,TRBJ2-2,bacterial
CASSDGTGGADTQYF,TRBV6-4,TRBJ2-3,bacterial
CASSDGTGGDTQYF,TRBV6-4,TRBJ2-3,bacterial
CASSDGTGGILYEQYF,TRBV6-1,TRBJ2-7-1,viral
CASSDGTGVGLGYTF,TRBV11-2,TRBJ1-2,viral
CASSDGTQFF,TRBV25-1,TRBJ2-1,viral
CASSDGTQYF,TRBV25-1,TRBJ2-5,viral
CASSDGTSGDKETQYF,TRBV2,TRBJ2-5,viral
CASSDGTSGEDTQYF,TRBV6-4,TRBJ2-3,bacterial
CASSDGTSGGTDTQYF,TRBV6-4,TRBJ2-3,bacterial
CASSDGTSGNEQFF,TRBV6-4,TRBJ2-1,bacterial
CASSDGTSGPQETQYF,TRBV2,TRBJ2-5,viral
CASSDHDTGGANSPLHF,TRBV7-9,TRBJ1-6,viral
CASSDHERGVTSGANVLTF,TRBV25-1,TRBJ2-6,bacterial
CASSDHPQGSYEQYF,TRBV6-1,TRBJ2-7,bacterial
CASSDHSLAGASSPLHF,TRBV7-9,TRBJ1-6,viral
CASSDIYEQYF,TRBV11-2,TRBJ2-7,viral
CASSDKAGETEAFF,TRBV6-4,TRBJ1-1,bacterial
CASSDKFAGNPQPQHF,TRBV10-1,TRBJ1-5,viral
CASSDKREPGQGHGYTF,TRBV25-1,TRBJ1-2,bacterial
CASSDKVVDYGYTF,TRBV25-1,TRBJ1-2,bacterial
CASSDLAGGTDTQYF,TRBV9,TRBJ2-3,viral
CASSDLAGNTGELFF,TRBV6-4,TRBJ2-2,bacterial
CASSDLASGDTDTQYF,TRBV6-4,TRBJ2-3,bacterial
CASSDLAVSYNEQFF,TRBV28,TRBJ2-1,viral
CASSDLDSNQPQHF,TRBV6-1,,viral
CASSDLESGLAVFNEQFF,TRBV25-1,TRBJ2-1,bacterial
CASSDLGGNEQFF,TRBV6-4,TRBJ2-1,viral
CASSDLGQGQDNEQFF,TRBV25-1,TRBJ2-1,bacterial
CASSDLGTGNYGYTF,TRBV27,TRBJ1-2,autoimmune
CASSDLIETQYF,TRBV7-6,TRBJ2-5,viral
CASSDLPGHRIETQYF,TRBV6-1,TRBJ2-5,bacterial
CASSDLRAGELFF,TRBV6-1,TRBJ2-2,viral
CASSDLSRGQVLGYTF,TRBV25-1,TRBJ1-2,bacterial
CASSDMAGGDFAEAFF,TRBV10-2,TRBJ1-1,viral
CASSDNGGDRSPGELF,TRBV27,TRBJ2-2,viral
CASSDNPLVGGFTDMQYF,TRBV29-1,TRBJ1-2,viral
CASSDNSYNEQFF,TRBV6-4,TRBJ2-1,bacterial
CASSDPDRAVTEAF,TRBV5-1,TRBJ1-1,viral
CASSDPDREDHEQYF,TRBV25-1,TRBJ2-7,bacterial
CASSDPGDSLNGYTF,TRBV5,TRBJ1-1,viral
CASSDPGGEYEQYF,TRBV25-1,TRBJ2-7,bacterial
CASSDPGTDSYEQYF,TRBV25-1,TRBJ2-7,bacterial
CASSDPLTEGTDTQYF,TRBV6-5,TRBJ2-7,viral
CASSDPMGQGPNTEAFF,TRBV25-1,TRBJ1-1,bacterial
CASSDPRGEETQYF,TRBV7-9-1,TRBJ2-5-1,viral
CASSDPSGQGEGNEQFF,TRBV25-1,TRBJ2-1,bacterial
CASSDPTADYNEQFF,TRBV7-6,TRBJ2-1,viral
CASSDPTGELFF,TRBV27,TRBJ2-2,viral
CASSDPTGGSYNEQFF,TRBV25-1,TRBJ2-1,bacterial
CASSDPTGRLGTEAFF,TRBV7-8,TRBJ1-1,viral
CASSDPYRGEPQHF,,TRBJ1-5,autoimmune
CASSDQGDSYEQYF,TRBV25-1,TRBJ2-7,bacterial
CASSDQGLGTEAF,TRBV14,TRBJ1-1,cancer
CASSDQGPDTQYF,TRBV6-1/6-5/6-6,TRBJ2-3,viral
CASSDQREETQYF,TRBV7-6,TRBJ2-5,viral
CASSDQSQETQYF,TRBV6-1,TRBJ2-5,viral
CASSDQTGDAYEQYF,TRBV6-1,TRBJ2-7,viral
CASSDRAAGELFF,TRBV6-4,TRBJ2-2,bacterial
CASSDRAGGADTQYF,TRBV6-4,TRBJ2-3,bacterial
CASSDRAGNEQFF,TRBV1-1,TRBJ2-1-1,viral
CASSDRANEQFF,TRBV25-1,TRBJ2-1,viral
CASSDRANTEAFF,TRBV19,TRBJ1-1,viral
CASSDRAPEAFF,TRBV7-8,TRBJ1-1,viral
CASSDRATQPQHF,TRBV1-1,TRBJ1-5-1,viral
CASSDRDKAGSNEQFF,TRBV25-1,TRBJ2-1,bacterial
CASSDRDNNEQFF,TRBV6-4,TRBJ2-1,bacterial
CASSDRDNSPLHF,TRBV6-4,TRBJ1-6,bacterial
CASSDRDRGHYEQYF,TRBV7-9,TRBJ2-7,viral
CASSDRDSYGYTF,TRBV6-4,TRBJ1-2,bacterial
CASSDRDTGELFF,TRBV6-4,TRBJ2-2,bacterial
CASSDREGETQYF,TRBV25-1,TRBJ2-5,bacterial
CASSDREGGNTIYF,TRBV6-6,TRBJ1-3,bacterial
CASSDRETDTQYF,TRBV6-4,TRBJ2-3,bacterial
CASSDRETYEQYF,TRBV6-2,,viral
CASSDRGHTGELFF,TRBV6-4,TRBJ2-2,bacterial
CASSDRGSTDTQYF,TRBV7-6,TRBJ2-3,viral
CASSDRNQPQHF,TRBV5-1,TRBJ1-5,bacterial
CASSDRPNYGYTF,TRBV6-1,TRBJ1-2,bacterial
CASSDRQSLVQF,TRBV7-9,TRBJ2-1,viral
CASSDRRGSYNEQFF,TRBV25-1,TRBJ2-1,viral
CASSDRSGNEQFF,TRBV1-1,TRBJ2-1-1,viral
CASSDRSSYEQYF,TRBV19-1,TRBJ2-7-1,viral
CASSDRTDTQYF,TRBV7-9,TRBJ2-3,viral
CASSDRTGSYGYTF,TRBV25-1,TRBJ1-2,bacterial
CASSDRTPYEQYF,TRBV7-6,TRBJ2-7,viral
CASSDRTSGINEQFF,TRBV6-1,TRBJ2-1,viral
CASSDRTYEQFF,TRBV7-9,TRBJ2-1,viral
CASSDRYEQYF,TRBV7-4,TRBJ2-7,viral
CASSDRYRAEKLFF,TRBV05-6,TRBJ01-4,autoimmune
CASSDSAGGTDTQYF,TRBV6-4,TRBJ2-3,bacterial
CASSDSAGGYNEQFF,TRBV6-4,TRBJ2-1,bacterial
CASSDSATDTQYF,TRBV6-4,TRBJ2-3,bacterial
CASSDSDRDTGELFF,TRBV6-4,TRBJ2-2,bacterial
CASSDSDRVNQPQHF,TRBV25-1,TRBJ1-5,bacterial
CASSDSETGSSGANVLTF,TRBV6-4,TRBJ2-6,bacterial
CASSDSETGVSGANVLTF,TRBV6-4,TRBJ2-6,bacterial
CASSDSFHTGGSGANVLTF,TRBV6-4,TRBJ2-6,bacterial
CASSDSGDHEQFF,TRBV6-4,TRBJ2-1,bacterial
CASSDSGEGSYNEQFF,TRBV6-4,TRBJ2-1,bacterial
CASSDSGEGTEAFF,TRBV6-1,TRBJ1-1,bacterial
CASSDSGGADTQYF,TRBV6-4,TRBJ2-3,bacterial
CASSDSGGGSYNEQFF,TRBV6-4,TRBJ2-1,bacterial
CASSDSGGSYNEQFF,TRBV6-4,TRBJ2-1,bacterial
CASSDSGGVGNEQFF,TRBV6-4,TRBJ2-1,bacterial
CASSDSGKSSYNEQFF,TRBV6-4,TRBJ2-1,bacterial
CASSDSGNSPLHF,TRBV6-4,TRBJ1-6,bacterial
CASSDSGQGISPLHF,TRBV6-4,TRBJ1-6,bacterial
CASSDSGQGTGELFF,TRBV25-1,TRBJ2-2,bacterial
CASSDSGQNTGELFF,TRBV6-4,TRBJ2-2,bacterial
CASSDSGRIRGTGELFF,TRBV25-1,TRBJ2-2,bacterial
CASSDSGSPIPEYF,TRBV10,TRBJ02-3,autoimmune
CASSDSGSTDTQYF,TRBV6-4,TRBJ2-3,bacterial
CASSDSGTDEQFF,TRBV6-4,TRBJ2-1,bacterial
CASSDSGTGADTQYF,TRBV6-4,TRBJ2-3,bacterial
CASSDSGTTNEKLFF,TRBV27,TRBJ1-4,viral
CASSDSHRPYGYTF,TRBV25-1,TRBJ1-2,bacterial
CASSDSHTEAFF,TRBV12-5,TRBJ1-1,viral
CASSDSIDTDTQYF,TRBV6-4,TRBJ2-3,bacterial
CASSDSKTYNEQFF,TRBV28,TRBJ2-1,viral
CASSDSLDTGELFF,TRBV6-4,TRBJ2-2,bacterial
CASSDSLVRGYQETQYF,,TRBJ1-3,viral
CASSDSNTGELF,TRBV2,TRBJ2-2,cancer
CASSDSPGTGGNEQFF,TRBV6-4,TRBJ2-1,bacterial
CASSDSPTGELFF,TRBV6-4,TRBJ2-2,bacterial
CASSDSQAGELFF,TRBV6-4,TRBJ2-2,bacterial
CASSDSQNEQFF,TRBV6-4,TRBJ2-1,viral
CASSDSQNEQYF,TRBV6-4,TRBJ2-7,viral
CASSDSRDRTADTQYF,TRBV25-1,TRBJ2-3,bacterial
CASSDSRGSNSPLHF,TRBV2,TRBJ1-6,cancer
CASSDSRGTEAFF,TRBV9,TRBJ1-1,viral
CASSDSRLATYNEQFF,TRBV6-4,TRBJ2-1,bacterial
CASSDSRPGYTF,TRBV25-1,TRBJ1-2,bacterial
CASSDSRQGAFRRETQYF,TRBV6-4,TRBJ2-5,viral
CASSDSRTPFQRPLFEAFF,TRBV6-4,,viral
CASSDSSADTQYF,TRBV6-4,TRBJ2-3,bacterial
CASSDSSDTGELFF,TRBV6-4,TRBJ2-2,bacterial
CASSDSSGANVLTF,TRBV6-4,TRBJ2-6,bacterial
CASSDSSGGANEQFF,TRBV6-4,TRBJ2-1,bacterial
CASSDSSGGAQDTQYF,TRBV6-4,TRBJ2-3,bacterial
CASSDSSGGATDTQYF,TRBV6-4,TRBJ2-3,bacterial
CASSDSSGGDTQYF,TRBV6-4,TRBJ2-3,bacterial
CASSDSSGGGNEQFF,TRBV6-4,TRBJ2-1,bacterial
CASSDSSGGRTDTQYF,TRBV25-1,TRBJ2-3,bacterial
CASSDSSGGSTDTQYF,TRBV6-4,TRBJ2-3,bacterial
CASSDSSGGTDTQYF,TRBV6-4,TRBJ2-3,bacterial
CASSDSSGYSGANVLTF,TRBV19,TRBJ2-3,viral
CASSDSSSGGTDTQYF,TRBV6-4,TRBJ2-3,bacterial
CASSDSSVSEQFF,TRBV6-4,TRBJ2-1,viral
CASSDSTGDTGELFF,TRBV6-4,TRBJ2-2,bacterial
CASSDSTGRAGDYEQYF,TRBV7-6,TRBJ2-7,viral
CASSDSTGSSYEQYF,TRBV6-1,TRBJ2-7,bacterial
CASSDSTGTDTQYF,TRBV6-4,TRBJ2-3,bacterial
CASSDSTSGGADEQFF,TRBV6-4,TRBJ2-1,bacterial
CASSDSTSGGAPQYF,TRBV6-4,TRBJ2-3,bacterial
CASSDSTSGGDTQYF,TRBV6-4,TRBJ2-3,bacterial
CASSDSTSGGGTDTQYF,TRBV6-4,TRBJ2-3,bacterial
CASSDSTSGGNEQFF,TRBV6-4,TRBJ2-1,bacterial
CASSDSTSGGTDTQYF,TRBV6-4,TRBJ2-3,bacterial
CASSDSTSIRDRAYEQYF,TRBV25-1,TRBJ2-7,bacterial
CASSDSTTNEQFF,TRBV6-4,TRBJ2-1,bacterial
CASSDSYEQYF,TRBV25-1,TRBJ2-7,bacterial
CASSDSYRGSYNEQF,TRBV6-4,TRBJ2-1,viral
CASSDTDRGIYGYTF,TRBV6-2,TRBJ1-2,viral
CASSDTDTGELFF,TRBV6-4,TRBJ2-2,bacterial
CASSDTDTQYF,TRBV9,TRBJ2-3,cancer
CASSDTGTAGNTIYF,TRBV25-1,TRBJ1-3,bacterial
CASSDTLLEVSETQYF,TRBV25-1,TRBJ2-5,bacterial
CASSDTPQPFSSGYTF,TRBV6-4,TRBJ1-2,viral
CASSDTRSGASTDTQYF,TRBV25-1,TRBJ2-3,bacterial
CASSDTSASNYEQYF,TRBV25-1,TRBJ2-7,cancer
CASSDTSGANTGELF,TRBV7-9,TRBJ2-2,viral
CASSDTSGGANEQFF,TRBV6-4,TRBJ2-1,bacterial
CASSDTSGGDTQYF,TRBV6-4,TRBJ2-3,bacterial
CASSDTSGGVAEQFF,TRBV6-4,TRBJ2-1,bacterial
CASSDTTTDTQYF,,TRBJ2-3,cancer
CASSDVAPAPFYGYTF,TRBV6-4,TRBJ1-2,viral
CASSDVGEGYNEQFF,TRBV6-4,TRBJ2-1,bacterial
CASSDVGQGSSNYGYTF,TRBV6-1,TRBJ1-2,viral
CASSDVGQRFGEKLFF,TRBV25-1,TRBJ1-4,bacterial
CASSDVGRTSNQPQHF,TRBV02,TRBJ01-5,autoimmune
CASSDWSDTQYF,TRBV2,TRBJ2-3,viral
CASSDWTGSLGNNEQFF,TRBV6-1,TRBJ2-1,viral
CASSDYRQVSDQPQHF,TRBV7-8,TRBJ1-5,viral
CASSDYSNQPQHF,TRBV2,TRBJ1-5,cancer
CASSEAAGDSGGYTF,TRBV6-1,TRBJ1-2,bacterial
CASSEAAGFEPLHF,TRBV6-1,TRBJ1-6,bacterial
CASSEAAGGADTQYF,TRBV6-1,TRBJ2-3,bacterial
CASSEAAGGTGELFF,TRBV6-1,TRBJ2-2,bacterial
CASSEAAGQKKNIQYF,TRBV25-1,TRBJ2-4,bacterial
CASSEAAGTGNTDTQYF,TRBV6-1,TRBJ2-3,bacterial
CASSEAASYEQYF,TRBV6-1/6-5/6-6,TRBJ2-7,viral
CASSEADFEAFF,TRBV25-1,TRBJ1-1,viral
CASSEAETYEQYF,TRBV6-1,TRBJ2-7,bacterial
CASSEAGEGGTEAFF,TRBV6-1,TRBJ1-1,bacterial
CASSEAGGAFSYEQYF,TRBV2,TRBJ2-7,viral
CASSEAGGKETQYF,TRBV25-1,TRBJ2-5,bacterial
CASSEAGGNQPQHF,TRBV6-1,TRBJ1-5,bacterial
CASSEAGGQGYSPLHF,TRBV6-1,TRBJ1-6,bacterial
CASSEAGGSQETQYF,TRBV6-1,TRBJ2-5,bacterial
CASSEAGGTDTQYF,TRBV6-4,TRBJ2-3,bacterial
CASSEAGGTEAF,TRBV5-1,TRBJ1-1,viral
CASSEAGLVNPYQETQYF,TRBV2,TRBJ2-5,viral
CASSEAGQGGNSPLHF,TRBV25-1,TRBJ1-6,bacterial
CASSEAGQLNEQF,TRBV11-2,TRBJ2-1,viral
CASSEAGSGANVLTF,TRBV6-1,TRBJ2-6,bacterial
CASSEAGTGGTEAFF,TRBV6-1,TRBJ1-1,bacterial
CASSEAGTPSAKNIQYF,TRBV27,TRBJ2-4,autoimmune
CASSEAGTQYF,TRBV25-1,TRBJ2-3,bacterial
CASSEAHAVYEQYF,TRBV6-1,TRBJ2-7,viral
CASSEAISGAWDEQFF,TRBV6-1,TRBJ2-1-1,viral
CASSEALAGVHETQYF,TRBV10-2,TRBJ2-5,viral
CASSEALGRYTDTQYF,TRBV6-1/6-5/6-6,TRBJ2-3,viral
CASSEALGSTSYEQYF,TRBV6-1,TRBJ2-7,viral
CASSEALVLEQFF,TRBV7-6,,viral
CASSEANGAEKLFF,TRBV6-1,TRBJ1-4,bacterial
CASSEAPGAGSPLHF,TRBV6-1,TRBJ1-6,bacterial
CASSEAPMGISGANVLTF,TRBV6-1,TRBJ2-6,bacterial
CASSEAQGAADTQYF,TRBV6-1,TRBJ2-3,bacterial
CASSEAQGAYEQYF,TRBV6-1,TRBJ2-7,bacterial
CASSEAQKIDTQYF,TRBV25-1,TRBJ2-3,bacterial
CASSEARGNSPLHF,TRBV6-1/6-5/6-6,TRBJ1-6,viral
CASSEARHQENTGELFF,TRBV25-1,TRBJ2-2,bacterial
CASSEARPHEQYF,TRBV6-1,TRBJ2-7,bacterial
CASSEARQGDQPQHF,TRBV6-1,TRBJ1-5,viral
CASSEASGGADTQYF,TRBV6-4,TRBJ2-3,bacterial
CASSEASGGYNEQFF,TRBV6-1,TRBJ2-1,bacterial
CASSEATGGNSPLHF,TRBV6-1,TRBJ1-6,bacterial
CASSEATGQNTGELFF,TRBV25-1,TRBJ2-2,bacterial
CASSEATSSSWGTDTQYF,TRBV6-1,TRBJ2-3,bacterial
CASSEAVLGGNSYEQYF,TRBV6-1,TRBJ2-7,viral
CASSEAVTGLGETQYF,TRBV6,TRBJ2-5,cancer
CASSEAWTGKETQYF,TRBV2,TRBJ2-5,viral
CASSEDETGGDWDIQYF,TRBV10-2,TRBJ2-4,viral
CASSEDGMNTEAFF,TRBV10-2,TRBJ21-1,viral
CASSEDHFGANIQYF,TRBV6-1/6-5/6-6,TRBJ2-4,viral
CASSEDHTGFYEQYF,TRBV6-1,TRBJ2-7,viral
CASSEDKGGADTQYF,TRBV9,TRBJ2-3,viral
CASSEDKGGGDTQYF,TRBV9,TRBJ2-1,viral
CASSEDNPIEQYF,TRBV22,TRBJ2-7,cancer
CASSEDPATNEKLFF,TRBV6-1,,viral
CASSEDPTRARQGKETQYF,TRBV25-1,TRBJ2-5,bacterial
CASSEDRAATGELFF,TRBV7-9,TRBJ2-2,viral
CASSEDRDTEAFF,TRBV9,TRBJ1-1,viral
CASSEDRGDTGELFF,TRBV2-2-1,TRBJ1-1,viral
CASSEDRLARTEAFF,TRBV6-1,TRBJ1-1,viral
CASSEDRQRGTDTQYF,TRBV25-1,TRBJ2-3,bacterial
CASSEDSGGAYSGELF,TRBV6,TRBJ2-2,cancer
CASSEDSPNSPLHF,TRBV6-6,TRBJ1-6,bacterial
CASSEDSSGANVLTF,TRBV6-1,TRBJ2-6,bacterial
CASSEDTSVGELFF,TRBV25-1,TRBJ2-2,bacterial
CASSEEAGGTDTQYF,TRBV6-1,TRBJ2-3,bacterial
CASSEEDFGEQYF,TRBV6-1,TRBJ2-7,autoimmune
CASSEEEGGTQPQHF,TRBV6-1,TRBJ1-5,bacterial
CASSEEGQGRLSEQFF,TRBV9,TRBJ2-1,viral
CASSEEGTGGREQYF,TRBV6-1,TRBJ2-7,bacterial
CASSEELAGANEQFF,TRBV6-1,TRBJ2-1,bacterial
CASSEEPHEKLF,TRBV22,TRBJ1-4,cancer
CASSEEPSSGNTIYF,TRBV6-1,TRBJ1-3,cancer
CASSEEQSTDTQYF,TRBV25-1,TRBJ2-3,viral
CASSEERGPSYEQYF,TRBV25-1,TRBJ2-7,bacterial
CASSEESDRDGYEQYF,TRBV6-1/6-5/6-6,TRBJ2-7,viral
CASSEESGDNQPQHF,TRBV6-1,TRBJ1-5,autoimmune
CASSEESGRAAEQYF,TRBV6-1,TRBJ2-7-1,viral
CASSEESYLMNTEAFF,TRBV6-1,,viral
CASSEETGEGGHEQFF,TRBV6-4,TRBJ2-1,viral
CASSEETGEGGHEQYF,TRBV6-4,TRBJ2-7,viral
CASSEETGTGEETQYF,TRBV25-1,TRBJ2-5,bacterial
CASSEEVGKNGYTF,TRBV6-1,TRBJ1-2,bacterial
CASSEEYNEQFF,TRBV10-1,TRBJ2-1,viral
CASSEFAGGFSDEQYF,TRBV25-1,TRBJ2-7,bacterial
CASSEFETQYF,TRBV25-1,TRBJ2-5,cancer
CASSEFFPSAPYEQYF,TRBV6-1,TRBJ2-7,viral
CASSEFGGSGSSGNTIYF,TRBV25-1,TRBJ1-3,autoimmune
CASSEFLTYEQYF,TRBV6-1/6-5/6-6,TRBJ2-7,viral
CASSEFSEPNTEAFF,TRBV9,TRBJ1-1,viral
CASSEFSRKGTNPSAISGNTIYF,TRBV25-1,TRBJ1-3,bacterial
CASSEFSRPTRGGTEAFF,TRBV25-1,TRBJ1-1,bacterial
CASSEGAAIGPQHF,TRBV2-1,TRBJ1-5-1,viral
CASSEGAEVGELFF,TRBV6-4,TRBJ2-2,bacterial
CASSEGAGGAWGDGYTF,TRBV6,TRBJ1-2,cancer
CASSEGAGNQPQHF,TRBV6-4,TRBJ1-5,bacterial
CASSEGAGNTIYF,TRBV25-1,TRBJ1-3,cancer
CASSEGAGPQETQYF,TRBV6-4,TRBJ2-5,bacterial
CASSEGAPTYEQYF,TRBV7-9,TRBJ2-7,viral
CASSEGASNQPQHF,TRBV6-4,TRBJ1-5,bacterial
CASSEGATSNEQFF,TRBV6-4,TRBJ2-1,bacterial
CASSEGAYEQYF,TRBV4-3,TRBJ2-7,viral
CASSEGDGGGSPLHF,TRBV6-1,TRBJ1-6,bacterial
CASSEGDGNYGYTF,TRBV6-4,TRBJ1-2,bacterial
CASSEGDPSSEQYF,TRBV6-1,TRBJ2-7,bacterial
CASSEGDRPTDTQYF,TRBV6-5,TRBJ2-3,viral
CASSEGEGADTQYF,TRBV6-1,TRBJ2-3,bacterial
CASSEGESRTEAFF,TRBV9,TRBJ1-1,viral
CASSEGESTDTQYF,TRBV6-4,TRBJ2-3,bacterial
CASSEGETGELFF,TRBV6-1,TRBJ2-2,bacterial
CASSEGETQYF,TRBV25-1,TRBJ2-5,bacterial
CASSEGFGQGGIEQF,TRBV6-1,TRBJ2-1,viral
CASSEGGGATDTQYF,TRBV6-4,TRBJ2-3,bacterial
CASSEGGGPSIIQYF,TRBV6-1,TRBJ2-4,bacterial
CASSEGGGTADTQYF,TRBV6-4,TRBJ2-3,bacterial
CASSEGGGVDIQYF,TRBV6-1,TRBJ2-4,bacterial
CASSEGGNQPQHF,TRBV11-2,TRBJ1-5,viral
CASSEGGQGDYNEQFF,TRBV6-4,TRBJ2-1,bacterial
CASSEGGQVFGNEQFF,TRBV25-1,TRBJ2-1,bacterial
CASSEGGRAWDEQFF,TRBV10-1,TRBJ2-1,viral
CASSEGGTGGFNSHEQYF,TRBV7-8,TRBJ2-7,viral
CASSEGGTPPESLFF,TRBV2,TRBJ1-4,viral
CASSEGHSGANVLTF,TRBV6-1,TRBJ2-6,bacterial
CASSEGIRPYNEQFF,TRBV6-4,TRBJ2-1,bacterial
CASSEGLAGAYEQYF,TRBV2,TRBJ2-7,viral
CASSEGLATDTQYF,TRBV6-1,TRBJ2-3,bacterial
CASSEGLAYGYTF,TRBV25-1,TRBJ1-2,viral
CASSEGLGGTDTQYF,TRBV6-4,TRBJ2-3,bacterial
CASSEGLGLGYTF,TRBV25-1,TRBJ1-2,viral
CASSEGLLYEQYF,TRBV6-2,TRBJ2-7,viral
CASSEGMGQPQHF,TRBV6,TRBJ1-5,cancer
CASSEGNTGELFF,TRBV6-4,TRBJ2-2,bacterial
CASSEGNVAPGELF,TRBV2,TRBJ2-2,viral
CASSEGPENGYTF,TRBV6-1,TRBJ1-2,bacterial
CASSEGQGADTQYF,TRBV6-1,TRBJ2-3,bacterial
CASSEGQGAEKLFF,TRBV6-1,TRBJ1-4,bacterial
CASSEGQGATDTQYF,TRBV6-1,TRBJ2-3,bacterial
CASSEGQGGANVLTF,TRBV6-1,TRBJ2-6,bacterial
CASSEGQGGETQYF,,TRBJ2-5,autoimmune
CASSEGQGPSYEQYF,TRBV7-8,TRBJ2-7,viral
CASSEGQGTNEKLFF,TRBV6-4,TRBJ1-4,bacterial
CASSEGQVAPGEQYF,TRBV2,TRBJ2-7,viral
CASSEGQYNQPQHF,TRBV6-4,TRBJ1-5,bacterial
CASSEGRDQETQYF,TRBV16-1,TRBJ2-5,viral
CASSEGRETQYF,TRBV25-1,TRBJ2-5,cancer
CASSEGRGAADTQYF,TRBV6-4,TRBJ2-3,bacterial
CASSEGRLEQYF,TRBV25-1,TRBJ2-7,viral
CASSEGRNEQYF,TRBV25-1,TRBJ2-7,viral
CASSEGRVSPGELF,TRBV2,TRBJ2-1,viral
CASSEGSGNTIYF,TRBV25-1,TRBJ1-3,bacterial
CASSEGSGQGNYEQYF,TRBV25-1,TRBJ2-7,bacterial
CASSEGSGSSTDTQYF,TRBV6-4,TRBJ2-3,bacterial
CASSEGSSGSTDTQYF,TRBV6-4,TRBJ2-3,bacterial
CASSEGTGELFF,TRBV6-4,TRBJ2-2,bacterial
CASSEGTGGDEQFF,TRBV25-1,TRBJ2-1,bacterial
CASSEGTGGNSPLHF,TRBV6-1,TRBJ1-6,bacterial
CASSEGTGGSPLHF,TRBV6-1,TRBJ1-6,bacterial
CASSEGTGGSYEQYF,TRBV6-1,TRBJ2-7,bacterial
CASSEGTGSREQYF,TRBV6-1,TRBJ2-7,bacterial
CASSEGTNEQFF,TRBV25-1,TRBJ2-1,bacterial
CASSEGTPQGIRGYTF,TRBV6-1,TRBJ1-2,autoimmune
CASSEGTRVTYNEQFF,TRBV25-1,TRBJ2-1,bacterial
CASSEGTSDTDTQYF,TRBV10-1,TRBJ2-3,bacterial
CASSEGTSGGNEQFF,TRBV6-4,TRBJ2-1,bacterial
CASSEGTSGTDTQYF,TRBV6-4,TRBJ2-3,bacterial
CASSEGTVYQETQYF,TRBV25-1,TRBJ2-5,bacterial
CASSEGVDTEAFF,TRBV4-3,TRBJ1-1,viral
CASSEGVENANYGYTF,TRBV2,TRBJ1-2,viral
CASSEGVSSTDTQYF,TRBV6-4,TRBJ2-3,bacterial
CASSEGWGSSEAFF,TRBV6-1,TRBJ1-1,bacterial
CASSEGYGVNGSPLHF,TRBV6,TRBJ1-6,cancer
CASSEHRQGAFEQYF,TRBV25-1,TRBJ2-7,bacterial
CASSEIARPRAFF,TRBV4-1,TRBJ1-1,viral
CASSEIEGTNNYGYTF,TRBV6-1,TRBJ1-2,bacterial
CASSEIGFSGANVLTF,TRBV2,TRBJ2-6,viral
CASSEISEYEQYF,TRBV7-6,TRBJ2-7,viral
CASSEITGGGETQYF,TRBV28,TRBJ2-5,viral
CASSEKAEDEQYF,TRBV6-4,TRBJ2-7,bacterial
CASSEKAGSSDEQFF,TRBV6-1,TRBJ2-1,bacterial
CASSEKDSGANVLTF,TRBV6-1,TRBJ2-6,bacterial
CASSEKLGGGGYTF,TRBV25-1,TRBJ1-2,bacterial
CASSEKPGGSTDTQYF,TRBV6-4,TRBJ2-3,bacterial
CASSEKPGTDTQYF,TRBV6-4,TRBJ2-3,bacterial
CASSEKQGSYTDTQYF,TRBV7-2,TRBJ2-3,viral
CASSEKTGHGSYEQYF,TRBV25-1,TRBJ2-7,bacterial
CASSEKTSYEQYF,TRBV25-1,TRBJ2-7,bacterial
CASSELAGETDTQYF,TRBV6-1,TRBJ2-3,bacterial
CASSELAGGPDTQYF,TRBV6-1,TRBJ2-3,bacterial
CASSELAGGPNEQF,TRBV6-1,TRBJ2-1,cancer
CASSELAGGSTDTQYF,TRBV6-4,TRBJ2-3,bacterial
CASSELAGKTDTQYF,TRBV6-1,TRBJ2-3,bacterial
CASSELDFQETQYF,TRBV25-1,TRBJ2-5,viral
CASSELDGETYEQYF,TRBV6-1,TRBJ2-7,bacterial
CASSELGARVYEQYF,TRBV2,TRBJ2-7,viral
CASSELGATIYEQYF,TRBV2,TRBJ2-7,viral
CASSELGGAGTGELF,TRBV1,TRBJ2-2,viral
CASSELGGDYGYTF,TRBV25-1,TRBJ1-2,bacterial
CASSELGGPNTEAFF,TRBV6-1,TRBJ1-1,viral
CASSELGGTANTEAFF,TRBV25-1,TRBJ1-1,bacterial
CASSELGGYNEELFF,TRBV6-1,TRBJ1-4,viral
CASSELHQGDGYTF,TRBV25-1,TRBJ1-2,bacterial
CASSELLWDRISGKELFF,TRBV06,TRBJ02-2,autoimmune
CASSELNTGELFF,,,viral
CASSELPLEAFF,TRBV6-4,TRBJ1-1,viral
CASSELRGRVTEAFF,TRBV25-1,TRBJ1-1,bacterial
CASSELTGANVLTF,TRBV6-1,TRBJ2-6,bacterial
CASSEMAGGSTDTQYF,TRBV6-6,TRBJ2-3,viral
CASSEMFLSGTGQEAFF,TRBV6-1,TRBJ1-1,bacterial
CASSEMGKSSYEQYF,TRBV6-1,TRBJ2-7,viral
CASSEMGSNQPQHF,TRBV2,TRBJ1-5,bacterial
CASSENEGSNSPLHF,TRBV6-1,TRBJ1-6,bacterial
CASSENGVEKLFF,TRBV25-1,TRBJ1-4,bacterial
CASSENKGSSGELFF,TRBV6-1,TRBJ2-2,bacterial
CASSENPGAGGAYNEQFF,TRBV25-1,TRBJ2-1,bacterial
CASSENQLMNTEAF,TRBV25,TRBJ1-1,cancer
CASSENRDYEQYF,TRBV25-1,TRBJ2-7,bacterial
CASSENRGTTNEKLFF,TRBV25-1,TRBJ1-4,bacterial
CASSENSAGLAKNIQYF,TRBV25-1,TRBJ2-4,bacterial
CASSEPDRGFLDNEQFF,TRBV2,TRBJ2-1,autoimmune
CASSEPFTGNEQF,TRBV7-2,TRBJ2-1,cancer
CASSEPGGPDTQYF,TRBV6-1,TRBJ2-3,bacterial
CASSEPGNRMNTEAFF,TRBV6-1,TRBJ1-1,viral
CASSEPGPGRDGYTF,TRBV6-1,TRBJ1-2,viral
CASSEPGQGSQETQYF,TRBV25-1,TRBJ2-5,bacterial
CASSEPGRGNSPLHF,TRBV25-1,TRBJ1-6,bacterial
CASSEPHSDTQYF,TRBV10-1,TRBJ2-3,viral
CASSEPPGAARKNEKLFF,TRBV25-1,TRBJ1-4,bacterial
CASSEPPGVRGEAF,TRBV2,TRBJ1-1,viral
CASSEPRETQYF,TRBV25-1,TRBJ2-5,viral
CASSEPSGPDNEQFF,TRBV10-1,TRBJ2-1,cancer
CASSEPSSGGQYF,TRBV25-1,TRBJ2-3,bacterial
CASSEPSTANEQF,TRBV25-1,TRBJ2-1,viral
CASSEQGDTDTQYF,TRBV6-5,TRBJ2-3,autoimmune
CASSEQGDTGELFF,TRBV25-1,TRBJ2-2,bacterial
CASSEQGRETQYF,TRBV25-1,TRBJ2-5,bacterial
CASSEQGSEAFF,TRBV12-3/12-4,TRBJ1-1,viral
CASSERAGEVNEQFF,TRBV25-1,TRBJ2-1,bacterial
CASSERDRTTNEKLFF,TRBV16,TRBJ1-4,viral
CASSERGGSYNEQFF,TRBV6-4,TRBJ2-1,bacterial
CASSERGHQETQYF,TRBV25-1,TRBJ2-5,autoimmune
CASSERHNEQFF,TRBV25-1,TRBJ2-1,bacterial
CASSERLAGGSKSGELFF,TRBV25-1,TRBJ2-2,bacterial
CASSERMVSPLHF,TRBV6-1,TRBJ1-6,bacterial
CASSERQDDEKLFF,TRBV25-1,TRBJ1-4,bacterial
CASSERQGADTQYF,TRBV6-4,TRBJ2-3,viral
CASSERQGEGETQYF,TRBV25-1,TRBJ2-5,bacterial
CASSERRNTEAF,TRBV13,TRBJ1-1,cancer
CASSERSSGGTEAFF,TRBV25-1,TRBJ1-1,bacterial
CASSERTGEGYNSPLHF,TRBV25-1,TRBJ1-6,bacterial
CASSERTGVTHSYEQYF,TRBV25-1,TRBJ2-7,bacterial
CASSERVGQGGEETQYF,TRBV25-1,TRBJ2-5,bacterial
CASSERVSGGGNTGELFF,TRBV25-1,TRBJ2-2,bacterial
CASSERVSRAEQFF,TRBV6-1,TRBJ2-1,viral
CASSESAGAFGESSYNSPLHF,TRBV25-1,TRBJ1-6,bacterial
CASSESAGGSAETQYF,TRBV6-1,TRBJ2-5,bacterial
CASSESAGTGSYEQYF,TRBV10-2,TRBJ2-7,viral
CASSESARDNQPQHF,TRBV25-1,TRBJ1-5,bacterial
CASSESASRADTQYF,TRBV6-4,TRBJ2-3,viral
CASSESDGYNSPLHF,TRBV6-4,TRBJ1-6,bacterial
CASSESEGGLTEAFF,TRBV25-1,TRBJ1-1,bacterial
CASSESEGHEQYF,TRBV25-1,TRBJ2-7,bacterial
CASSESEQGYTGELF,TRBV6-1,TRBJ2-2,viral
CASSESFGGSNEQFF,TRBV6-1,TRBJ2-1,bacterial
CASSESGAREILNEQFF,TRBV9,TRBJ2-1,viral
CASSESGDGYTF,TRBV6-1,TRBJ1-2,bacterial
CASSESGDRGFAEQYF,TRBV25-1,TRBJ2-7,bacterial
CASSESGGADTQYF,TRBV6-4,TRBJ2-3,bacterial
CASSESGGATGELFF,TRBV6-4,TRBJ2-2,bacterial
CASSESGGSYNEQFF,TRBV6-4,TRBJ2-1,bacterial
CASSESGGTGTYEQYF,TRBV10-2,TRBJ2-7,viral
CASSESGQDTGELFF,TRBV25-1,TRBJ2-2,bacterial
CASSESGQGYEQYF,TRBV6-1,TRBJ2-7,bacterial
CASSESGQPKETQYF,TRBV25-1,TRBJ2-5,bacterial
CASSESGRGDTQYF,TRBV10-2,TRBJ2-3,viral
CASSESGSLSSYEQYF,TRBV25-1,TRBJ2-7,bacterial
CASSESGTANEQFF,TRBV6-5,TRBJ1-2,viral
CASSESGTGGYEQYF,TRBV6-1,TRBJ2-7,bacterial
CASSESGTGGYNEQFF,TRBV6-4,TRBJ2-1,bacterial
CASSESIFYEQYF,TRBV25-1,TRBJ2-7,bacterial
CASSESIPPYNEQFF,TRBV25-1,TRBJ2-1,bacterial
CASSESIRDTRRTHYEQYF,TRBV25-1,TRBJ2-7,bacterial
CASSESKGGTTFYEQYF,TRBV10-2,TRBJ2-7,bacterial
CASSESLEGTDTQYF,TRBV6-4,TRBJ2-3,bacterial
CASSESLLTEQFF,TRBV7-8,TRBJ2-1,viral
CASSESMIQHF,TRBV10-2,TRBJ1-5,viral
CASSESPDGTPSEKLFF,TRBV25-1,TRBJ1-4,bacterial
CASSESPEQVNEKLFF,TRBV25-1,TRBJ1-4,bacterial
CASSESPGNSNQPQHF,TRBV1-2,TRBJ1-5,autoimmune
CASSESPGSNQPQHF,TRBV6-4,TRBJ1-5,bacterial
CASSESPGYGYTF,TRBV10-1,TRBJ1-2,viral
CASSESPSLEQFF,TRBV6-4,TRBJ2-1,bacterial
CASSESPTSGGEGELFF,TRBV6-1,TRBJ2-2,bacterial
CASSESQGAGGNEQFF,TRBV6-4,TRBJ2-1,bacterial
CASSESRDSLYGYTF,TRBV25-1,TRBJ1-2,bacterial
CASSESRETGAGDTQYF,TRBV25-1,TRBJ2-3,bacterial
CASSESRKGEPQHF,TRBV25-1,TRBJ1-5,bacterial
CASSESRMGSQANYGYTF,TRBV25-1,TRBJ1-2,viral
CASSESRSGNTEAFF,TRBV25-1,TRBJ1-1,bacterial
CASSESSDVYGYTF,TRBV10-2,TRBJ1-2,viral
CASSESSGQGAAGELFF,TRBV25-1,TRBJ2-2,bacterial
CASSESSHSGYTDTQYF,TRBV10-1,TRBJ2-3,bacterial
CASSESSMNTEAFF,TRBV7-8,TRBJ1-1,viral
CASSESSQHPYEQYF,TRBV25-1,TRBJ2-7,bacterial
CASSESSREVSYNSPLHF,TRBV10-1,TRBJ1-6,viral
CASSESSTEAFF,TRBV25-1,TRBJ1-1,bacterial
CASSESSTGTPSYEQYF,TRBV25-1,TRBJ2-7,bacterial
CASSESSYNEQFF,TRBV25-1,TRBJ2-1,bacterial
CASSESTDEQYF,TRBV25-1,TRBJ2-7,bacterial
CASSESTGFDGYTF,TRBV10-2,TRBJ1-2,viral
CASSESTGVEKLFF,TRBV25-1,TRBJ1-4,viral
CASSESTNSPLHF,TRBV10-1,TRBJ1-6,bacterial
CASSESTYRSYNEQF,,TRBJ2-1,autoimmune
CASSESVGGPSSYNSPLHF,TRBV25-1,TRBJ1-6,bacterial
CASSESYSGPGELF,TRBV6,TRBJ2-2,cancer
CASSETASTWAGELF,TRBV6,TRBJ2-2,cancer
CASSETDGLFEAF,TRBV6-1,TRBJ1-1,cancer
CASSETEKLFF,TRBV25-1,TRBJ1-4,bacterial
CASSETGATNYGYTGF,TRBV13,TRBJ1-2,viral
CASSETGENIQYF,TRBV10-2,TRBJ2-4,viral
CASSETGFGNQPQHF,TRBV25-1,,viral
CASSETGGGNQPQHF,TRBV25-1,TRBJ1-5,bacterial
CASSETGGNQPQHF,TRBV7-3,,viral
CASSETGGQTSPLHF,TRBV6-4,TRBJ1-6,bacterial
CASSETGGTEAF,TRBV6,TRBJ1-1,cancer
CASSETGGTYEQYF,TRBV6-1,TRBJ5-6,viral
CASSETGHTEAFF,TRBV6-4,TRBJ1-1,bacterial
CASSETGQPQHF,TRBV6-1,TRBJ1-5,viral
CASSETGTQAYEQYF,TRBV6-1,TRBJ2-7,viral
CASSETGVGGYTF,TRBV18,TRBJ1-2,viral
CASSETGWGAF,,,cancer
CASSETHRGGAYEQYF,TRBV25-1,TRBJ2-7,bacterial
CASSETLAGLETQYF,TRBV6-6,TRBJ2-5,viral
CASSETPAGGNSEQYF,TRBV6-1,TRBJ2-7,bacterial
CASSETQGATNEKLFF,TRBV25-1,TRBJ1-4,bacterial
CASSETQMNTEAF,TRBV6-1,,cancer
CASSETSGASDTQYF,TRBV6-4,TRBJ2-3,bacterial
CASSETSGGANEQFF,TRBV6-4,TRBJ2-1,bacterial
CASSETSGGGDTQYF,TRBV6-4,TRBJ2-3,bacterial
CASSETSGGTDTQYF,TRBV6-4,TRBJ2-3,bacterial
CASSETSGGVDEQYF,TRBV6-2,TRBJ2-7,bacterial
CASSETSGRSPYEQYF,TRBV6-1,TRBJ2-7-1,viral
CASSETSGSTDTQYF,TRBV6-4,TRBJ2-3,bacterial
CASSETSGTYNEQFF,TRBV6-4,TRBJ2-1,bacterial
CASSETSINEQF,TRBV19,TRBJ2-7,viral
CASSETSPTDTQYF,TRBV6-2,TRBJ2-3,bacterial
CASSETTVHYEGAF,,,autoimmune
CASSEVAGEQYF,TRBV25-1,TRBJ2-7,bacterial
CASSEVDGTGDDEQFF,TRBV6-1,TRBJ2-1,bacterial
CASSEVETDTQYF,TRBV10-1,TRBJ2-3,viral
CASSEVGEAYEQYF,TRBV9,TRBJ2-7,viral
CASSEVGGAQDTQYF,TRBV6-4,TRBJ2-3,bacterial
CASSEVGKGNQPQHF,TRBV6-1,TRBJ1-5,viral
CASSEVGQLETQYF,TRBV7-8,TRBJ2-5,viral
CASSEVGSYNSPLHF,TRBV6-1,TRBJ1-6,viral
CASSEVLFEQFF,TRBV25-1,TRBJ2-1,viral
CASSEVNRGINGYTF,TRBV6-1-1,TRBJ1-2-1,viral
CASSEVPATSGGPANTGELFF,TRBV25-1,TRBJ2-2,bacterial
CASSEVPGQGPDTF,TRBV6-1,TRBJ1-2,bacterial
CASSEVRGQLTGELFF,TRBV6-1,TRBJ2-2,bacterial
CASSEVSGGPDTQYF,TRBV6-1,TRBJ2-3,bacterial
CASSEVSGTGNTIYF,TRBV25-1,TRBJ1-3,bacterial
CASSEVTSGVPRQETQYF,TRBV25-1,TRBJ2-5,bacterial
CASSEVVAGASSYEQYF,TRBV02,TRBJ02-7,autoimmune
CASSEVVFEQFF,TRBV25-1,TRBJ2-1,viral
CASSEWAGGGTDTQYF,TRBV6-1,TRBJ2-3,viral
CASSEWDSEPQHF,TRBV25-1,TRBJ1-5,viral
CASSEWGGSNQPQHF,TRBV7-2,TRBJ1-5,viral
CASSEWKDLSYEQYF,TRBV6-6,TRBJ2-7,viral
CASSEWTGSNYGYTF,TRBV6-1,TRBJ1-2,viral
CASSEWVRGYTF,TRBV25-1,TRBJ1-2,bacterial
CASSEYGAGYEQYF,TRBV25-1,TRBJ2-7,viral
CASSEYGGQETQYF,TRBV6-1/6-5/6-6,TRBJ2-5,viral
CASSEYGGSNQPQHF,TRBV6-1,TRBJ1-5,viral
CASSEYGTAEASEDNEQFF,TRBV25-1,TRBJ2-1,bacterial
CASSEYGTGGAGELFF,TRBV6-4,TRBJ2-2,bacterial
CASSEYLLWTSGYNEQFF,TRBV6-1,TRBJ2-1,viral
CASSEYLNTEAF,TRBV22,TRBJ1-1,cancer
CASSEYPGYYGYTF,TRBV6-1,TRBJ1-2,viral
CASSEYTGGDGYTF,TRBV25-1,TRBJ1-2,bacterial
CASSEYTGTNTEAFF,TRBV9,TRBJ1-1,viral
CASSFAGGKDYGYTF,TRBV7-8,TRBJ1-2,viral
CASSFAGSPHEQFF,TRBV28,TRBJ2-1,viral
CASSFAGTSGSYEQYF,TRBV7-9,TRBJ2-7,viral
CASSFAHLSYNEQFF,TRBV1-1,TRBJ2-1-1,viral
CASSFALGGHGYTF,TRBV7-9,TRBJ1-2,viral
CASSFASVGNEQF,,TRBJ2-1,autoimmune
CASSFDAGMNTEAFF,TRBV28,TRBJ1-1,viral
CASSFDFSGHEQYF,TRBV7-6,TRBJ2-7,viral
CASSFDGGDGELFF,TRBV05,TRBJ02-2,autoimmune
CASSFDKGYEQYF,TRBV7-2,TRBJ2-7,viral
CASSFDREVRGYTF,TRBV7-9,TRBJ1-2,viral
CASSFDRGGNYGYTF,TRBV7-9,TRBJ1-2,viral
CASSFDRPGDEQYF,TRBV7-8,TRBJ2-7,viral
CASSFDSYEQYF,TRBV7-8,TRBJ2-7,viral
CASSFDTQYF,TRBV7-9,TRBJ2-3,viral
CASSFDTRGGYEQYF,TRBV7-8,TRBJ2-7,viral
CASSFDVAGGQIGELF,TRBV27,TRBJ2-2,cancer
CASSFDWGQGEYEQYF,TRBV12-3/12-4,TRBJ2-7,viral
CASSFEAGAGYNEQFF,TRBV28,TRBJ2-1,viral
CASSFEEGLLLNEKLFF,TRBV28,TRBJ1-4,viral
CASSFEGAPYNEQFF,TRBV7-9,TRBJ2-1,viral
CASSFEGLKNTEAFF,TRBV28,TRBJ1-1,viral
CASSFEGLLSTDTQYF,TRBV28,TRBJ2-3,viral
CASSFEGTSPSYEQYF,TRBV28,TRBJ2-7,viral
CASSFEQIPYNEQFF,TRBV7-8,TRBJ2-1,viral
CASSFERPYEQYF,TRBV7-9,TRBJ2-7,viral
CASSFERSGRYNEQFF,TRBV7-2,TRBJ2-1,viral
CASSFESLGGYTF,TRBV12-3,TRBJ1-2,bacterial
CASSFETEAFF,TRBV13,TRBJ1-1,viral
CASSFEVADSYEQYF,TRBV7-8,TRBJ2-7,viral
CASSFFGQPQHF,TRBV7-8,TRBJ1-5,viral
CASSFFHPIWGMSSETQYF,TRBV5-6,TRBJ2-7,viral
CASSFFLAAGYPF,TRBV19-1,TRBJ1-2-1,viral
CASSFFSKKYNNEQF,TRBV12-4,TRBJ2-1,viral
CASSFFTGDGEQYF,TRBV7-9,TRBJ2-7,viral
CASSFFVGAGVGETQYF,TRBV27,TRBJ1-1,viral
CASSFGAGLTYEQYF,TRBV7-8,TRBJ2-7,viral
CASSFGATDTQYF,TRBV7-7,TRBJ2-3,viral
CASSFGAYSNQPQHF,TRBV7-8,TRBJ1-5,viral
CASSFGDTQYF,TRBV25-1,TRBJ2-3,viral
CASSFGEGRKTQYF,TRBV7-9,TRBJ2-5,viral
CASSFGGFYEQYF,TRBV7-6,TRBJ2-7,viral
CASSFGGITDTQYF,TRBV7-3,TRBJ2-3,viral
CASSFGGLGQPQHF,TRBV28,TRBJ1-5,cancer
CASSFGGLGTEAF,TRBV28,TRBJ1-1,cancer
CASSFGGLSYEQYF,TRBV7-2,TRBJ2-7,viral
CASSFGGMGQPQHF,TRBV28,TRBJ1-5,cancer
CASSFGGNEAFF,TRBV29-1,TRBJ1-1,viral
CASSFGGNEQYF,TRBV12-3,TRBJ2-7,viral
CASSFGGNTEAFF,TRBV5-1,TRBJ1-1,viral
CASSFGGPNEKLFF,TRBV28,TRBJ01-4,autoimmune
CASSFGGSSYNEQFF,TRBV4-1,TRBJ2-1,viral
CASSFGGSTGELFF,TRBV7-8,TRBJ2-2,viral
CASSFGGTEAFF,TRBV7-8,TRBJ1-1,viral
CASSFGGTNYEQYF,TRBV12,TRBJ02-7,autoimmune
CASSFGGTQYF,TRBV7-6,TRBJ2-5,viral
CASSFGGTTEAF,TRBV12-3/4,TRBJ1-1,viral
CASSFGGWETQYF,TRBV5-1,TRBJ2-5,autoimmune
CASSFGHEGTGELFF,TRBV12-3,TRBJ2-2,bacterial
CASSFGINYGYTF,TRBV7-9,TRBJ1-2,viral
CASSFGKIAGDEQYF,TRBV6,TRBJ2-7,cancer
CASSFGLAGVEDTQYF,TRBV14,,viral
CASSFGLDEAF,TRBV12-3/4,TRBJ1-1,viral
CASSFGLNQPQHF,TRBV28,TRBJ1-5,viral
CASSFGPNTEAFF,TRBV12-3,TRBJ1-1,viral
CASSFGPTAYEQYF,TRBV7-2,TRBJ2-7,viral
CASSFGQAWETQYF,TRBV5-1,TRBJ2-5,viral
CASSFGQAWYEQYF,TRBV5-1,TRBJ2-7,viral
CASSFGQGADIQYF,TRBV27,TRBJ2-4,viral
CASSFGQGAETQYF,TRBV27-1,TRBJ2-5-1,viral
CASSFGQGAIEQYF,TRBV18,TRBJ2-7,viral
CASSFGQGETDTQYF,TRBV7-9,TRBJ2-3,bacterial
CASSFGQGGYEQYF,TRBV13,,viral
CASSFGQGIGQPQHF,TRBV7-8,TRBJ1-5,viral
CASSFGQGKNIQYF,TRBV7-9,TRBJ2-4,viral
CASSFGQGLSGANVLTF,TRBV6-5,TRBJ2-6,viral
CASSFGQGNQPQHF,TRBV7-9,TRBJ1-5,viral
CASSFGQGNTEAFF,TRBV4-1,TRBJ1-1,viral
CASSFGQGQPQHF,TRBV6,TRBJ1-5,cancer
CASSFGQQETQYF,TRBV8-2,TRBJ2-5,viral
CASSFGRGSYEQYF,TRBV19,TRBJ2-7,viral
CASSFGRLAGGPGTDTQYF,,TRBJ2-3,cancer
CASSFGRSYEQYF,TRBV7-8,TRBJ2-7,viral
CASSFGSGAPGELFF,TRBV20-1,TRBJ2-5,viral
CASSFGSHGYTF,TRBV12-3,TRBJ1-2,viral
CASSFGSSTQYF,TRBV28,TRBJ2-3,viral
CASSFGSTDTQYF,TRBV19,TRBJ2-3,viral
CASSFGSTGELFF,TRBV7-8,TRBJ2-2,viral
CASSFGSYNEQFF,TRBV12-3,TRBJ2-1,viral
CASSFGTDQPQHF,TRBV8,TRBJ1-5,cancer
CASSFGTDRSGNTIYF,TRBV13,TRBJ1-3,viral
CASSFGTFETQYF,TRBV2-1,TRBJ2-5-1,viral
CASSFGTFGAYGYTF,TRBV5-6,TRBJ1-2,viral
CASSFGTGAREQFF,TRBV7-9,TRBJ2-1,viral
CASSFGTGELFF,TRBV7-8,TRBJ2-2,viral
CASSFGTGHTGELF,TRBV27,TRBJ2-2,viral
CASSFGTGRQFF,TRBV28,TRBJ2-1,viral
CASSFGTGTSELTDTQYF,TRBV7-9,TRBJ2-3,viral
CASSFGTGWSDEQFF,TRBV7-2,TRBJ2-1,viral
CASSFGTGYQPQHF,TRBV7-9,TRBJ1-5,viral
CASSFGTTNTGELF,,TRBJ2-2,autoimmune
CASSFGVAGGASRHEQYF,TRBV12-3,TRBJ2-7,viral
CASSFGVNTGELFF,TRBV7-8,TRBJ2-2,viral
CASSFGVYEQYF,TRBV12-3,,viral
CASSFHDREGIRSPLHF,TRBV7-9,TRBJ1-6,viral
CASSFHDSQGAGSPLHF,TRBV7-9,TRBJ1-6,viral
CASSFHDWTGSGAEAFF,TRBV7-9,TRBJ1-1,viral
CASSFHRVMNTEAFF,TRBV12-3,TRBJ1-1,viral
CASSFIAVTTEAF,TRBV12-4,TRBJ1-1,cancer
CASSFIGGVDGYTF,TRBV1-1,TRBJ1-2-1,viral
CASSFIPGQGTHYSNQPQHF,TRBV6-2,TRBJ1-5,viral
CASSFISGYNEQFF,TRBV7-6,TRBJ2-1,viral
CASSFITDTQYF,TRBV7-9,TRBJ2-3,viral
CASSFKGADTQYF,TRBV12-4,TRBJ2-3,viral
CASSFKGQPYTGELFF,TRBV7-8,TRBJ2-2,viral
CASSFLAASFYEQYF,TRBV27,TRBJ2-7,viral
CASSFLAGGNNEQF,TRBV28,TRBJ2-1,viral
CASSFLDLSAGDTQYF,TRBV5-8,TRBJ2-3,cancer
CASSFLDREMETQYF,,TRBJ2-5,autoimmune
CASSFLGADTQYF,TRBV7-3,TRBJ2-3,viral
CASSFLGGGSDNEQFF,TRBV7-3,TRBJ2-1,viral
CASSFLGGQEQFF,TRBV7-3,TRBJ2-1,viral
CASSFLGKSYEQYF,TRBV29-1,TRBJ2-7,viral
CASSFLGRQQGEQYF,TRBV7-3,TRBJ2-7,viral
CASSFLGSNQPQHF,TRBV12-4,TRBJ1-5,cancer
CASSFLGSSSYEQYF,TRBV28,TRBJ2-7,cancer
CASSFLGTASYEQYF,TRBV28,TRBJ2-7,cancer
CASSFLGVHNEQFF,TRBV7-9,TRBJ2-1,viral
CASSFLLDGYT,TRBV5-4,TRBJ1-2,viral
CASSFLNLNNEQFF,TRBV5-1,TRBJ2-1,viral
CASSFLPDSGQPQHF,TRBV6-2,TRBJ1-5,viral
CASSFLQETQYF,TRBV7-6,TRBJ2-5,viral
CASSFLQGDIIMGYNEQFF,TRBV28,TRBJ2-1,viral
CASSFLQGNQPQHF,TRBV7-2,,viral
CASSFLQVTEAF,TRBV3,TRBJ1-1,viral
CASSFLSADTQYF,TRBV7-3,TRBJ2-3,viral
CASSFLTGARSKNIQYF,TRBV5-4,TRBJ2-4,viral
CASSFLTNYGYTF,TRBV12-3,TRBJ1-2,viral
CASSFMGSSSYEQYF,TRBV28,TRBJ2-7,cancer
CASSFMGTSSYEQYF,TRBV28,TRBJ2-7,cancer
CASSFMTDTQYF,,,viral
CASSFNDEQF,TRBV27,TRBJ2-1,cancer
CASSFNGPNTEAF,TRBV1-5,TRBJ1-1,viral
CASSFNNEQFF,TRBV5-1,TRBJ2-1,viral
CASSFNPGLAVYEQYF,,TRBJ2-7,autoimmune
CASSFNTGELF,TRBV28,TRBJ2-2,cancer
CASSFNVQGGGDTQYF,TRBV27,TRBJ2-3,viral
CASSFPADRGSWGNEQFF,TRBV28,TRBJ2-1,viral
CASSFPDTQYF,TRBV28,TRBJ2-3,viral
CASSFPGGLYEQYF,TRBV7-8,TRBJ2-7,viral
CASSFPGGRATESSYNEQFF,TRBV28,TRBJ2-1,viral
CASSFPGGVSPGQGSYNEQFF,TRBV28,TRBJ2-1,viral
CASSFPGGYEQYF,TRBV7-9,TRBJ2-7,viral
CASSFPGQAYEQYF,TRBV7-9,TRBJ2-7,viral
CASSFPGQGANQPQHF,TRBV7-2,TRBJ1-5,viral
CASSFPGSAADTQYF,TRBV7-2,TRBJ2-3,viral
CASSFPKDGSTYEQYF,TRBV7-1,TRBJ2-7-1,viral
CASSFPNQPQHF,TRBV12-3,TRBJ1-5,viral
CASSFPPYNEQFF,TRBV7-8,TRBJ2-1,viral
CASSFPQGHEQYF,TRBV7-9,TRBJ2-7,viral
CASSFPQNTEAF,TRBV7-9,TRBJ1-1,viral
CASSFPRGVSGNTIYF,TRBV12-5,TRBJ1-3,viral
CASSFPRTATDLYF,TRBV7-9,TRBJ2-7,viral
CASSFPRVNTGELFF,TRBV7-3,TRBJ2-2,viral
CASSFPSGQSSYNEQFF,TRBV6-8,TRBJ2-1,viral
CASSFPSGRAGEQFF,TRBV7-8,TRBJ2-1,viral
CASSFPTTYEQYF,TRBV7-9,TRBJ2-7,viral
CASSFPVLAGLSSTDTQYF,TRBV7-9,TRBJ2-3,viral
CASSFPWGETQYF,TRBV7-2,TRBJ2-5,viral
CASSFQGADYGYTF,TRBV5-6,TRBJ1-2,viral
CASSFQGAVGTDTQYF,TRBV7-8,TRBJ2-3,viral
CASSFQGDGANVLTF,TRBV6-2,TRBJ2-6,bacterial
CASSFQGFTEAF,TRBV28,TRBJ1-1,viral
CASSFQGLGQPQHF,TRBV28,TRBJ1-5,cancer
CASSFQGLGSPLHF,TRBV28,TRBJ1-6,cancer
CASSFQGLGTEAF,TRBV28,TRBJ1-1,cancer
CASSFQGNTGELFF,TRBV7-9,TRBJ2-2,viral
CASSFQGTEAFF,TRBV7-6,TRBJ1-1,viral
CASSFQGYTEAF,TRBV3,TRBJ1-1,viral
CASSFQGYTEAFF,TRBV28,TRBJ1-1,viral
CASSFQTGASYGYTF,TRBV13,TRBJ1-2,viral
CASSFQTSYEQYF,TRBV9,TRBJ2-5,viral
CASSFRAGEQFF,TRBV12-5,TRBJ2-1,viral
CASSFRAGYNEQFF,TRBV7-6,TRBJ2-1,viral
CASSFRAGYNEQYF,TRBV7-9,TRBJ2-7,viral
CASSFRDLGSYEQYF,TRBV7-9,TRBJ2-7,viral
CASSFRDRGHYEQYF,TRBV7-9,TRBJ2-7,viral
CASSFRDRGRYEQYF,TRBV7-9,TRBJ2-7,viral
CASSFREAYEQYF,TRBV5-1,TRBJ2-7,viral
CASSFRGEGHPDTQYF,TRBV6-5,TRBJ2-3,viral
CASSFRGEGLGDTQYF,TRBV7-9,TRBJ2-3,viral
CASSFRGPLSNEKLFF,TRBV28,TRBJ1-4,cancer
CASSFRGQNTEAF,TRBV5,TRBJ1-1,cancer
CASSFRGQPQHF,TRBV12-3,TRBJ1-5,viral
CASSFRGSYTF,TRBV5-4,TRBJ1-2,viral
CASSFRGTSYEQYF,TRBV7-6,TRBJ2-7,viral
CASSFRNEQFF,TRBV28,TRBJ2-1,viral
CASSFRPLAAPSDEQFF,TRBV7-2,TRBJ2-1,viral
CASSFRQGANTGELFF,TRBV7-9,TRBJ2-2,viral
CASSFRQGLGHTGELF,TRBV28,TRBJ2-2,viral
CASSFRQGSDTGELFF,TRBV7-9,TRBJ2-2,viral
CASSFRQGSNTGELFF,TRBV7-9,TRBJ2-2,viral
CASSFRQGTPTGELFF,TRBV7-9,TRBJ2-2,viral
CASSFRQGVNTGELFF,TRBV7-9,TRBJ2-2,viral
CASSFRRNTEAFF,TRBV28,TRBJ1-1,viral
CASSFRSANEQF,TRBV19,TRBJ2-7,viral
CASSFRSAPPNTEAF,TRBV13,TRBJ2-7,cancer
CASSFRSGINTGELFF,TRBV7-9,TRBJ2-2,viral
CASSFRSPNERNF,TRBV19-1,TRBJ2-7-1,viral
CASSFRSQETQYF,TRBV19,TRBJ2-5,viral
CASSFRSSYEQYF,TRBV1-1,TRBJ2-7-1,viral
CASSFRSTDTQYF,TRBV19-2,TRBJ2-3-1,viral
CASSFRTGGSYEQYF,TRBV7-9,TRBJ2-7,viral
CASSFRTGITTGELFF,TRBV7-9,TRBJ2-2,viral
CASSFRTGRHQPQHF,TRBV7-8,TRBJ1-5,viral
CASSFRTGVGYTF,TRBV7-4,TRBJ1-2,viral
CASSFRTVNSYEQYF,TRBV7-8,TRBJ2-7,viral
CASSFRWRERDTQYF,TRBV7-6,TRBJ2-3,viral
CASSFSAGTGDEQF,,TRBJ2-1,autoimmune
CASSFSDRTYSYEQYF,,TRBJ2-7,autoimmune
CASSFSDTNSPLHF,TRBV28,TRBJ1-6,viral
CASSFSETANREELFF,TRBV7-6,TRBJ2-2,viral
CASSFSETSTDTQYF,TRBV7-2,TRBJ2-3,viral
CASSFSGDNSPLHF,TRBV28,TRBJ1-6,bacterial
CASSFSGDTEAFF,TRBV28,,viral
CASSFSGDTGELFF,TRBV7-2,TRBJ2-2,viral
CASSFSGGAPGELF,TRBV27,TRBJ2-2,viral
CASSFSGGKGEQFF,TRBV7-2,TRBJ2-1,viral
CASSFSGGSYNEQFF,TRBV7-2,TRBJ2-1,viral
CASSFSGLSNTEAFF,TRBV7-8,TRBJ1-1,viral
CASSFSGQLDTIYF,TRBV7-8,TRBJ1-3,viral
CASSFSGQNTEAFF,TRBV7-8,TRBJ1-1,viral
CASSFSGQNTEAFY,TRBV7-3,TRBJ1-1,viral
CASSFSGRTDTQYF,TRBV7-6,TRBJ2-3,viral
CASSFSGSADTQYF,,TRBJ2-3,autoimmune
CASSFSGSDTQYF,TRBV06,TRBJ02-3,autoimmune
CASSFSGSTDTQYF,TRBV5-1,TRBJ2-3,viral
CASSFSGTANTEAFF,TRBV7-8,TRBJ1-1,viral
CASSFSGTAYGYTF,TRBV7-9,TRBJ1-2,viral
CASSFSHGNTIYF,TRBV7-2,TRBJ1-3,viral
CASSFSKNTEAF,TRBV12-3/4,TRBJ1-1,viral
CASSFSLAGGPEETQYF,TRBV7-6,TRBJ2-5,viral
CASSFSLPSAGRSNEQFF,TRBV7-9,TRBJ2-1,viral
CASSFSLPYEQYF,TRBV2-3,TRBJ2-7,viral
CASSFSPEGTGELFF,TRBV27,TRBJ02-2,autoimmune
CASSFSPGPNTEAFF,TRBV5-1,TRBJ1-1,viral
CASSFSPHLDGTGYGYTF,TRBV7-8,TRBJ1-2,viral
CASSFSPSSYNEQFF,TRBV7-2,,viral
CASSFSQGGNGYTF,TRBV7-9,TRBJ1-2,viral
CASSFSRNTGELF,TRBV14,TRBJ2-2,viral
CASSFSRSGTEAFF,TRBV12-3/12-4,TRBJ1-1,viral
CASSFSRTAGNTIYF,TRBV7-2,TRBJ1-3,viral
CASSFSSGRPYNEQFF,TRBV7-8,TRBJ2-1,viral
CASSFSSGSSYEQYF,TRBV7-9,TRBJ2-7,autoimmune
CASSFSSGTTDTQYF,TRBV21-3,TRBJ2-3,viral
CASSFSSLNTGELFF,TRBV28,TRBJ2-2,viral
CASSFSSSYNEQFF,TRBV7-9,TRBJ2-1,viral
CASSFSSTDTQYF,TRBV19,TRBJ2-3,viral
CASSFSTGYADGYTF,TRBV12-3,,viral
CASSFSTSGRAFVNEQFF,TRBV7-3,TRBJ2-1,viral
CASSFSWTEAFF,TRBV12-3,TRBJ1-1,viral
CASSFTAGNTDTQYF,TRBV12-3/12-4,TRBJ2-3,viral
CASSFTANQETQYF,TRBV7-9,TRBJ2-5,viral
CASSFTDTQYF,TRBV7-2,TRBJ2-3,viral
CASSFTEAFF,TRBV7-3,TRBJ1-1,bacterial
CASSFTEDEQFF,TRBV11-2,TRBJ2-1,viral
CASSFTGETTDTQYF,TRBV7-3,TRBJ2-3,viral
CASSFTGKGYNEQFF,TRBV7-9,TRBJ2-1,viral
CASSFTGLYTEAFF,TRBV4-1,TRBJ1-1,viral
CASSFTGNGNTIYF,TRBV25-1,TRBJ1-3,bacterial
CASSFTGNTEAFF,TRBV7-6,TRBJ1-1,viral
CASSFTGPGELFF,TRBV7-2,TRBJ2-2,viral
CASSFTGRSNEQFF,TRBV9,TRBJ2-1,viral
CASSFTGRSPLHF,TRBV15,TRBJ2-3,viral
CASSFTGTEQFF,TRBV28,TRBJ2-1,viral
CASSFTGTSGSPYEQYF,TRBV6-2,TRBJ2-7,viral
CASSFTKDYSTMF,TRBV19-1,TRBJ2-1-1,viral
CASSFTLGTGGVEQYF,TRBV27-1,TRBJ2-7-1,viral
CASSFTLSPETQYF,TRBV7,TRBJ2-5,viral
CASSFTPYNEQF,TRBV28,TRBJ2-1,cancer
CASSFTRQSPYNEQF,TRBV5-5,TRBJ2-1,viral
CASSFTSGGYNEQFF,TRBV7-2,TRBJ2-1,viral
CASSFTSGVITGELF,TRBV7-9,TRBJ2-2,viral
CASSFTSIGTDTQYF,TRBV7-3,TRBJ2-3,viral
CASSFTSNSYEQYF,TRBV7-8,TRBJ2-7,viral
CASSFTSRGTGELFF,TRBV28,,viral
CASSFTTMGNQPQHF,TRBV10-3,,viral
CASSFTVGGQETQYF,TRBV27,TRBJ2-5,cancer
CASSFTVGTEAFF,TRBV13,TRBJ1-1,cancer
CASSFTVQTSGANVLTF,TRBV7-2,TRBJ2-6,viral
CASSFVAGSNNEQFF,TRBV5-1,TRBJ2-1,bacterial
CASSFVGDTQYF,TRBV5-8,TRBJ2-3,cancer
CASSFVGGEQFF,TRBV6-1/6-5/6-6,TRBJ2-1,viral
CASSFVGGGGRETQYF,TRBV06,TRBJ02-5,autoimmune
CASSFVGGIDGYTF,TRBV4-3,TRBJ2-5,viral
CASSFVGQDHNEQFF,TRBV12-3,TRBJ2-1,viral
CASSFVHGYTF,TRBV6-2,TRBJ1-2,viral
CASSFVQGLAGDTQYF,TRBV7-8,TRBJ2-3,viral
CASSFVSSGSTVADTQYF,TRBV7-9,TRBJ2-3,viral
CASSFVTGSAGIDNEQFF,TRBV6-2,TRBJ2-1,viral
CASSFVTSGGHGTDTQYF,TRBV5-1,TRBJ2-3,cancer
CASSFWGQGTDTQYF,TRBV7-6,TRBJ2,viral
CASSFWGSQPQHF,TRBV12-3,TRBJ1-5,autoimmune
CASSFWHPYEQYF,TRBV07,TRBJ02-7,autoimmune
CASSFWRGAIWNEQFF,TRBV7-2,TRBJ2-1,cancer
CASSFWRTETQYF,TRBV7-2,TRBJ2-5,viral
CASSFYGETQYF,TRBV7-2,TRBJ2-1,viral
CASSFYGREAFF,TRBV7-2,TRBJ1-1,viral
CASSFYGYSNQPQHF,TRBV7-2,,viral
CASSFYLAEQFF,TRBV28,TRBJ2-1,viral
CASSFYPTDEQF,TRBV5-4,TRBJ2-1,viral
CASSFYSNQPQHF,TRBV1-1,TRBJ1-5-1,viral
CASSFYSSGRNSYF,TRBV5-1,TRBJ2-3,viral
CASSGAGGGSPDTQYF,TRBV11-2,TRBJ2-3,viral
CASSGAGGWTEAF,TRBV6,TRBJ1-1,cancer
CASSGAQDRGQGEQFF,TRBV25-1,TRBJ2-1,bacterial
CASSGAQGYEQYF,TRBV2,TRBJ2-7,cancer
CASSGASGGANEQFF,TRBV6-1,TRBJ2-1,bacterial
CASSGASHEQYF,TRBV27,,viral
CASSGDFPNEQFF,TRBV9,,viral
CASSGDGETQYF,TRBV7-2,TRBJ2-5,viral
CASSGDHSYEQYF,TRBV3-1,TRBJ2-7,viral
CASSGDIHEQYF,TRBV9,TRBJ2-7,autoimmune
CASSGDNYNSPLHF,TRBV6-1/6-5/6-6,TRBJ1-6,viral
CASSGDRGRSYEQYF,TRBV4-3,TRBJ2-7,viral
CASSGDSDEQYF,TRBV7-9,TRBJ2-7,viral
CASSGDSNQPQHF,TRBV25-1,TRBJ1-5,bacterial
CASSGDTDTQYF,TRBV7-8,TRBJ2-3,viral
CASSGDVFNYGYTF,TRBV6-1/6-5/6-6,TRBJ1-2,viral
CASSGEDRDGAYEQYF,TRBV25-1,TRBJ2-7,bacterial
CASSGEEYEQYF,TRBV7-9,TRBJ2-7,viral
CASSGEGVEQYF,TRBV7-8,TRBJ2-7,viral
CASSGEGVGQPQHF,TRBV6-5,TRBJ1-5,viral
CASSGENIEAFF,TRBV4-2,TRBJ1-1,viral
CASSGENPGGTGELFF,TRBV13,TRBJ2-2,viral
CASSGEQGDGYTF,TRBV7-2,TRBJ1-2,viral
CASSGEREDNEQFF,TRBV7-9,TRBJ2-1,viral
CASSGESYNEQFF,TRBV25-1,TRBJ2-1,bacterial
CASSGFDRDNYGYTF,TRBV7-6,TRBJ1-2,viral
CASSGFGQGATNEKLFF,TRBV7-8,TRBJ1-4,viral
CASSGFISGANVLTF,TRBV6-2,TRBJ2-6,bacterial
CASSGFRDRVNEQYF,TRBV7-9,TRBJ2-7,viral
CASSGFTGFANEAF,TRBV7-9,TRBJ2-6,viral
CASSGGAHTEAF,TRBV27,TRBJ1-1,viral
CASSGGDAYEQYF,TRBV6-2,TRBJ2-7,bacterial
CASSGGDINEQFF,TRBV6-1,TRBJ2-1,bacterial
CASSGGDRDTEAFF,TRBV25-1,TRBJ1-1,bacterial
CASSGGDTGELFF,TRBV6-1,TRBJ2-2,bacterial
CASSGGEGSSPLHF,TRBV9,TRBJ1-6,viral
CASSGGGGANSPLHF,TRBV2-1,TRBJ1-6,autoimmune
CASSGGGQYNEQFF,TRBV9,TRBJ2-1,autoimmune
CASSGGGVYNEQFF,TRBV25-1,TRBJ2-1,bacterial
CASSGGLAGTYEQYF,TRBV6-2,TRBJ2-7,viral
CASSGGLAVTLGQETQYF,TRBV2,TRBJ2-5,viral
CASSGGLEAFF,TRBV6-2/6-3,TRBJ1-1,viral
CASSGGLEQYF,TRBV6-1/6-5/6-6,TRBJ2-7,viral
CASSGGQAYEQYF,TRBV6-1,TRBJ2-7,viral
CASSGGQEGQPQHF,TRBV6-2,TRBJ1-5,bacterial
CASSGGQGNTEAFF,TRBV7-9,TRBJ1-1,viral
CASSGGQGPLKELTYEQYF,TRBV7-6,TRBJ2-7,viral
CASSGGQGRTMNTEAF,TRBV2,TRBJ1-1,viral
CASSGGQKNEKLFF,TRBV6-1/6-5/6-6,TRBJ1-4,viral
CASSGGRGSPLHF,TRBV27,TRBJ1-6,viral
CASSGGRNQPQHF,TRBV5-1,TRBJ1-5-1,viral
CASSGGRRAF,TRBV27,TRBJ1-1,viral
CASSGGRRAFF,TRBV27,TRBJ1-1,viral
CASSGGSKKTQF,TRBV19-1,TRBJ2-3-1,viral
CASSGGSKNYAVF,TRBV19-1,TRBJ2-3-1,viral
CASSGGSSAAGEQF,,TRBJ2-1,autoimmune
CASSGGSSDTQYF,TRBV27,TRBJ2-3,viral
CASSGGTADTQYF,TRBV9,TRBJ2-3,viral
CASSGGTSGAYEQYF,TRBV10-2,TRBJ2-7,viral
CASSGGVFYGYTF,TRBV27,TRBJ1-2,viral
CASSGGVQGEQFF,TRBV6-4,TRBJ2-1,viral
CASSGHRDGSSYEQYF,TRBV6-5,TRBJ2-7,viral
CASSGHRDRDSSGANVLTF,TRBV25-1,TRBJ2-6,bacterial
CASSGHSGRDQETQYF,TRBV4-1,TRBJ2-5,viral
CASSGHTQGTYGYTF,TRBV2,TRBJ1-2,cancer
CASSGIGTDEQFF,TRBV25-1,TRBJ2-1,bacterial
CASSGINEQYF,TRBV25-1,TRBJ2-7,bacterial
CASSGKGDSGSNQPQHF,TRBV25-1,TRBJ1-5,bacterial
CASSGKLSVYNEQFF,TRBV25-1,TRBJ2-1,bacterial
CASSGLAGARNEQYF,TRBV6-6,TRBJ2-7,viral
CASSGLAGGPDTQYF,TRBV6-1,TRBJ2-3,bacterial
CASSGLAGGQETQYF,TRBV6-1,TRBJ2-5,bacterial
CASSGLAGGTDTQYF,TRBV6-4,TRBJ2-3,bacterial
CASSGLAGLGQF,TRBV12-3,TRBJ2-1,viral
CASSGLEGAGDTQYF,TRBV7-2,,viral
CASSGLGDEQFF,TRBV9,TRBJ2-1,viral
CASSGLGDTDTQYF,TRBV6-1,TRBJ2-3,bacterial
CASSGLGGYT,TRBV7-9,TRBJ1-2,viral
CASSGLGLAFSYEQYF,TRBV28,TRBJ2-7,viral
CASSGLRENTEAFF,TRBV5-6,TRBJ1-1,viral
CASSGLRRDRDTQYF,TRBV7-8,TRBJ2-3,viral
CASSGLSKANEQFF,TRBV4-3,TRBJ2-1,viral
CASSGLSLTLVEQYF,TRBV28,TRBJ2-7,viral
CASSGMNTEAF,TRBV5-1,TRBJ1-1,viral
CASSGPFQETQYF,TRBV7-8,TRBJ2-5,viral
CASSGPGGEQYF,TRBV28-1,TRBJ2-7,viral
CASSGPGLAGGTDTQYF,TRBV7-6,TRBJ2-3,viral
CASSGPSNEQFF,TRBV9,TRBJ2-1,viral
CASSGPYLDREETQYF,TRBV25-1,TRBJ2-5,bacterial
CASSGQAGGSTEAFF,TRBV6-1,TRBJ1-1,bacterial
CASSGQDGYTF,TRBV6-5,TRBJ1-2,viral
CASSGQDYGYTF,TRBV19,TRBJ1-2,viral
CASSGQEYGYTF,TRBV6-1,TRBJ1-2,viral
CASSGQGAYEQYF,TRBV6-1,TRBJ2-7,viral
CASSGQGAYGYTF,TRBV2,TRBJ1-2,viral
CASSGQGEVLNIQYF,TRBV7-2,TRBJ2-4,viral
CASSGQGFSGANVLTF,TRBV6-1/6-5/6-6,TRBJ2-6,viral
CASSGQGGTEAFF,TRBV9-1,TRBJ1-1-1,viral
CASSGQGGTYEQYF,TRBV6-2,TRBJ2-7,viral
CASSGQGGYEQYF,TRBV6-3,TRBJ2-7,viral
CASSGQGGYT,TRBV19,TRBJ1-2,viral
CASSGQGMGYTF,TRBV5,TRBJ1-2,cancer
CASSGQGPSEKLFF,TRBV9,TRBJ1-4,viral
CASSGQGTDTQYF,TRBV25-1,TRBJ2-3,bacterial
CASSGQGYGYAF,TRBV19,TRBJ1-2,viral
CASSGQHNTGELFF,TRBV7-3,TRBJ2-2,autoimmune
CASSGQLLEAF,TRBV6-1,TRBJ1-1,viral
CASSGQLYGYTF,TRBV19,TRBJ1-2,viral
CASSGQSYGYA,TRBV19,TRBJ1-2,viral
CASSGRAAGELFF,TRBV19-2,TRBJ2-2-1,viral
CASSGRASGELFF,TRBV19,TRBJ2-2,viral
CASSGRATDTQYF,TRBV19,,viral
CASSGRATGELFF,TRBV19,TRBJ2-2,viral
CASSGRDREFVTEAFF,TRBV25-1,TRBJ1-1,bacterial
CASSGRDRQNTEAFF,TRBV19,TRBJ1-1,viral
CASSGRDTSTDTQYF,TRBV6-1,TRBJ2-3,viral
CASSGREATGELFF,TRBV6-1,TRBJ2-2,autoimmune
CASSGRGGGPDTQYF,TRBV7-2,TRBJ2-3,viral
CASSGRNYGYTF,TRBV19,TRBJ1-2,viral
CASSGRPTETQYF,TRBV19-1,TRBJ2-3-1,viral
CASSGRQAYGYTF,TRBV9,TRBJ1-2,viral
CASSGRQSSPSSGNTIYF,TRBV7-9,TRBJ1-3,viral
CASSGRSADTQYF,TRBV1-1,TRBJ2-3-1,viral
CASSGRSAETQYF,TRBV19,TRBJ2-7,viral
CASSGRSAGELF,TRBV19,TRBJ2-7,viral
CASSGRSGANVLTF,,TRBJ2-6,cancer
CASSGRSGETQYF,TRBV19,TRBJ2-5,viral
CASSGRSGIEQYF,TRBV19,,viral
CASSGRSGVEQFF,TRBV19,TRBJ2-1,viral
CASSGRSLEEQYF,TRBV19,TRBJ2-7,viral
CASSGRSNTEAF,TRBV19,TRBJ1-1,viral
CASSGRSPYEQDF,TRBV19-1,TRBJ2-7-1,viral
CASSGRSSQPQHF,TRBV19,TRBJ1-5,viral
CASSGRSTDTQYF,TRBV19,TRBJ2-3,viral
CASSGRTSGGNTDTQYF,TRBV9,TRBJ2-3,autoimmune
CASSGRTSGRPDTQYF,TRBV7-9,TRBJ2-3,viral
CASSGRTSGSSYEQYF,,TRBJ2-7,autoimmune
CASSGRWTAYNEQFF,TRBV2-1,TRBJ2-1-1,viral
CASSGSDTQYF,TRBV2,TRBJ2-3,viral
CASSGSERGMNEQYF,TRBV27,TRBJ2-7,viral
CASSGSGETGELFF,TRBV6-1,TRBJ2-2,bacterial
CASSGSGGADTQYF,TRBV6-4,TRBJ2-3,bacterial
CASSGSGSSYNEQFF,TRBV7-9,TRBJ2-1,viral
CASSGSNLEAF,TRBV27,TRBJ1-1,viral
CASSGSREQYF,TRBV7-2,TRBJ2-7,viral
CASSGSSGYEQYF,TRBV6-5,TRBJ2-7,viral
CASSGSSTGMNTGELFF,TRBV9,TRBJ2-2,viral
CASSGSSYNSPLHF,TRBV25-1,TRBJ1-6,bacterial
CASSGSYEQYF,TRBV7-2,TRBJ2-7,viral
CASSGTAGTGELFF,TRBV6-4,TRBJ2-2,bacterial
CASSGTANTGELFF,TRBV7-9,TRBJ2-2,viral
CASSGTASFDEQF,TRBV9,TRBJ2-1,viral
CASSGTDSNQPQHF,TRBV6-1,TRBJ1-5-1,viral
CASSGTEQFF,TRBV4-1,TRBJ2-1,autoimmune
CASSGTGATEAFF,TRBV4-2,TRBJ1-1,viral
CASSGTGGAETQYF,,TRBJ2-5,autoimmune
CASSGTGGYNEQFF,TRBV6-4,TRBJ2-1,bacterial
CASSGTGLGQPQHF,TRBV19,TRBJ1-5,cancer
CASSGTGRLSTDTQYF,TRBV7-9,TRBJ2-3,cancer
CASSGTGTEAF,TRBV6-2,TRBJ1-1,viral
CASSGTGTLSYEQYF,,TRBJ2-7,cancer
CASSGTGVSPLHF,TRBV5-1,TRBJ1-6,viral
CASSGTNSPLHF,TRBV9,,viral
CASSGTPGLDTGELFF,TRBV4-3,TRBJ2-2,bacterial
CASSGTQGEHTEAFF,TRBV28,TRBJ1-1,viral
CASSGTSGANVLTF,TRBV6-4,TRBJ2-6,bacterial
CASSGTSGGANIQYF,TRBV6-1,TRBJ2-4,bacterial
CASSGTSGGNEQFF,TRBV6-4,TRBJ2-1,bacterial
CASSGTSGGTDTQYF,TRBV6-4,TRBJ2-3,bacterial
CASSGTSGGYNEQFF,TRBV6-4,TRBJ2-1,bacterial
CASSGTSGNYEQYF,TRBV28,TRBJ2-7,cancer
CASSGTSLGGELFF,TRBV6-5,TRBJ2-2,viral
CASSGTSSPYEQYF,TRBV12-3,TRBJ2-7,viral
CASSGTSTGELFF,TRBV6-4,TRBJ2-2,bacterial
CASSGTSYGYTF,TRBV7-9,TRBJ1-2,viral
CASSGTTSFDEQF,TRBV9,TRBJ2-1,viral
CASSGVEGITVNTEAF,TRBV2,TRBJ1-1,viral
CASSGVEPGSPLHF,TRBV2,TRBJ1-6,viral
CASSGVGGTDTQYF,TRBV5-1,TRBJ2-3,viral
CASSGVRSIWELFF,TRBV7-9,TRBJ2-2,autoimmune
CASSGVYETQYF,TRBV10,TRBJ02-5,autoimmune
CASSGWDNEQFF,TRBV11-3,TRBJ2-1,viral
CASSGWTGPNTEAFF,TRBV7-9,TRBJ1-1,viral
CASSGYEREGVWAYEQYF,TRBV11-2,TRBJ2-7,autoimmune
CASSGYGTGELFF,TRBV25-1,TRBJ2-2,bacterial
CASSGYSVDTQYF,TRBV19,TRBJ2-3,viral
CASSHASNEQFF,TRBV14,TRBJ2-1,viral
CASSHATSGRGYEQYF,TRBV4-3,TRBJ2-7,viral
CASSHDGPGEQF,TRBV5-1,TRBJ2-1,cancer
CASSHEDRGHFWETQYF,TRBV4-1,TRBJ2-5,viral
CASSHEGAGANVLTF,TRBV20-1,TRBJ2-2,viral
CASSHEVYYEQYF,TRBV4-3,,viral
CASSHFTGGGNQPQHF,TRBV4-1,TRBJ1-5,autoimmune
CASSHGAEAFF,TRBV5-1,TRBJ1-1,viral
CASSHGDIETSYEQYF,TRBV7-8,TRBJ2-7,viral
CASSHGDRGLTEAFF,TRBV4-1,TRBJ1-1,viral
CASSHGGADTQYF,TRBV4-1,TRBJ2-3,viral
CASSHGMGASTSGYT,TRBV4-1,TRBJ1-2,viral
CASSHGQGAYEQYF,TRBV7-2,TRBJ2-7,viral
CASSHGQGGQETQYF,TRBV7-2,TRBJ2-5,viral
CASSHGQLQETQYF,TRBV5-1,TRBJ2-5,cancer
CASSHGRGQDTGELFF,TRBV4-3,TRBJ2-2,viral
CASSHGSYEQYF,TRBV4-1,TRBJ2-7,viral
CASSHGTAGSGNTIYF,TRBV4-1,TRBJ1-3,viral
CASSHHGQGNYGYTF,TRBV4-3,TRBJ1-2,viral
CASSHIGSTGELFF,TRBV4-1,TRBJ2-2,viral
CASSHIQGAGELFF,TRBV4-3,TRBJ2-2,viral
CASSHISGGSDTQYF,TRBV7-2,TRBJ2-3,viral
CASSHLDHEQFF,TRBV4-1,TRBJ2-1,viral
CASSHLDSGLAVDTEAF,TRBV5-1,TRBJ1-1,viral
CASSHLFLPISDGGLLRANVLTF,TRBV14,TRBJ2-6,viral
CASSHLGADTQYF,TRBV25-1,TRBJ2-3,bacterial
CASSHLLDRGQETQYF,TRBV27,TRBJ2-7,viral
CASSHLQGGQYNEQFF,TRBV4-3,TRBJ2-1,viral
CASSHLTGEEQFF,TRBV12-3,TRBJ2-1,viral
CASSHMGDSVKNIQYF,TRBV28,TRBJ2-4,viral
CASSHNEQFF,TRBV11-2,TRBJ2-1,viral
CASSHPAGNFHGYTF,TRBV4-1,TRBJ1-2,viral
CASSHPEGGTGELFF,TRBV7-8,TRBJ2-2,viral
CASSHPGGANVLTF,TRBV4-2,TRBJ2-6,viral
CASSHPGHIGQPQHF,TRBV7-9,TRBJ1-5,viral
CASSHPLADPTDTQYF,TRBV7-9,TRBJ2-3,viral
CASSHPLTDEQYF,TRBV7-8,TRBJ2-7,viral
CASSHPNPGLATGELFF,TRBV4-1,TRBJ2-2,viral
CASSHPSEQYF,TRBV6-6,TRBJ2-7,viral
CASSHPYTGELFF,TRBV4-1,TRBJ2-2,viral
CASSHQDSSSYEQYV,TRBV23-1,TRBJ2-7,cancer
CASSHQGTGAGELFF,TRBV4-1,TRBJ2-2,viral
CASSHQGVGQPQHF,TRBV28,TRBJ1-5,cancer
CASSHRDGTYEQYF,TRBV4-3,TRBJ2-7,viral
CASSHRDLGYEQYF,TRBV7-6,TRBJ2-7,viral
CASSHRDRATEAFF,TRBV4-1,TRBJ1-1,viral
CASSHRDSGNTIYF,TRBV16,TRBJ1-3,viral
CASSHRDSPSTDTQYF,TRBV7-2,TRBJ2-3,viral
CASSHRGAPPYNEQFF,TRBV7-8,TRBJ2-1,viral
CASSHRGQIGQFF,TRBV7-8,TRBJ2-1,viral
CASSHRGSWKEQYF,TRBV6-1,TRBJ2-7,viral
CASSHRQGGTGELF,TRBV5-1,TRBJ2-2,viral
CASSHRRGSQGEQFF,TRBV7-2,TRBJ2-1,viral
CASSHRRPLGGTEAFF,TRBV7-2,TRBJ1-1,viral
CASSHRTLYGYTF,TRBV12-3/12-4,TRBJ1-2,viral
CASSHSGGARNTIYF,TRBV4-1,TRBJ1-3,viral
CASSHSGTFYGYTF,TRBV7-4,TRBJ1-2,viral
CASSHSGYEQFF,TRBV4-1,TRBJ2-1,viral
CASSHSKNTEAF,TRBV12-3/4,TRBJ1-2,viral
CASSHSPGGTQYF,TRBV14,TRBJ2-3,viral
CASSHSQGGAEKLFF,TRBV4-3,TRBJ1-4,bacterial
CASSHSRGSGNTIYF,TRBV4-1,TRBJ1-3,viral
CASSHSSGGADEQFF,TRBV4-2,TRBJ2-1,bacterial
CASSHSSGGMSTEAFF,TRBV7-8,TRBJ1-1,viral
CASSHSSSGNSEQFF,TRBV4-3,TRBJ2-1,viral
CASSHSYSGLAAQETQYF,TRBV7-8,TRBJ2-5,viral
CASSHTDYSNQPQHF,TRBV4-2,TRBJ1-5,viral
CASSHTGAEAF,TRBV6-2,TRBJ1-1,viral
CASSHTGELF,,TRBJ2-2,autoimmune
CASSHTTSGSVIEQFF,TRBV28,TRBJ2-1,autoimmune
CASSHVVAGGETQYF,TRBV6-2,TRBJ2-5,bacterial
CASSHWDGMATF,TRBV11-3,TRBJ1-2,viral
CASSHWDRVGETQYF,TRBV7-8,TRBJ2-5,viral
CASSHYRVNTEAFF,TRBV28,TRBJ1-1,viral
CASSIAAVSALYGYTLF,TRBV19,TRBJ1-2,cancer
CASSIAAVSLANYGYTF,TRBV19,TRBJ1-2,cancer
CASSIAFDSGHQPQHF,TRBV19,TRBJ1-5,viral
CASSIAGGASYEQYF,TRBV19,TRBJ2-7,cancer
CASSIAGGGEDTQYF,TRBV12-4,TRBJ2-3,viral
CASSIAGGSTEAF,TRBV25-1,TRBJ1-1,autoimmune
CASSIAGVAYEQYF,TRBV19,TRBJ2-7,viral
CASSIAPSGVAYEQYF,TRBV19,TRBJ2-7,viral
CASSIAPTDTQYF,TRBV19-2,TRBJ2-3-1,viral
CASSIDFTANTEAFF,TRBV19,TRBJ1-1,viral
CASSIDGDTEAFF,TRBV19,TRBJ1-1,autoimmune
CASSIDGNVAPLHF,TRBV19,,viral
CASSIDLGGELFF,TRBV7-6,TRBJ2-2,viral
CASSIDLRGYQNIQYF,TRBV19,TRBJ2-4,viral
CASSIDPPGLADNEQF,TRBV19,TRBJ2-1,viral
CASSIDQGSGANVLTF,TRBV19,TRBJ2-6,bacterial
CASSIDQRSSYEQYF,TRBV7-8,TRBJ2-7,viral
CASSIDRGPLNQPQHF,TRBV7-2,TRBJ1-5,viral
CASSIDRVLGRTGELFF,TRBV19,TRBJ2-2,viral
CASSIDSNQPQHF,TRBV19-2,TRBJ1-5-1,viral
CASSIEFDRGAPTEQYF,TRBV19,TRBJ2-7,cancer
CASSIEGGAEAFF,TRBV19,TRBJ1-1,viral
CASSIEPGLATEQYF,TRBV9,TRBJ2-7,viral
CASSIETGRNTEAFF,TRBV7-9,TRBJ1-1,viral
CASSIFASGNTQYF,TRBV19,,viral
CASSIFGGAEAFF,TRBV1-1,TRBJ1-1-1,viral
CASSIFGGAREQFF,TRBV19,,viral
CASSIFGGGLGEQFF,TRBV19,TRBJ2-7,cancer
CASSIFGGQNQPQHF,TRBV3-1,TRBJ2-6,viral
CASSIFGSYEQYF,TRBV19,TRBJ2-7,viral
CASSIFSAGNEQF,TRBV19,TRBJ2-7,viral
CASSIFSGANVLTF,TRBV19,TRBJ2-6,viral
CASSIFSGGQNIQYF,TRBV19-2,TRBJ2-4-1,viral
CASSIFSGQPQHF,TRBV19,,viral
CASSIFSNQPQHF,TRBV19,TRBJ2-7,viral
CASSIGAGLGQPQHF,TRBV27,TRBJ1-5,cancer
CASSIGAHGYTF,TRBV19,TRBJ1-2,viral
CASSIGAYGYTF,TRBV19,TRBJ2-7,viral
CASSIGDLEQF,,TRBJ2-1,autoimmune
CASSIGDTSYEQYF,TRBV19-1,TRBJ2-7-1,viral
CASSIGEGNGQFF,TRBV19,TRBJ2-1,viral
CASSIGGDEKLFF,TRBV13,TRBJ1-4,viral
CASSIGGGQNTEAFF,TRBV19-1,TRBJ1-1-1,viral
CASSIGGLGTEAF,TRBV28,TRBJ1-1,cancer
CASSIGGNGYPF,TRBV19-1,TRBJ1-2-1,viral
CASSIGGRTRGWTDTQYF,TRBV19,TRBJ2-3,viral
CASSIGGTGGLPQHF,TRBV20-1,TRBJ2-1,viral
CASSIGHYGYTF,TRBV19,TRBJ2-7,viral
CASSIGIYGYTF,TRBV19,TRBJ1-2,viral
CASSIGLWGYTF,TRBV19,TRBJ1-2,viral
CASSIGLYGYTF,TRBV19,TRBJ2-7,viral
CASSIGMSYEQYF,TRBV12-3,TRBJ2-7,viral
CASSIGPAANSPLHF,TRBV27,TRBJ1-6,viral
CASSIGQGADTQYF,TRBV19,TRBJ2-3,bacterial
CASSIGQGGYEQYF,TRBV7-3,TRBJ2-7,viral
CASSIGQGLYGYTF,TRBV6-1/6-5/6-6,TRBJ1-2,viral
CASSIGQGPYEQYF,TRBV19-1,TRBJ2-7,cancer
CASSIGQGSGYEQYF,TRBV19,TRBJ2-7,viral
CASSIGSSGGGEQFF,TRBV19,TRBJ2-1,autoimmune
CASSIGSYGYTF,TRBV19,TRBJ2-7,viral
CASSIGTANNSPLHF,TRBV27,TRBJ1-6,viral
CASSIGTASTDTQYF,TRBV7-8,TRBJ2-3,viral
CASSIGTDTQYF,TRBV19,TRBJ2-3,autoimmune
CASSIGTFETQYF,TRBV2-1,TRBJ2-5-1,viral
CASSIGTGIYNEQFF,TRBV7-9,TRBJ2-1,viral
CASSIGTYGYTF,TRBV19-2,TRBJ1-2-1,viral
CASSIGVQLYGYTF,TRBV19,TRBJ1-2,cancer
CASSIGVYGYTF,TRBV1-1,TRBJ1-2-1,viral
CASSIGWSGYTF,TRBV19,TRBJ1-2,viral
CASSIGYEQFF,TRBV19-1,TRBJ2-1-1,viral
CASSIGYFGYTF,TRBV19-1,TRBJ1-2-1,viral
CASSIGYYGYTF,TRBV19,TRBJ2-7,viral
CASSIHDSGARSPLHF,TRBV7-9,TRBJ1-6,viral
CASSIHFSAGQPQHF,TRBV19,TRBJ1-5,viral
CASSIHGADTQYF,TRBV19,,viral
CASSIHGAETQYF,TRBV19,,viral
CASSIHGANQPQHF,TRBV19-1,TRBJ1-5-1,viral
CASSIHHGNEQFF,TRBV19,TRBJ2-1,viral
CASSIHKKGARTEAFF,TRBV7-9,TRBJ1-1,viral
CASSIHSGANNEQFF,TRBV19,TRBJ2-1,viral
CASSIHSGGNTEAF,TRBV19,TRBJ2-7,viral
CASSIISSHTQYF,TRBV19,TRBJ2-3,viral
CASSIISTDTQYF,TRBV19,TRBJ2-3,viral
CASSIISVDGYTF,TRBV19,TRBJ1-2,viral
CASSIKANTEAFF,TRBV19-1,TRBJ1-1-1,viral
CASSIKGYNELF,TRBV19,TRBJ2-1,viral
CASSIKGYNEQF,TRBV19,TRBJ2-1,viral
CASSIKGYNERF,TRBV19,TRBJ2-1,viral
CASSIKPDGYEQYF,TRBV3-1,TRBJ2-7,viral
CASSILAAGELFF,TRBV19,TRBJ2-2,viral
CASSILAVAGNEQFF,TRBV19,TRBJ2-1,viral
CASSILGASYNEQFT,TRBV19,TRBJ2-7,viral
CASSILGDSSGNTIYF,TRBV19,TRBJ1-3,cancer
CASSILGKDTQYF,TRBV19,TRBJ2-3,viral
CASSILGNSPLHF,TRBV19,TRBJ1-6,viral
CASSILSNQPQHF,TRBV19,,viral
CASSILSNTEAFF,TRBV19-2,TRBJ1-1-1,viral
CASSILSRDRPSTDTQYF,TRBV27,TRBJ2-3,viral
CASSILTGPQPQHF,TRBV19,TRBJ1-5,viral
CASSILTGPRTEAFF,TRBV1-1,TRBJ1-1-1,viral
CASSILTSGVFPEQFF,TRBV19,TRBJ2-1,bacterial
CASSIMAYNGQFF,TRBV19-1,TRBJ2-1-1,viral
CASSIMGLAGGYNEQFF,TRBV19,TRBJ2-1,viral
CASSIMGSGNTIYF,TRBV19-2,TRBJ1-3-1,viral
CASSINPDFTDTQYF,TRBV19,TRBJ2-3,viral
CASSIPGAGVGEQFF,TRBV7-9,TRBJ2-1,viral
CASSIPGTGDKTQYF,TRBV7-6,TRBJ2-5,viral
CASSIPYNEQFF,TRBV19,TRBJ2-1,viral
CASSIQALLTF,TRBV1-1,TRBJ1-2-1,viral
CASSIQGGREAFF,TRBV7-8,TRBJ1-1,viral
CASSIQGLRATNEKLF,TRBV7-9,TRBJ1-4,viral
CASSIQSGGYEQYF,TRBV19,TRBJ2-7,cancer
CASSIQSTDTQYF,TRBV19,TRBJ2-7,viral
CASSIQTVNSPLHF,TRBV19,TRBJ1-6,viral
CASSIRAADTQYF,TRBV19-2,TRBJ2-3-1,viral
CASSIRAAETQYF,TRBV19,TRBJ2-5,viral
CASSIRAAYEQYF,TRBV19,,viral
CASSIRAGEKLF,TRBV19,TRBJ2-7,viral
CASSIRAGETQYF,TRBV19,TRBJ2-5,viral
CASSIRAGYEQF,TRBV19,TRBJ2-7,viral
CASSIRAGYEQYF,TRBV19,TRBJ2-7,viral
CASSIRAQETQYF,TRBV19,TRBJ2-5,viral
CASSIRASGVEQFF,TRBV19,TRBJ2-1,viral
CASSIRASNEQFF,TRBV19,,viral
CASSIRASYEQYF,TRBV1-1,TRBJ2-7-1,viral
CASSIRATGELFF,TRBV1-1,TRBJ2-2-1,viral
CASSIRDAGNQPQHF,TRBV10-3,,viral
CASSIRDRVPETQYF,TRBV7-9,TRBJ2-5,viral
CASSIRGANQPQHF,TRBV19-1,TRBJ1-5-1,viral
CASSIRGSGEQYF,TRBV1-1,TRBJ2-7-1,viral
CASSIRGSYEQYF,TRBV19-1,TRBJ2-7-1,viral
CASSIRNSYNEQF,TRBV19,TRBJ2-7,viral
CASSIRPSYEQYF,TRBV19-1,TRBJ2-7-1,viral
CASSIRPSYERYF,TRBV19-1,TRBJ2-7-1,viral
CASSIRRAGTTDTQYF,TRBV25-1,TRBJ2-3,bacterial
CASSIRRAYERYF,TRBV19-1,TRBJ2-7-1,viral
CASSIRSADTQYF,TRBV19,TRBJ2-7,viral
CASSIRSAGELF,TRBV19,TRBJ2-7,viral
CASSIRSAGRAFF,TRBV1-1,TRBJ1-1-1,viral
CASSIRSAHEQYF,TRBV1-1,TRBJ2-7-1,viral
CASSIRSAIEQYF,TRBV19,TRBJ2-7,viral
CASSIRSAWAQYF,TRBV19,TRBJ2-7,viral
CASSIRSAYEQFF,TRBV19,,viral
CASSIRSAYEQYF,TRBV19,TRBJ2-7,viral
CASSIRSAYERYF,TRBV19,TRBJ2-7,viral
CASSIRSDNEQFF,TRBV19,TRBJ2-1,viral
CASSIRSDTQYF,TRBV17,TRBJ2-3,viral
CASSIRSFYEQYF,TRBV19,TRBJ2-7,viral
CASSIRSGEPQHF,TRBV19,TRBJ2-7,viral
CASSIRSGHEQFF,TRBV19,TRBJ2-1,viral
CASSIRSGNIQYF,TRBV19,TRBJ2-7,viral
CASSIRSGNTEAF,TRBV19,TRBJ2-7,viral
CASSIRSGVEQYF,TRBV19-2,TRBJ2-7-1,viral
CASSIRSGYEQFF,TRBV19,TRBJ2-1,viral
CASSIRSGYEQYF,TRBV19,TRBJ2-7,viral
CASSIRSLDEQFF,TRBV19-1,TRBJ2-1-1,viral
CASSIRSLDIQYF,TRBV19,,viral
CASSIRSMDIQYF,TRBV19,,viral
CASSIRSNQPQHF,TRBV19,TRBJ2-7,viral
CASSIRSNTEAF,TRBV19,TRBJ1-1,viral
CASSIRSNTEAFF,TRBV19,TRBJ1-1,viral
CASSIRSQVEQFF,TRBV1-1,TRBJ2-1-1,viral
CASSIRSSAEAFF,TRBV19,,viral
CASSIRSSDTQYF,TRBV19,,viral
CASSIRSSEEQYF,TRBV19,TRBJ2-7,viral
CASSIRSSETQYF,TRBV1-1,TRBJ2-5-1,viral
CASSIRSSGPQFF,TRBV1-1,TRBJ2-1-1,viral
CASSIRSSNEQFF,TRBV19,TRBJ2-1,viral
CASSIRSSQPQHF,TRBV19,TRBJ1-5,viral
CASSIRSSTEAFF,TRBV19,TRBJ1-1,viral
CASSIRSSVEQFF,TRBV1-1,TRBJ2-1-1,viral
CASSIRSSYEQFF,TRBV19-2,TRBJ2-1-1,viral
CASSIRSSYEQYF,TRBV19,TRBJ2-7,viral
CASSIRSSYERYF,TRBV19-1,TRBJ2-7-1,viral
CASSIRSSYGQYF,TRBV19,TRBJ2-7,viral
CASSIRSSYNEQF,TRBV19,TRBJ2-7,viral
CASSIRSTDTQYF,TRBV19,TRBJ2-7,viral
CASSIRSTETQYF,TRBV19,TRBJ2-5,viral
CASSIRSTGELF,TRBV19,TRBJ2-7,viral
CASSIRSTGELFF,TRBV19-2,TRBJ2-2-1,viral
CASSIRSTNEQFF,TRBV19,TRBJ2-1,viral
CASSIRSTYEQYF,TRBV19,TRBJ2-7,viral
CASSIRSVAEAF,TRBV19,TRBJ2-7,viral
CASSIRSVAEAFF,TRBV19,TRBJ1-1,viral
CASSIRSVYEQYF,TRBV19,TRBJ2-7,viral
CASSISAGEGVPEQYF,TRBV19,TRBJ2-7,viral
CASSISGDYGYTF,TRBV7-1,TRBJ1-2-1,viral
CASSISGGPGETQYF,TRBV27,TRBJ2-5,viral
CASSISGISYNEQF,,TRBJ2-1,autoimmune
CASSISGPSNQPQHF,TRBV19,TRBJ1-5,viral
CASSISKANTEAFF,TRBV25-1,TRBJ1-1,bacterial
CASSISSGSYNEQFF,TRBV1-1,TRBJ2-1-1,viral
CASSISSINEQFF,TRBV19,,viral
CASSISSLNNQPQHF,TRBV6-2,TRBJ1-5,viral
CASSISSSSYNEQFF,TRBV19-1,TRBJ2-1-1,viral
CASSISSTGELF,TRBV19,TRBJ2-7,viral
CASSISSTGELFF,TRBV19-2,TRBJ2-2-1,viral
CASSITGGEGGELF,TRBV19,TRBJ2-7,viral
CASSITGGFGNEQF,TRBV9,TRBJ2-1,cancer
CASSITGLSGANVLTF,TRBV19,TRBJ2-6,bacterial
CASSITGWGSPLHF,TRBV19,TRBJ1-6,viral
CASSITLGQGTGELFF,TRBV19,TRBJ2-2,bacterial
CASSITLGTGGVEQYF,TRBV27-1,TRBJ2-7-1,viral
CASSITSLGELF,TRBV19,TRBJ2-7,viral
CASSITSSYNEQF,TRBV19,TRBJ2-1,viral
CASSIVAAHYGYTF,TRBV19,TRBJ1-2,cancer
CASSIVASGAGGELFF,TRBV19,TRBJ2-2,viral
CASSIVASGGRYF,TRBV19-1,TRBJ2-7-1,viral
CASSIVGGGETQYF,TRBV19,TRBJ02-5,autoimmune
CASSIVHAADTQYF,TRBV19,TRBJ2-7,viral
CASSIVIVAGANVLTF,TRBV19,TRBJ2-6,viral
CASSIVLAGSNEQFF,TRBV19,TRBJ2-1,autoimmune
CASSIVNEAFF,TRBV1-1,TRBJ1-1-1,viral
CASSIVPMFGEQYF,TRBV19,,viral
CASSIVRGLYNEQFF,TRBV19-1,TRBJ2-1-1,viral
CASSIVSIAGELFF,TRBV19,TRBJ2-2,viral
CASSIVSTGELF,TRBV19,TRBJ2-1,viral
CASSIVYSTDTQYF,TRBV19,TRBJ2-3,cancer
CASSIYGAGYGTDTQYF,TRBV19,TRBJ2-3,cancer
CASSIYGGNEQFF,TRBV19-1,TRBJ2-1-1,viral
CASSIYGGSYNEQFF,TRBV19,TRBJ2-1,viral
CASSIYGLSSYNEQFF,TRBV19,,viral
CASSIYRLGYEQYF,TRBV19,TRBJ2-7,viral
CASSIYSGGYNEQFF,TRBV19,TRBJ2-1,viral
CASSIYSGVGNEQFF,TRBV19,TRBJ2-1,viral
CASSIYSNGEQYF,TRBV19,,viral
CASSIYSNQPQHF,TRBV19,,viral
CASSIYSNTEAF,TRBV19,TRBJ1-1,viral
CASSIYSSSYNEQFF,TRBV19,TRBJ2-1,viral
CASSIYSTPDQPQHF,TRBV19,,viral
CASSIYSVNEQFF,TRBV19,,viral
CASSKASGVHEQYF,TRBV6-5,TRBJ2-7,viral
CASSKDPPGTGGASGYTF,TRBV21-1,TRBJ1-2,viral
CASSKDRGTDTQYF,TRBV7-3,TRBJ2-3,viral
CASSKEDREKETQYF,TRBV21-1,TRBJ2-5,viral
CASSKENNNRPYEQYF,TRBV7-9,TRBJ2-7,viral
CASSKFSINEQFF,TRBV19,TRBJ2-1,viral
CASSKGDTEAFF,TRBV6-5,TRBJ1-1,viral
CASSKGEVTEAFF,TRBV6-1,TRBJ1-1-1,viral
CASSKGLAGEDSYNEQFF,TRBV25-1,TRBJ2-1,bacterial
CASSKGQGAYGYTF,TRBV6-5,TRBJ2-2,viral
CASSKGQGSYEQYF,TRBV6-5,TRBJ2-7,viral
CASSKGRYNEQF,TRBV27,TRBJ2-1,viral
CASSKGSVAPGELF,TRBV2-1,TRBJ2-2,viral
CASSKGTANTEAFF,TRBV6-5,TRBJ1-1,viral
CASSKGTANYGYTF,TRBV13,TRBJ1-2,autoimmune
CASSKHPGLNTEAFF,TRBV21,TRBJ01-1,autoimmune
CASSKIAGGPYTQYF,TRBV7-8,TRBJ2-3,viral
CASSKLSGRGELF,,TRBJ2-2,autoimmune
CASSKPGLGGTGELFF,,,viral
CASSKPLYEQY,TRBV7-8,TRBJ2-7,viral
CASSKPNQPQHF,TRBV2,TRBJ1-5,autoimmune
CASSKPSGGINEQF,TRBV27,TRBJ2-1,cancer
CASSKPSGINEQF,TRBV27,TRBJ2-1,cancer
CASSKPSVMNTEAFF,,,viral
CASSKQGESNSPLHF,TRBV6-5,TRBJ1-6,viral
CASSKQGGNIQYF,TRBV6-5,TRBJ17-1,viral
CASSKQGSSYNEQFF,TRBV14,TRBJ2-1,viral
CASSKQGSTEAFF,TRBV6-5,TRBJ1-1,viral
CASSKQTGTGNYGYTF,TRBV6-1,TRBJ1-2-1,viral
CASSKQTGTIGGYTF,TRBV6-5,TRBJ1-2,viral
CASSKREIRSTGTLRYEQYF,TRBV7-8,TRBJ2-7,viral
CASSKRGAETQYF,TRBV19,TRBJ2-5,viral
CASSKRQYRQETQYF,TRBV7-9,TRBJ2-5,viral
CASSKRSGIEQYF,TRBV19,,viral
CASSKRSNPPQHF,TRBV19-1,TRBJ1-5-1,viral
CASSKRSTDTQYF,TRBV19,TRBJ2-7,viral
CASSKRSTGELFF,TRBV1-1,TRBJ2-2-1,viral
CASSKRTGDHNSPLHF,TRBV7-2,TRBJ1-6,viral
CASSKSASYEQYF,TRBV19,TRBJ2-7,viral
CASSKSGTGVTEAFF,TRBV7-8,TRBJ1-1,viral
CASSKSSSSYEQYF,TRBV27,TRBJ2-7,viral
CASSKSSYEQYF,TRBV6-5,TRBJ2-7,viral
CASSKSYREVLEQYF,TRBV4-3,TRBJ2-7,viral
CASSKTGGLNQPQHF,TRBV4-2,TRBJ1-5,viral
CASSKTGTEAF,TRBV6-2,TRBJ1-1,viral
CASSKTSASYEQYF,TRBV12-3,TRBJ2-7,viral
CASSKTSEFYEQYF,TRBV7-8,TRBJ2-7,cancer
CASSKTSGSGDEQF,,TRBJ2-1,autoimmune
CASSKVAGVLAGELFF,TRBV6-2,TRBJ2-2,viral
CASSKVQTPGELFF,TRBV19,TRBJ02-2,autoimmune
CASSLAASGSNEQFF,TRBV7-2,TRBJ2-1,viral
CASSLAASNQPQHF,TRBV7-9,TRBJ1-5,viral
CASSLADGFYEQYF,TRBV7-2,TRBJ2-7,viral
CASSLADIGQPQHF,TRBV28,TRBJ1-5,viral
CASSLADRVQEYF,TRBV7-8,TRBJ2-7,viral
CASSLADSLNQPQHF,TRBV7-8,TRBJ1-5,viral
CASSLADSSEQYF,TRBV12-3/12-4,TRBJ2-7,viral
CASSLADTPNEKLFF,TRBV7-6,TRBJ1-4,viral
CASSLADWTGARSPLHF,TRBV7-9,TRBJ1-6,viral
CASSLAEEAINEQFF,TRBV7-9,TRBJ2-1,viral
CASSLAEEVDTQYF,TRBV7-9,TRBJ2-3,viral
CASSLAEGGSSYNSPLHF,TRBV7-8,TRBJ1-6,viral
CASSLAEGSSYNSPLHF,TRBV7-2,TRBJ1-6,cancer
CASSLAEQETQYF,TRBV7-6,TRBJ2-5,viral
CASSLAERSYEQYF,TRBV5-1,TRBJ2-7,viral
CASSLAESVYEQFF,TRBV7-8,TRBJ2-1,viral
CASSLAESVYEQYF,TRBV7-9,TRBJ2-7,viral
CASSLAETDPYEQYF,TRBV7-6,TRBJ2-7,viral
CASSLAETSADGYT,TRBV5-1,TRBJ1-2,viral
CASSLAEVHNEQFF,TRBV7-8,TRBJ2-1,viral
CASSLAFGSGANVLTF,TRBV4-1,TRBJ2-6,bacterial
CASSLAFGTSGGEQYF,TRBV12-3/4,TRBJ1-3,viral
CASSLAFLGGDTQYF,TRBV4-3,TRBJ2-3,viral
CASSLAGADGYTF,TRBV7-6,TRBJ1-2,viral
CASSLAGAGNEQFF,TRBV7-3,TRBJ2-1,viral
CASSLAGARETQYF,TRBV7-9,TRBJ2-5,viral
CASSLAGASGNEQFF,TRBV7-9,TRBJ2-1,viral
CASSLAGDGANVLTF,TRBV7-9,TRBJ2-6,viral
CASSLAGDTIVLTF,TRBV7-9,TRBJ2-6,viral
CASSLAGEGSGTGELF,TRBV7-9,TRBJ2-2,autoimmune
CASSLAGEVNEQFF,TRBV7-6,,viral
CASSLAGFGQPQHF,TRBV7-9,TRBJ1-5,viral
CASSLAGGDGYTF,TRBV7-9,TRBJ1-2,viral
CASSLAGGDNSPLHF,TRBV7-8,TRBJ1-6,cancer
CASSLAGGDSYEQYF,TRBV7-9,TRBJ2-7,viral
CASSLAGGESEQYF,TRBV5-1,TRBJ2-7,autoimmune
CASSLAGGETQYF,TRBV7-9,TRBJ2-5,viral
CASSLAGGFSSYNEQFF,TRBV7-8,TRBJ2-1,viral
CASSLAGGGGTDTQYF,TRBV7-8,TRBJ2-3,viral
CASSLAGGGYEQYF,TRBV7-8,TRBJ2-7,viral
CASSLAGGPTDTQYF,TRBV7-2,TRBJ2-3,cancer
CASSLAGGPYEQYF,TRBV7-8,TRBJ2-7,viral
CASSLAGGQETQYF,TRBV5-6,TRBJ2-5,viral
CASSLAGGRTEAF,TRBV12-4,TRBJ1-1,cancer
CASSLAGGRTEVF,TRBV12-4,TRBJ1-1,cancer
CASSLAGGSNQPQHF,TRBV7-9,TRBJ1-5,viral
CASSLAGGSVNTEAFF,TRBV5-1,TRBJ1-1,viral
CASSLAGGTAHTEAF,TRBV7-6,TRBJ1-1,viral
CASSLAGGTDTQYF,TRBV6-4,TRBJ2-3,bacterial
CASSLAGGTEAFF,TRBV27,TRBJ1-1,autoimmune
CASSLAGGTGEYNEQFF,TRBV11-3,TRBJ2-1,viral
CASSLAGGYNEQFF,TRBV5-1,TRBJ2-1,autoimmune
CASSLAGGYTEAFF,TRBV5-1,TRBJ1-1,autoimmune
CASSLAGGYTF,TRBV7-9,TRBJ1-2,viral
CASSLAGHEKLFF,TRBV7-8,TRBJ1-4,viral
CASSLAGHNEQFF,TRBV7-7,TRBJ2-1,viral
CASSLAGLADNEQF,TRBV27,TRBJ2-1,cancer
CASSLAGLAGAETQYF,TRBV7-9,TRBJ2-5,viral
CASSLAGLAGSSHNEQFF,TRBV7-2,TRBJ2-1,viral
CASSLAGMTYEQYF,TRBV5-6,TRBJ2-7,viral
CASSLAGNSAEQYF,TRBV7-8,TRBJ2-7,viral
CASSLAGNTEAFF,TRBV7-8,TRBJ1-1,viral
CASSLAGNYGYTF,TRBV7-8,TRBJ1-2,viral
CASSLAGPGLSTEAFF,TRBV7-8,TRBJ1-1,viral
CASSLAGPISGDTQYF,TRBV7-6,TRBJ2-3,viral
CASSLAGPNQETQYF,TRBV27,TRBJ2-5,cancer
CASSLAGPYNEQFF,TRBV06,TRBJ02-1,autoimmune
CASSLAGQGNGYTF,TRBV7-8,TRBJ1-2,viral
CASSLAGQGNYEQYF,TRBV7-2,TRBJ2-7,viral
CASSLAGQGSPYEQYF,TRBV7-8,TRBJ2-7,viral
CASSLAGQGSYNEQFF,TRBV13,TRBJ2-1,viral
CASSLAGQRTDTQYF,TRBV7-2,TRBJ2-3,viral
CASSLAGRETEAF,TRBV5-1,TRBJ1-1,viral
CASSLAGSGANVLTF,,TRBJ2-6,autoimmune
CASSLAGSGWGYTF,TRBV7-9,TRBJ1-2,viral
CASSLAGSNYEQYF,TRBV10-2,TRBJ2-7,viral
CASSLAGSPADTQYF,TRBV7-6,TRBJ2-3,viral
CASSLAGSSSYEQYF,TRBV12,TRBJ2-7,cancer
CASSLAGSTDTQYF,,TRBJ2-3,autoimmune
CASSLAGSWFGVPYEQYF,TRBV5-6,TRBJ2-7,bacterial
CASSLAGSYEQYF,TRBV7-7,TRBJ2-7,viral
CASSLAGTDNQPQHF,TRBV7-2,TRBJ1-5,viral
CASSLAGTDTQYF,TRBV7-2,TRBJ2-3,viral
CASSLAGTGGNGYTF,TRBV7-2,TRBJ1-2,viral
CASSLAGTGLYEQYF,TRBV7-6,TRBJ2-7,viral
CASSLAGTGYGYTF,TRBV07-9,TRBJ01-2,autoimmune
CASSLAGTHETQY,TRBV5-6,TRBJ2-5,viral
CASSLAGTPTDTQYF,TRBV12-3,TRBJ2-5,viral
CASSLAGTQETQYF,TRBV5-6,TRBJ2-5,viral
CASSLAGTSYYNEQFF,TRBV7-6,TRBJ2-1,viral
CASSLAGTYEQYF,TRBV7-9,TRBJ2-7,viral
CASSLAGVGEQFF,TRBV18,TRBJ2-1,viral
CASSLAGVGQETQYF,,TRBJ2-5,autoimmune
CASSLAGWQGDDYGYTF,TRBV5-4,TRBJ1-2,cancer
CASSLAGWSFADTQYF,TRBV27,TRBJ2-3,cancer
CASSLAGYEQYF,TRBV12-3,TRBJ2-7,viral
CASSLAHGYEQYF,TRBV7-6,TRBJ2-7,viral
CASSLAHLDRGDGYTF,TRBV7-8,TRBJ1-2,viral
CASSLAHTSYEQYF,TRBV7-6,TRBJ2-7,viral
CASSLAIASYNEQFF,TRBV7-2,TRBJ2-1,viral
CASSLAIGELFF,TRBV7-3,TRBJ2-2,viral
CASSLAKGQYNEQFF,TRBV7-3,TRBJ2-1,viral
CASSLALAAYEQYF,TRBV7-8,TRBJ2-7,viral
CASSLALAGTDTQYF,TRBV12-3,TRBJ2-3,viral
CASSLALDEQF,TRBV12-3,TRBJ2-1,viral
CASSLALDRGVETQYF,TRBV7-8,TRBJ2-5,viral
CASSLALDSAGEQYF,TRBV13,TRBJ2-7,viral
CASSLALEGNTIYF,TRBV5-4,TRBJ1-3,autoimmune
CASSLALGRQETQYF,TRBV4-3,TRBJ2-5,cancer
CASSLALGVAKNIQYF,TRBV7-9,TRBJ2-4,viral
CASSLALQGNQPQHF,TRBV7-2,TRBJ1-5,cancer
CASSLALRGGDQETQYF,TRBV9,TRBJ2-3,viral
CASSLALRQESREQYF,TRBV4-1,TRBJ2-7,viral
CASSLAMGQGELEAFF,TRBV6-1,TRBJ1-1,bacterial
CASSLANQNTGELF,TRBV27,TRBJ2-2,cancer
CASSLANSEAFF,TRBV7-6,TRBJ1-1,viral
CASSLAPAGGYSTDTQYF,TRBV7-2,TRBJ2-3,viral
CASSLAPASGRRDNEQFF,TRBV7-8,TRBJ2-1,viral
CASSLAPDREPQHF,TRBV7-2,TRBJ1-5,viral
CASSLAPDRNTEAFF,TRBV7-6,TRBJ1-1,viral
CASSLAPDRVEGQPQHF,TRBV7-2,TRBJ1-5,viral
CASSLAPGATNEKLF,TRBV6-3,TRBJ1-4,viral
CASSLAPGATNEKLFF,TRBV7-6,,viral
CASSLAPGATSEKLF,TRBV7-6,TRBJ1-4,viral
CASSLAPGGAAGETQYF,TRBV7-6,TRBJ2-5,viral
CASSLAPGGIAF,TRBV4-2,TRBJ1-1,viral
CASSLAPGLGTEAFF,TRBV7-9,TRBJ1-1,viral
CASSLAPGMDFF,TRBV7-9,TRBJ1-1,viral
CASSLAPGQGAEEQYF,TRBV7-6,TRBJ2-7,viral
CASSLAPGQGILNEQFF,TRBV6-5,TRBJ2-1,viral
CASSLAPGSTNEKLFF,TRBV07,TRBJ01-4,autoimmune
CASSLAPGTTNEKLF,TRBV7-6,TRBJ1-4,viral
CASSLAPGTTNEKLFF,TRBV7-6,,viral
CASSLAPGYEQYF,TRBV12-3,TRBJ2-7,viral
CASSLAPLAGGPYEQYF,TRBV7-8,TRBJ2-7,viral
CASSLAPLAGRDDTQYF,TRBV11-3,TRBJ2-3,autoimmune
CASSLAPLSTDTQYF,TRBV7-8,TRBJ2-3,viral
CASSLAPNVADTQYF,TRBV7-2,TRBJ2-3,viral
CASSLAPSDTQYF,TRBV7-6,TRBJ2-3,viral
CASSLAPSGRPEAFF,TRBV7-8,TRBJ1-1,viral
CASSLAPTGLPEAFF,TRBV7-8,TRBJ1-1,viral
CASSLAQGMGPGNTIYF,TRBV12-3,TRBJ1-3,viral
CASSLAQGRTEAFF,TRBV27,TRBJ1-1,viral
CASSLAQGVTGELFF,TRBV7-9,TRBJ2-2,autoimmune
CASSLAQGWGAFF,TRBV7-9,TRBJ1-1,cancer
CASSLAQGWKTQYF,TRBV7-9,TRBJ2-5,viral
CASSLAQGYEQYF,TRBV7-8,TRBJ2-7,viral
CASSLAQREDEQFF,TRBV7-8,TRBJ2-1,viral
CASSLAQSREQY,TRBV7-9,TRBJ2-7,viral
CASSLAQSRERY,TRBV7-9,TRBJ2-7,viral
CASSLAQTTPLNEQF,TRBV7-9,TRBJ2-1,viral
CASSLAQVDQYF,TRBV7-2,,viral
CASSLARDGYTF,TRBV7-8,TRBJ1-2,viral
CASSLARGGLGEQYF,TRBV5-4,,viral
CASSLARGLGEGEKLFF,TRBV7-2,TRBJ1-4,viral
CASSLARGNEQFF,TRBV5-4,TRBJ2-1,autoimmune
CASSLARPNSYEQYF,TRBV7-8,TRBJ2-7,viral
CASSLARRTGGVYNEQF,TRBV7-9,TRBJ2-1,viral
CASSLARSGPGSYEQYF,TRBV7-2,TRBJ2-7,viral
CASSLASDRAQETQYF,TRBV5-1,TRBJ2-5,viral
CASSLASETQYF,,TRBJ2-5,autoimmune
CASSLASGGALYNEQFF,TRBV27,TRBJ2-1,viral
CASSLASGQGARNEQFF,TRBV7-6,TRBJ2-1,viral
CASSLASGTPVPVTQYF,TRBV5-6,TRBJ2-3,bacterial
CASSLASGVNEQFF,TRBV7-8,TRBJ2-1,viral
CASSLASPETQYF,TRBV7-9,,viral
CASSLASPQHF,TRBV28,TRBJ1-5,viral
CASSLASSSQAYEQYF,TRBV7-9,TRBJ2-7,viral
CASSLASTDTQYF,TRBV7-6,TRBJ2-3,viral
CASSLASTGELFF,TRBV7-9,TRBJ2-2,viral
CASSLASYEQYF,,TRBJ2-7,autoimmune
CASSLATDGYTF,TRBV5-6,TRBJ1-2,viral
CASSLATEAFF,TRBV7-2,TRBJ1-1,viral
CASSLATGGPDTQYF,TRBV12-3,TRBJ2-3,bacterial
CASSLATGTSGEGNEQFF,TRBV28,TRBJ2-1,viral
CASSLATGVAKNIQYF,TRBV7-9,TRBJ2-4,viral
CASSLATTGTEAFF,TRBV7-6,TRBJ1-1,viral
CASSLATVYEQYF,TRBV7-9,TRBJ2-7,viral
CASSLAVAGEQFF,TRBV7-2,TRBJ2-1,viral
CASSLAVDEQYF,TRBV25-1,TRBJ2-7,viral
CASSLAVEGITEAFF,TRBV7-2,TRBJ1-1,viral
CASSLAVGAQETQYF,TRBV7-2,TRBJ2-5,viral
CASSLAVGDSPLHF,TRBV7-6,TRBJ1-6,viral
CASSLAVGEDGSPLHF,TRBV7-6,,viral
CASSLAVRGLSGDPF,TRBV11-3,TRBJ2-2,viral
CASSLAVRNNEQFF,TRBV7-9,TRBJ2-1,viral
CASSLAVSYTEAFF,TRBV7-8,TRBJ1-1,viral
CASSLAVTDGAEAFF,TRBV7-9,TRBJ1-1,viral
CASSLAWALQDEQYF,TRBV27,TRBJ2-7,cancer
CASSLAWASGGRDTQYF,TRBV7-8,TRBJ2-3,viral
CASSLAWGGFYNEQF,TRBV27,TRBJ2-1,viral
CASSLAWGQLSGYTF,TRBV5-1,TRBJ1-2,viral
CASSLAWTSGRYEQYF,TRBV7-8,TRBJ2-7,viral
CASSLAWTSGSYEQYF,TRBV7-9,TRBJ2-7,viral
CASSLAYEQFF,TRBV7-8,TRBJ2-1,viral
CASSLAYEQYF,,,autoimmune
CASSLAYGAGELFF,TRBV7-8,TRBJ2-2,viral
CASSLAYGQVGDGYTF,,TRBJ1-2,autoimmune
CASSLAYNEQFF,TRBV7-8,TRBJ2-1,viral
CASSLAYSGANVLTF,TRBV27,TRBJ2-6,cancer
CASSLDAAYGNTEAFF,TRBV5-6,TRBJ1-1,viral
CASSLDAGDEQF,TRBV6-4,TRBJ2-1,viral
CASSLDARAYEQYF,TRBV7-2,TRBJ2-7,viral
CASSLDDGANYGYTF,TRBV7-8,TRBJ1-2,viral
CASSLDGASGELF,TRBV7-7,TRBJ2-2,cancer
CASSLDGASGYEQYF,TRBV11-2,TRBJ2-7,viral
CASSLDGATYNEQFF,TRBV7-6,TRBJ2-1,viral
CASSLDGDSGANVLTF,TRBV6-2,TRBJ2-6,bacterial
CASSLDGGGLTEAFF,TRBV12-3,TRBJ1-1,autoimmune
CASSLDGGNTGELF,,TRBJ2-2,cancer
CASSLDGNTEAFF,TRBV7-8,TRBJ1-1,viral
CASSLDGPNEQFF,TRBV5-1,TRBJ2-1,autoimmune
CASSLDGQGRNTIYF,TRBV7-8,TRBJ1-3,viral
CASSLDGRPHLEQYF,TRBV7-9,TRBJ2-7,viral
CASSLDGRQVNQPQHF,TRBV29-1,TRBJ1-5,viral
CASSLDGSSNQPQHF,TRBV7-8,TRBJ1-5,viral
CASSLDGTGANEQF,TRBV7-9,TRBJ2-1,cancer
CASSLDGTGETQYF,TRBV8,TRBJ2-5,autoimmune
CASSLDGTGYNEQFF,TRBV7-9,TRBJ2-1,viral
CASSLDHLAGVNNEQF,TRBV7-6,TRBJ2-1,viral
CASSLDIGVSEAFF,TRBV4-1,TRBJ1-1,viral
CASSLDKPGYTEAFF,TRBV6-5,TRBJ1-1,viral
CASSLDKSFYNEQFF,TRBV28,TRBJ2-1,viral
CASSLDLGSTEAF,TRBV11-3,TRBJ1-1,viral
CASSLDLHQTDTQYF,TRBV7-2,TRBJ2-3,viral
CASSLDLLENNEQF,TRBV11-3,TRBJ2-1,autoimmune
CASSLDLPDSPLHF,TRBV11-2,TRBJ1-6,viral
CASSLDLSTNEKLFF,TRBV5-6,TRBJ1-4,viral
CASSLDNQPQHF,TRBV7-8,TRBJ1-5,viral
CASSLDNTYEQYF,TRBV7-9,TRBJ2-7,viral
CASSLDPASYNEQFF,TRBV7-6,TRBJ2-1,viral
CASSLDPDQPQHF,TRBV7-2,TRBJ1-5,viral
CASSLDPEKGAF,TRBV12-3/4,TRBJ1-3,viral
CASSLDPESGELFF,TRBV7-7,TRBJ2-2,viral
CASSLDPESSRGYTF,TRBV7-8,TRBJ1-2,viral
CASSLDPGAYNEQFF,TRBV7-6,TRBJ2-1,viral
CASSLDPGLSSYEQYF,TRBV7-6,TRBJ2-7,viral
CASSLDPGPFYNEQFF,TRBV7-6,TRBJ2-1,viral
CASSLDPGRYGYTF,TRBV7-2,TRBJ1-2,autoimmune
CASSLDPGSSGANVLTF,TRBV12-3,TRBJ2-1,viral
CASSLDPRMNTEAF,TRBV11-2,TRBJ1-1,viral
CASSLDPSQPQHF,TRBV7-3,TRBJ1-5,viral
CASSLDPTSGYEQYF,TRBV7-8,TRBJ2-7,viral
CASSLDPVYRSTEAFF,TRBV7-3,TRBJ1-1,viral
CASSLDPYEQYF,TRBV7-8,TRBJ2-7,viral
CASSLDQGHHRGIGSYEQYF,TRBV11-2,TRBJ2-7,viral
CASSLDQGTYNEQFF,TRBV7-2,TRBJ2-1,viral
CASSLDRADGELFF,TRBV13,TRBJ2-2,autoimmune
CASSLDRAIGVTYEQYF,TRBV5-6-1,TRBJ2-7-1,viral
CASSLDRDRGRPEAF,TRBV7-9,TRBJ1-1,viral
CASSLDRDYGYTF,TRBV12-3,TRBJ1-2,viral
CASSLDRGELFF,TRBV12-5,TRBJ2-2,viral
CASSLDRGGTEAF,TRBV13,TRBJ1-1,cancer
CASSLDRGGTEAFF,TRBV7-2,TRBJ1-1,viral
CASSLDRGNIQYF,TRBV7-9,TRBJ2-4,viral
CASSLDRGNTIYF,TRBV7-8,TRBJ1-3,viral
CASSLDRGTYEQYF,TRBV7-6,TRBJ2-7,viral
CASSLDRLEQF,TRBV7-9,TRBJ2-1,viral
CASSLDRPGDEQYF,TRBV7-2,TRBJ2-7,viral
CASSLDRQVDEKLFF,TRBV7-2,TRBJ1-4,viral
CASSLDRTSGWGGEQFF,TRBV7-2,TRBJ2-1,viral
CASSLDRVEQYF,TRBV7-9,TRBJ2-7,viral
CASSLDRVHEQYF,TRBV7-9,TRBJ2-7,viral
CASSLDSGFLEQYF,TRBV11-2,TRBJ2-7,viral
CASSLDSGHGMAFF,TRBV4-2,TRBJ1-1,cancer
CASSLDSLAGNEQFF,TRBV11-3,TRBJ2-1,viral
CASSLDSRGDRSYNEQFF,TRBV7-8,TRBJ2-1,viral
CASSLDSSLTEAFF,TRBV7-9,TRBJ1-1,viral
CASSLDSTGGIGELFF,TRBV7-6,,viral
CASSLDSYEQYF,TRBV7-9,TRBJ2-7,viral
CASSLDSYNEQFF,TRBV7-6,TRBJ2-1,viral
CASSLDSYTQYF,TRBV7-8,TRBJ2-3,viral
CASSLDTWTGELFF,TRBV7-8,TRBJ2-2,viral
CASSLDVDNEQFF,TRBV12-4,TRBJ2-1,viral
CASSLDVGRSYGYTF,TRBV4-1,TRBJ1-2,viral
CASSLDVGTEAF,TRBV6-4,TRBJ1-1,viral
CASSLDVPDTEAFF,TRBV11-2,TRBJ1-1,viral
CASSLDVPDTQYF,TRBV7-9,TRBJ2-3,viral
CASSLDVPGPYEQYF,TRBV7-2,TRBJ2-7,viral
CASSLDWGQGDMNTEAFF,TRBV7-9,TRBJ1-1,viral
CASSLDYRGVGYGYTF,TRBV12-3,TRBJ1-2,viral
CASSLDYTEAFF,TRBV7-9,TRBJ1-1,viral
CASSLEAAPHYGYTF,TRBV7-6,TRBJ1-2,viral
CASSLEADNNEQFF,TRBV7-2,TRBJ2-1,viral
CASSLEAEGTQYF,TRBV7-2,TRBJ2-3,cancer
CASSLEAGDQPQHF,TRBV7-6,TRBJ1-5,viral
CASSLEAGGGYLEKLFF,TRBV7-2,TRBJ1-4,viral
CASSLEAGGLYNEQFF,TRBV7-8,TRBJ2-1,viral
CASSLEAGGQPQHF,TRBV7-3,TRBJ1-5,viral
CASSLEAGGTLTYEQYF,TRBV7-6,TRBJ2-7,viral
CASSLEAGHNEQFF,TRBV5-4,TRBJ2-1,viral
CASSLEALGGATDTQYF,TRBV28,TRBJ2-3,viral
CASSLEALPVDTEAFF,TRBV28,TRBJ1-1,viral
CASSLEALSSYNEQFF,TRBV28,TRBJ2-1,viral
CASSLEANTEAFF,TRBV7-2,TRBJ1-1,viral
CASSLEAPTDTQYF,TRBV5-1,TRBJ1-3,viral
CASSLEAWDEQFF,TRBV5-4,TRBJ2-1,viral
CASSLEDEGGETQYF,TRBV7-9,TRBJ2-5,viral
CASSLEDLGPLGTDTQYF,TRBV28,TRBJ2-3,viral
CASSLEDRVIGKRDNEQFF,TRBV7-8,TRBJ2-1,viral
CASSLEEAGGPSDTQYF,TRBV13-1,TRBJ2-3,autoimmune
CASSLEEAGKMNTEAFF,TRBV28,TRBJ1-1,viral
CASSLEEASRMNTEAFF,TRBV28,TRBJ1-1,viral
CASSLEEGSYEQYF,TRBV7-6,TRBJ2-7,autoimmune
CASSLEFGGLAGRTDTQYF,TRBV7-8,TRBJ2-3,viral
CASSLEFGLGIYEQYF,TRBV7-8,TRBJ2-7,viral
CASSLEFLAGVQETQYF,TRBV28,TRBJ2-5,viral
CASSLEFLGGNADEQYF,TRBV28,TRBJ2-7,viral
CASSLEFLTDRSYEQYF,TRBV28,TRBJ2-7,viral
CASSLEFTGTPEEDTQYF,TRBV28,TRBJ2-3,viral
CASSLEFTSGETQYF,TRBV7-6,TRBJ2-5,viral
CASSLEGAADTQYF,TRBV7-8,TRBJ2-3,viral
CASSLEGAKTEAFF,TRBV5-8,TRBJ1-1,viral
CASSLEGANYGYTF,TRBV7-3,TRBJ1-2,viral
CASSLEGAVLEAEAF,TRBV5-1,TRBJ1-1,cancer
CASSLEGDMDSEQYF,TRBV27,TRBJ2-7,viral
CASSLEGDQPQHF,TRBV5-1,TRBJ1-5,viral
CASSLEGETQYF,TRBV7-2,TRBJ2-5,viral
CASSLEGFTDTQYF,TRBV12-3,TRBJ2-3,viral
CASSLEGFTEAF,TRBV27,TRBJ1-1,viral
CASSLEGFTEAFF,TRBV27,TRBJ1-1,viral
CASSLEGGAALWDTQYF,TRBV5-1,TRBJ2-3,viral
CASSLEGGANLF,TRBV5-1,TRBJ1-2,viral
CASSLEGGGEQFF,TRBV19,TRBJ2-1,viral
CASSLEGGGSMNTEAFF,TRBV28,TRBJ1-1,viral
CASSLEGGGYEQYF,TRBV5-1,TRBJ2-7,viral
CASSLEGGTSGGYYNEQFF,TRBV11-2,TRBJ2-1,bacterial
CASSLEGIGATNEKLFF,TRBV28,TRBJ1-4,viral
CASSLEGLAAQETQYF,TRBV7-2,TRBJ2-5,viral
CASSLEGLAGFTDTQYF,TRBV28,TRBJ2-3,viral
CASSLEGLGGSSWDEQFF,TRBV28,TRBJ2-1,viral
CASSLEGLYNEQFF,TRBV7-6,TRBJ2-1,viral
CASSLEGQAFYEQYF,TRBV7-6,TRBJ2-7,viral
CASSLEGQGAPGQPQHF,TRBV7-2,TRBJ1-5,viral
CASSLEGQGDQPQHF,TRBV7-2,TRBJ1-5,viral
CASSLEGRKGYNEQFF,TRBV7-9,TRBJ2-1,viral
CASSLEGRNTEAFF,TRBV11-2,TRBJ1-1,viral
CASSLEGRYSNQPQHF,TRBV7-2,TRBJ1-5,viral
CASSLEGSRNTEAF,TRBV7-8,TRBJ1-1,viral
CASSLEGSTDTQYF,TRBV7-9,TRBJ2-3,viral
CASSLEGTAWSDTQYF,TRBV7-9,TRBJ2-3,viral
CASSLEGTGSYYGYTF,TRBV7-8,TRBJ1-2,viral
CASSLEGTGVSGANVLTF,TRBV5-5,TRBJ2-6,viral
CASSLEGTGYYEQYF,TRBV7-9,TRBJ2-7,viral
CASSLEGTSGPQETQYF,TRBV2-5,TRBJ2-5,viral
CASSLEGVQPQHF,TRBV7-2,TRBJ1-5,viral
CASSLEGYGYTF,TRBV12-3/12-4,TRBJ1-2,viral
CASSLEGYTEAFF,TRBV2-1,TRBJ1-1-1,viral
CASSLEHLPTESYEQYF,TRBV28,TRBJ2-7,viral
CASSLEIAGGQETQYF,TRBV28,TRBJ2-5,viral
CASSLEIGLDTDNSPLHF,TRBV28,TRBJ1-6,viral
CASSLEILGQHSTDTQYF,TRBV28,TRBJ2-3,viral
CASSLEIQETQYF,TRBV7-6,TRBJ2-5,viral
CASSLEKVDTIYF,TRBV7-9,TRBJ1-3,viral
CASSLELAGNEQFF,TRBV7-8,TRBJ2-1,viral
CASSLELAVNTGELFF,TRBV7-9,TRBJ2-2,viral
CASSLELAVTDTQYF,TRBV7-8,TRBJ2-3,viral
CASSLELGGVGVDEQYF,TRBV11-3,TRBJ2-7,viral
CASSLELGWATNEKLFF,TRBV7-2,TRBJ1-4,viral
CASSLELLGGSSTDTQYF,TRBV28,TRBJ2-3,viral
CASSLELLGVSTDTQYF,TRBV28,TRBJ2-3,viral
CASSLELVVSMNTEAFF,TRBV28,TRBJ1-1,viral
CASSLEPAIAGDILPYNEQFF,TRBV7-8,TRBJ2-1,viral
CASSLEPLAGDEQFF,TRBV28,TRBJ2-1,viral
CASSLEPLGRDVSDTQYF,TRBV28,TRBJ2-3,viral
CASSLEPLIQVTDTQYF,TRBV28,TRBJ2-3,viral
CASSLEPVATNEKLFF,TRBV28,TRBJ1-4,viral
CASSLEPVGATDTQYF,TRBV28,TRBJ2-3,viral
CASSLEPYNEQF,TRBV14,TRBJ2-1,autoimmune
CASSLEQGAGETQYF,TRBV28,TRBJ2-5,viral
CASSLEQGARTDTQYF,,TRBJ2-3,autoimmune
CASSLEQGNTEAFF,TRBV7-9,TRBJ1-1,viral
CASSLEQGTGELF,,TRBJ2-2,autoimmune
CASSLEQLSGNTIYF,TRBV28,TRBJ1-3,viral
CASSLEQPPLNEQFF,TRBV7-6,TRBJ2-1,viral
CASSLEQTTRTDTQYF,,TRBJ2-3,autoimmune
CASSLEREDYEQYF,TRBV7-6,TRBJ2-7,viral
CASSLERGAGPDTQYF,TRBV7-2,TRBJ2-3,viral
CASSLERLAGASTDTQYF,TRBV28,TRBJ2-3,viral
CASSLERLAGPEPDTQYF,TRBV28,TRBJ2-3,viral
CASSLERLAGQSADTQYF,TRBV28,TRBJ2-3,viral
CASSLERLGGTSTDTQYF,TRBV28,TRBJ2-3,viral
CASSLERNTYEQYF,TRBV2-1,TRBJ2-7-1,viral
CASSLERSRRPYEAFF,TRBV7-9,TRBJ1-1,viral
CASSLERSSEQYF,TRBV7-6,TRBJ2-7,viral
CASSLESFATDTQYF,TRBV7-9,TRBJ2-3,viral
CASSLESGELFF,TRBV7-8,TRBJ2-2,viral
CASSLESGRTNTEAFF,TRBV7-2,TRBJ1-1,viral
CASSLESGTGELFF,TRBV7-8,TRBJ2-2,viral
CASSLESLGGSKPYEQYC,TRBV28,TRBJ2-7,viral
CASSLESLGLASVDEQF,TRBV28,TRBJ2-1,viral
CASSLETGEGETQYF,TRBV7-9,TRBJ2-5,viral
CASSLETGVATEAFF,TRBV28,TRBJ1-1,viral
CASSLETPNNEQFF,TRBV6-2/6-3,TRBJ2-1,viral
CASSLETPYNEQFF,TRBV5-1,TRBJ2-1,viral
CASSLETSDGETQYF,TRBV7-9,TRBJ2-5,viral
CASSLETSGGQETQYF,TRBV28,TRBJ2-5,viral
CASSLETSGWGQYF,TRBV5-1,TRBJ2-3,cancer
CASSLEVAGGLGDEQFF,TRBV28,TRBJ2-1,viral
CASSLEVGGANVLTF,TRBV7-8,TRBJ2-6,viral
CASSLEVGGGLETQYF,TRBV28,TRBJ2-5,viral
CASSLEVGGVEQFF,TRBV7-9,TRBJ2-1,viral
CASSLEVGLSYEQYF,TRBV7-8,TRBJ2-7,viral
CASSLEVGQETQYF,TRBV27,,viral
CASSLEVSSNEKLFF,TRBV7-6,TRBJ1-4,viral
CASSLEWANTEAFF,TRBV7-8,TRBJ1-1,viral
CASSLEWDLAGTQYF,TRBV7-8,TRBJ2-5,viral
CASSLEWGAGSDGYTF,TRBV28,TRBJ1-2,viral
CASSLEWLAGGSTDTQYF,TRBV28,TRBJ2-3,viral
CASSLEWLGLTTDTQYF,TRBV28,TRBJ2-3,viral
CASSLEWTGGSSTDTQYF,TRBV28,TRBJ2-3,viral
CASSLEWVGDNSPLHF,TRBV28,TRBJ1-6,viral
CASSLEYLDRGYEQYF,TRBV28,TRBJ2-7,viral
CASSLEYLSGYSYEQYF,TRBV28,TRBJ2-7,viral
CASSLEYVGGGSNTDTQYF,TRBV28,TRBJ2-3,viral
CASSLFAGGPVEQYF,TRBV7-8,TRBJ2-7,viral
CASSLFDGSEQYF,TRBV28,TRBJ2-7,viral
CASSLFDGTGSTEAF,TRBV27,TRBJ1-1,viral
CASSLFDLTGNYEQYF,TRBV7-2,TRBJ2-7,viral
CASSLFEGFGNTIYF,TRBV28,TRBJ1-3,viral
CASSLFGADTQYF,TRBV7-3,TRBJ2-3,viral
CASSLFGASSTEAFF,TRBV7-2,TRBJ1-1,viral
CASSLFGDNEKLFF,TRBV7-8,TRBJ1-4,viral
CASSLFGGGTEAF,TRBV12-3/4,TRBJ1-1,viral
CASSLFGGLSYGYTF,TRBV28,TRBJ1-2,cancer
CASSLFGGNTEAFF,TRBV7-8,TRBJ1-1,viral
CASSLFGSNEKLFF,TRBV7-8,TRBJ1-4,viral
CASSLFGSPEQPQHF,TRBV7-2,TRBJ1-5,viral
CASSLFGSPGQPQHF,TRBV7-2,TRBJ2-7,viral
CASSLFGTGRGYSNQPQHF,TRBV7-8,TRBJ1-5,viral
CASSLFLAGGYEQYF,TRBV27,TRBJ2-7,viral
CASSLFLGLAGVGQETQYF,TRBV7-3,TRBJ2-5,viral
CASSLFLSPPKNTIYF,TRBV7-8,TRBJ1-3,viral
CASSLFPDNYGYTF,TRBV27,TRBJ1-2,viral
CASSLFPGFGEQYF,TRBV2-1,TRBJ2-7-1,viral
CASSLFRGPRTYEQYF,TRBV7-2,TRBJ2-7,viral
CASSLFSGASQTQYF,TRBV7-2,TRBJ2-5,viral
CASSLFSGGDQPQHF,TRBV7-2,TRBJ2-1,viral
CASSLFSGGEETQYF,TRBV7-2,TRBJ2-3,viral
CASSLFSGGLNEQFF,TRBV7-3,TRBJ2-1,viral
CASSLFSGPSQTQYF,TRBV7-2,TRBJ2-5,viral
CASSLFSIGEQFF,TRBV19,TRBJ2-1,viral
CASSLFSNQPQHF,TRBV12-3/12-4,TRBJ1-5,viral
CASSLFSSGQETQYF,TRBV7-7,TRBJ2-5,viral
CASSLFTGGSGNTIYF,,TRBJ1-3,autoimmune
CASSLFTGRPYEQYF,TRBV5-6,TRBJ2-7,viral
CASSLFTLAGEQYF,TRBV28,TRBJ2-7,viral
CASSLFVGGPGNEQF,TRBV14,TRBJ2-1,viral
CASSLFWGLTEAFF,TRBV4-3,TRBJ1-1,viral
CASSLGAAGRELF,TRBV27,TRBJ1-4,viral
CASSLGAAITGTF,TRBV7-8,TRBJ1-2,viral
CASSLGAAPHQPQHF,TRBV27,TRBJ1-5,viral
CASSLGAAVREQYF,TRBV27,TRBJ2-7,viral
CASSLGADQPQHF,TRBV27-1,TRBJ1-5,viral
CASSLGAEQF,TRBV7-9,TRBJ2-1,cancer
CASSLGAGAYEQFF,TRBV7-8,TRBJ2-1,viral
CASSLGAGFLQETQYF,TRBV28,TRBJ2-5,viral
CASSLGAGGPSDTQYF,TRBV5,TRBJ2-3,viral
CASSLGAGGTDTQYF,TRBV7-8,TRBJ2-3,viral
CASSLGAGHEQYF,TRBV7-8,TRBJ2-7,viral
CASSLGAGIGYTF,TRBV27,TRBJ1-2,viral
CASSLGAGVNEQFF,TRBV4-3,TRBJ2-1,viral
CASSLGANTIYF,TRBV7-9,TRBJ2-2,viral
CASSLGARTAGPDGYQHF,TRBV27,TRBJ01-5,autoimmune
CASSLGASGAYEQYF,TRBV7-8,TRBJ2-7,viral
CASSLGASISYEQYF,TRBV7-8,TRBJ2-7,viral
CASSLGASPGELFF,TRBV27,TRBJ2-2,viral
CASSLGASSYNEQFF,TRBV7-8,TRBJ2-1,viral
CASSLGASYEQYF,,TRBJ2-7,autoimmune
CASSLGAVNNEQFF,TRBV7-9,TRBJ2-1,viral
CASSLGAYEQYF,TRBV7-8,TRBJ2-7,viral
CASSLGAYNSPLHF,TRBV5-4,TRBJ1-6,viral
CASSLGAYSGANVLTF,TRBV4-1,TRBJ2-6,viral
CASSLGDAQETQYF,TRBV7-9,TRBJ2-5,viral
CASSLGDHTDTQYF,TRBV25-1,TRBJ2-3,bacterial
CASSLGDIPEKLFF,TRBV7-8,TRBJ1-4,viral
CASSLGDNGGYEQYF,TRBV7-8-1,TRBJ2-7-1,viral
CASSLGDNTEAFF,TRBV7-8,TRBJ1-1,viral
CASSLGDNYNEQFF,TRBV5-4,TRBJ2-1,viral
CASSLGDQPQHF,TRBV5-6,TRBJ1-5,cancer
CASSLGDRLYEQYF,TRBV5-6,TRBJ2-3,viral
CASSLGDRPSTDTQYF,TRBV1-1,TRBJ2-3-1,viral
CASSLGDSSYEQYF,TRBV4-1,TRBJ2-7,viral
CASSLGDTNQPQHF,TRBV28,TRBJ1-5,viral
CASSLGDVDEYF,TRBV12,TRBJ2-7,cancer
CASSLGDYSIVETQYF,TRBV5-4,TRBJ2-5,viral
CASSLGEAFF,TRBV7-9,TRBJ1-1,viral
CASSLGEFYGYTF,TRBV7-6,TRBJ1-2,viral
CASSLGEGTEAFF,TRBV4-3,TRBJ1-1,viral
CASSLGENIQYF,TRBV13,TRBJ2-4,viral
CASSLGEPNTEAFF,TRBV7-8,TRBJ1-1,viral
CASSLGEQGILEGEKLFF,TRBV7-8,TRBJ1-4,viral
CASSLGFSGANVLTF,TRBV28,TRBJ2-6,viral
CASSLGFSTLVDEQYF,TRBV7-8,TRBJ2-7,viral
CASSLGGAASGELF,TRBV27,TRBJ2-2,cancer
CASSLGGAETIYEQYF,TRBV7-6,TRBJ2-7,viral
CASSLGGAGLKSYEQYF,TRBV7-9,TRBJ2-7,viral
CASSLGGAPYNEQFF,TRBV7-2,TRBJ2-1,viral
CASSLGGAQETQYF,TRBV7-2,TRBJ2-5,viral
CASSLGGASEQYF,TRBV6-4,TRBJ2-7,bacterial
CASSLGGASYEQYF,TRBV12-4,TRBJ2-7,viral
CASSLGGAYEQYF,TRBV13-1,TRBJ2-7,autoimmune
CASSLGGDSPLHF,TRBV7-9,TRBJ1-6,viral
CASSLGGEETQYF,TRBV7-6,TRBJ2-5,viral
CASSLGGEQFF,TRBV7-9,TRBJ2-1,viral
CASSLGGFGGTQYF,TRBV27,TRBJ2-3,viral
CASSLGGGAEAFF,TRBV7-9,TRBJ1-1,viral
CASSLGGGAGEQETQYF,TRBV7-6,TRBJ2-5,viral
CASSLGGGGFYEQYF,TRBV7-8,TRBJ2-7,viral
CASSLGGGGGNQPQHF,TRBV7-8,TRBJ1-5,viral
CASSLGGGGLFF,TRBV2-2-1,TRBJ2-1,viral
CASSLGGGGYEQYF,TRBV7-6,TRBJ2-7,viral
CASSLGGGNTEAFF,TRBV7-8,TRBJ1-1,viral
CASSLGGGPQETQYF,TRBV7-2,TRBJ2-5,viral
CASSLGGGPTYEQYF,TRBV7-2,TRBJ2-7,viral
CASSLGGGQNGYT,TRBV7-9,TRBJ1-2,viral
CASSLGGGQNGYTF,TRBV7-9,TRBJ1-2,viral
CASSLGGGSSTDTQYF,TRBV7-6,TRBJ2-3,viral
CASSLGGGSSYEQYF,,TRBJ2-7,autoimmune
CASSLGGGSYEQYF,TRBV7-2,TRBJ2-7,viral
CASSLGGGVAEAFF,TRBV7-6,TRBJ1-1,autoimmune
CASSLGGGVTDTQYF,TRBV11-3,TRBJ2-3,bacterial
CASSLGGGYTF,TRBV7-9,TRBJ1-2,viral
CASSLGGHEQYF,TRBV7-8,TRBJ2-7,viral
CASSLGGLAFTGELFF,TRBV7-6,TRBJ2-2,viral
CASSLGGLAKQETQYF,TRBV7-6,TRBJ2-5,viral
CASSLGGLAPSTDTQYF,TRBV7,TRBJ2-3,viral
CASSLGGLDIEQYF,TRBV18,TRBJ2-7,viral
CASSLGGLGDTQYF,TRBV12-3,TRBJ2-3,viral
CASSLGGMVEAFF,TRBV7-3,TRBJ1-1,autoimmune
CASSLGGNNEQFF,TRBV7-2,TRBJ2-1,viral
CASSLGGNYEQYF,TRBV7-9,TRBJ2-7,viral
CASSLGGPFNEQFF,TRBV7-8,TRBJ2-1,viral
CASSLGGPNYGYTF,TRBV12-3,TRBJ1-2,cancer
CASSLGGPYEQYF,TRBV6-6,TRBJ2-7,viral
CASSLGGQAAGYGYTF,TRBV7-8,TRBJ1-2,viral
CASSLGGQDANQPQHF,TRBV11,TRBJ1-5,viral
CASSLGGQGAGETQYF,TRBV28,TRBJ2-5,viral
CASSLGGQSSYEQYF,TRBV7-7,TRBJ2-7,viral
CASSLGGRAHNEQFF,TRBV7-6,TRBJ2-1,viral
CASSLGGRASTDTQYF,TRBV7-6,TRBJ2-3,viral
CASSLGGRDGYTF,TRBV5-4,TRBJ1-2,cancer
CASSLGGSGYEQYF,TRBV7-9,TRBJ2-7,viral
CASSLGGSGYEQYL,TRBV7-9,TRBJ2-7,viral
CASSLGGSNYEQYF,TRBV27,TRBJ1-5,cancer
CASSLGGSPGELFF,TRBV27,TRBJ2-2,viral
CASSLGGSPNYGYTF,TRBV27,TRBJ1-2,viral
CASSLGGSSYEQYF,TRBV7-9,TRBJ2-7,cancer
CASSLGGSTDTQYF,TRBV7-3,TRBJ2-3,viral
CASSLGGTETQYF,TRBV7-6,TRBJ2-5,viral
CASSLGGTGNEQF,TRBV5,TRBJ2-1,autoimmune
CASSLGGTNHGYTF,TRBV7-6,TRBJ1-2,viral
CASSLGGTPTGGSPLHF,TRBV27,TRBJ1-6,viral
CASSLGGTQAGEQYF,TRBV7-2,TRBJ2-7,viral
CASSLGGTWGDTQYF,TRBV11-2,TRBJ2-3,cancer
CASSLGGTYEQYF,TRBV7-8,TRBJ2-7,viral
CASSLGGVAYEQYF,TRBV28-1,TRBJ02-7,autoimmune
CASSLGGVNVEAFF,TRBV11-1,TRBJ1-1,viral
CASSLGIGAPAGELFF,TRBV5-6,TRBJ2-2,viral
CASSLGIGREGQETQYF,TRBV7-8,TRBJ2-5,viral
CASSLGIPGTAQWVYGYTF,TRBV28,TRBJ1-2,viral
CASSLGIPSSYEQYF,TRBV11-2,TRBJ2-7,viral
CASSLGIPTGYEQYF,TRBV11-2,TRBJ2-7,viral
CASSLGIVEQFF,TRBV5-1,TRBJ2-1,viral
CASSLGIYGYTF,TRBV19-2,TRBJ1-2-1,viral
CASSLGLAATYNEQF,TRBV7-9,TRBJ2-1,viral
CASSLGLADNTGELFF,TRBV4-2,TRBJ2-2,bacterial
CASSLGLAGANEQFF,TRBV27,TRBJ2-1,cancer
CASSLGLAGARGSSYNEQFF,TRBV5-1,TRBJ2-1,viral
CASSLGLAGGPDTGELFF,TRBV7-6,TRBJ2-2,viral
CASSLGLAGGPGEQFF,TRBV7-8,TRBJ2-1,viral
CASSLGLAGGQETQYF,TRBV7-2,TRBJ2-5,viral
CASSLGLAGGYEQF,TRBV27,TRBJ2-1,autoimmune
CASSLGLDETQYF,TRBV13,TRBJ2-5,viral
CASSLGLEAFF,TRBV6-2/6-3,TRBJ1-1,viral
CASSLGLEQTYEQYF,TRBV7-9,TRBJ2-7,viral
CASSLGLGGSGETQYF,TRBV4-1,TRBJ2-5,viral
CASSLGLGTGELFF,TRBV27,TRBJ2-2,viral
CASSLGLLAGGSETQYF,TRBV22,TRBJ2-5,cancer
CASSLGLNSDTQYF,TRBV5-1,TRBJ2-3,autoimmune
CASSLGLNTIYF,TRBV12-3/4,TRBJ1-1,viral
CASSLGLSEQFF,TRBV7-8,TRBJ2-1,viral
CASSLGLSEQYF,TRBV7-8,TRBJ2-7,viral
CASSLGLSGTQYF,TRBV7-2,TRBJ2-5,viral
CASSLGLTGNEQF,,TRBJ2-1,autoimmune
CASSLGMFDQPQHF,TRBV13,TRBJ1-5,viral
CASSLGMFNTEAFF,TRBV13,,viral
CASSLGNEQFF,TRBV20-1,TRBJ2-1,viral
CASSLGNPTTGELFF,TRBV7-9,TRBJ2-2,viral
CASSLGNTGELFF,TRBV7-6,TRBJ2-2,viral
CASSLGNTGWQFF,TRBV6-1/6-5/6-6,TRBJ2-1,viral
CASSLGPAAGYTF,TRBV6-2/3,TRBJ1-2,viral
CASSLGPAGNTEAF,TRBV27,TRBJ1-1,viral
CASSLGPAIPGNTIYF,TRBV7-9,TRBJ1-3,viral
CASSLGPALPLHF,TRBV7-9,TRBJ1-6,viral
CASSLGPASYEQYF,TRBV27,TRBJ2-7,viral
CASSLGPATYEQYF,TRBV27,TRBJ2-7,viral
CASSLGPAYEQYF,TRBV29-1,TRBJ2-1,viral
CASSLGPDRYEQYF,TRBV13,TRBJ2-7,viral
CASSLGPGGAYEQYF,TRBV7-8,TRBJ2-7,viral
CASSLGPGKRETQYF,TRBV7-8,TRBJ2-5,viral
CASSLGPGNYEQYF,TRBV27,TRBJ2-7,viral
CASSLGPGPGGYTF,TRBV7-2,TRBJ1-2,viral
CASSLGPGSYGYTF,TRBV5-1,TRBJ1-2,viral
CASSLGPIQETQYF,TRBV7-9,TRBJ2-5,cancer
CASSLGPLTGLGPEAF,TRBV7-9,TRBJ1-1,viral
CASSLGPNNYYGYTF,TRBV27,TRBJ1-2,viral
CASSLGPNRGAEQYF,TRBV7-9,TRBJ2-7,viral
CASSLGPNTEAF,TRBV7-9,TRBJ1-1,cancer
CASSLGPNTGELFF,TRBV12-3,TRBJ2-7,viral
CASSLGPNYEQYV,TRBV7-6,TRBJ2-7,autoimmune
CASSLGPPSEQYF,,TRBJ2-7,autoimmune
CASSLGPRYEQYF,TRBV7-9,TRBJ2-7,viral
CASSLGPSSGIYEQYV,TRBV5-4,TRBJ2-7,autoimmune
CASSLGPTEAF,TRBV12-3/4,TRBJ1-1,viral
CASSLGPTVPGNAIYF,TRBV7-9,TRBJ1-3,viral
CASSLGPTVPGNTIYF,TRBV7-9,TRBJ1-3,viral
CASSLGPTVQGNYGYTF,TRBV7-9,TRBJ1-2,viral
CASSLGPVEAF,TRBV7-9,TRBJ1-1,viral
CASSLGPVQTNTEAFF,TRBV7-2,TRBJ1-1,viral
CASSLGPYEQYF,TRBV7-8,TRBJ2-7,viral
CASSLGPYTDTQYF,TRBV7-9,TRBJ2-3,viral
CASSLGQDSYEQYF,TRBV7-6,TRBJ2-7,viral
CASSLGQDTDTQYF,TRBV5-1,TRBJ2-3,viral
CASSLGQGANIQYF,TRBV7-3,TRBJ2-4,cancer
CASSLGQGATF,TRBV14,TRBJ1-2,viral
CASSLGQGDNEQFF,TRBV11-2,TRBJ2-1,viral
CASSLGQGDQPQHF,TRBV5-1,TRBJ1-5,cancer
CASSLGQGENEQFF,TRBV7-2,TRBJ2-1,viral
CASSLGQGESDEQYF,TRBV5-1,TRBJ2-7,bacterial
CASSLGQGGAPQHF,,TRBJ1-5,autoimmune
CASSLGQGGFENTIYF,TRBV25-1,TRBJ1-3,bacterial
CASSLGQGGSYEQYF,TRBV7-3,TRBJ2-7,viral
CASSLGQGGYEQFF,TRBV7-3,TRBJ2-1,viral
CASSLGQGLAEETQYF,TRBV7-6,TRBJ2-5,viral
CASSLGQGNTEAFF,TRBV7-3,TRBJ1-1,viral
CASSLGQGQPQHF,TRBV6,TRBJ1-5,cancer
CASSLGQGRDTQYF,,TRBJ2-3,autoimmune
CASSLGQGRETQYF,TRBV7-6,,viral
CASSLGQGTDTQYF,TRBV7-2,TRBJ2-3,viral
CASSLGQGYYGYTF,TRBV7-9,TRBJ1-2,viral
CASSLGQKETQYF,TRBV8,TRBJ2-5,autoimmune
CASSLGQKNTEAFF,TRBV28,TRBJ1-1,viral
CASSLGQLYGYTF,TRBV5-6,TRBJ1-2,viral
CASSLGQNRPQHF,TRBV7-8,TRBJ1-5,viral
CASSLGQSANYGYTF,TRBV7-8,TRBJ1-2,viral
CASSLGQVSVGNEQF,TRBV7,TRBJ2-1,cancer
CASSLGRADTYNEQFF,TRBV7-7,TRBJ2-1,viral
CASSLGRDLNQPQHF,TRBV7-9,,viral
CASSLGRDPDTQYF,TRBV7-9,TRBJ2-3,viral
CASSLGRDRPTPYEQYF,TRBV11-2,TRBJ2-7,viral
CASSLGRELAEAF,TRBV12-4,TRBJ1-1,cancer
CASSLGRETQYF,TRBV28,TRBJ2-5,viral
CASSLGRGEDEQFF,TRBV12-3/12-4,TRBJ2-1,viral
CASSLGRGGSYEQYF,TRBV05,TRBJ02-7,autoimmune
CASSLGRGIYEQYF,TRBV5-4,,viral
CASSLGRGNEQFF,TRBV7-8,TRBJ2-1,viral
CASSLGRGTGELFF,TRBV4-3,TRBJ2-2,viral
CASSLGRHNSPLHF,TRBV13,TRBJ1-6,viral
CASSLGRINEQFF,TRBV2-1-1,TRBJ1-1,viral
CASSLGRITLKLVF,TRBV7-8,TRBJ1-1,viral
CASSLGRTGTEAFF,TRBV27,TRBJ1-1,viral
CASSLGSAGNEQFF,TRBV27,TRBJ2-1,viral
CASSLGSAGPGYNEQFF,TRBV27,TRBJ2-1,viral
CASSLGSAKNIQYF,TRBV27,TRBJ2-4,viral
CASSLGSANTDTQYF,TRBV27,TRBJ2-3,viral
CASSLGSAPGELFF,TRBV27,TRBJ2-2,viral
CASSLGSATGELFF,TRBV7-6,TRBJ2-2,viral
CASSLGSDPSYNEQFF,TRBV27,TRBJ2-1,viral
CASSLGSEGYGVETQYF,TRBV11-2,TRBJ2-5,cancer
CASSLGSGLAEAFF,TRBV7-2,TRBJ1-1,viral
CASSLGSGLYNEQFF,TRBV7-8,TRBJ2-1,viral
CASSLGSGPGSGNTIYF,TRBV7-2,TRBJ1-3,viral
CASSLGSLGLNTGELFF,TRBV11-2,TRBJ2-2,autoimmune
CASSLGSLYSNQPQHF,TRBV12-3/12-4,TRBJ1-5,viral
CASSLGSMPETQYF,TRBV27,TRBJ2-5,viral
CASSLGSMQETQYF,TRBV7-9,TRBJ2-5,viral
CASSLGSPGDSNQPQHF,TRBV6,TRBJ1-5,autoimmune
CASSLGSPGELFF,TRBV7-8,TRBJ2-2,viral
CASSLGSRPGYF,TRBV13,TRBJ2-7,viral
CASSLGSSGETQYF,TRBV7-8,TRBJ2-5,viral
CASSLGSSGNEQF,TRBV27,TRBJ2-1,viral
CASSLGSSGRGEQYF,TRBV7-6,TRBJ2-7,viral
CASSLGSSGTRQYF,TRBV27,TRBJ2-3,viral
CASSLGSSPKKLFF,TRBV27,TRBJ1-4,viral
CASSLGSSPLHF,TRBV5-4,TRBJ1-6,viral
CASSLGSSYNEQFF,TRBV28,TRBJ2-1,autoimmune
CASSLGSTGTYEQYF,TRBV27,TRBJ2-7,viral
CASSLGSTPYEQYF,TRBV27,TRBJ2-7,viral
CASSLGSTSYEQYF,TRBV6-5,TRBJ2-7,viral
CASSLGSVSTEAFF,TRBV7-8,TRBJ1-1,viral
CASSLGTDYEQYF,TRBV7-8,TRBJ2-7,viral
CASSLGTERFEKLFF,TRBV7-9,TRBJ1-4,viral
CASSLGTGALEQYF,TRBV14,TRBJ2-7,viral
CASSLGTGASYTF,TRBV11-2,TRBJ1-2,autoimmune
CASSLGTGDEQYF,TRBV9,TRBJ2-7,viral
CASSLGTGEQYF,TRBV13,TRBJ2-7,viral
CASSLGTGEVVGELFF,TRBV7-9,TRBJ2-2,viral
CASSLGTGGNQPQHF,TRBV7-8,TRBJ1-5,viral
CASSLGTGGRDGYTF,TRBV11-2,TRBJ1-2,viral
CASSLGTGGVYEQYF,TRBV11-2,TRBJ2-7,viral
CASSLGTGGWETQYF,TRBV7-9,TRBJ2-5,viral
CASSLGTGHNEQFF,TRBV11-2,,viral
CASSLGTGKVEGYTF,TRBV7-6,TRBJ1-2,viral
CASSLGTGLETQYF,TRBV7-6,TRBJ2-5,viral
CASSLGTGLYGYTF,TRBV7-9,TRBJ1-2,viral
CASSLGTGNNEKLF,TRBV19,TRBJ1-4,cancer
CASSLGTGNNEQFF,TRBV11-2,TRBJ2-1,autoimmune
CASSLGTGPYNEQFF,TRBV13,,viral
CASSLGTGQGNEQFF,TRBV27,TRBJ2-1,cancer
CASSLGTGVYEQYF,TRBV7-2,TRBJ2-7,viral
CASSLGTILHF,TRBV7-6,TRBJ1-6,viral
CASSLGTLEQFF,TRBV05-4,TRBJ02-1,autoimmune
CASSLGTNANTGELFF,TRBV20-1,TRBJ1-1,viral
CASSLGTRDKPSTDTQYF,TRBV7-2,TRBJ2-3,viral
CASSLGTSAAGELF,TRBV5,TRBJ2-2,autoimmune
CASSLGTSGPGYEQYF,TRBV7-6,TRBJ2-7,viral
CASSLGTSGRAEQFF,TRBV7-2,TRBJ2-1,viral
CASSLGTSGRYSEQFF,TRBV7-9,TRBJ2-1,viral
CASSLGTSGSYEQYF,TRBV4-1,TRBJ2-7,viral
CASSLGTSGTDEQF,TRBV5-1,TRBJ2-1,viral
CASSLGTSYEQYF,TRBV7-1,TRBJ2-7-1,viral
CASSLGTTGYEQYF,TRBV7-8,TRBJ2-7,viral
CASSLGTTYEQYF,TRBV7-6,TRBJ2-7,viral
CASSLGTVMALKSSYEQYF,TRBV13,TRBJ2-7,viral
CASSLGTYGYTF,TRBV19,TRBJ1-2,autoimmune
CASSLGVAYGGEDTEAFF,TRBV7-8,TRBJ1-1,viral
CASSLGVDEQFF,TRBV7-9,TRBJ2-1,viral
CASSLGVDFNYGYTF,TRBV5-6,TRBJ1-2,viral
CASSLGVGADTQYF,TRBV7-8,TRBJ2-3,viral
CASSLGVGFGANTEAFF,TRBV7-2,TRBJ1-1,viral
CASSLGVGGETQYF,TRBV7-8,TRBJ2-5,viral
CASSLGVGGYEQYF,TRBV7-8,TRBJ2-7,viral
CASSLGVGPGYEQYF,TRBV28,TRBJ2-7,viral
CASSLGVGSDTQYF,TRBV7-3,TRBJ2-3,viral
CASSLGVGTEAFF,TRBV4-1,TRBJ1-1,viral
CASSLGVLGFYEQYF,TRBV4-1,TRBJ2-7,cancer
CASSLGVMVTGELFF,TRBV7-2,TRBJ2-2,viral
CASSLGVNQPQHF,TRBV7-9,TRBJ1-5,viral
CASSLGVNTIYF,TRBV12-3/4,TRBJ1-3,viral
CASSLGVPQGTQYF,TRBV7-8,TRBJ2-5,viral
CASSLGVRNEQYF,TRBV7-9,TRBJ2-7,viral
CASSLGVSEPQHF,TRBV18,TRBJ1-5,viral
CASSLGVTGAYNEQFF,TRBV7-7,TRBJ2-1,viral
CASSLGVYEQYF,TRBV12-3,TRBJ2-7,cancer
CASSLGWADYGYTF,TRBV05,TRBJ01-2,autoimmune
CASSLGWEYNEQF,TRBV5-5,TRBJ2-1,viral
CASSLGWGAEQFF,TRBV7-8,TRBJ2-1,viral
CASSLGWGAEQYF,TRBV7-8,TRBJ2-7,viral
CASSLGWGLLSYNEQF,TRBV5-1,TRBJ2-1,viral
CASSLGWGSQETQYF,TRBV7-8,TRBJ2-5,viral
CASSLGWGTGEAFF,TRBV7-8,TRBJ1-1,viral
CASSLGYGFYNEQFF,TRBV7-2,TRBJ2-1,viral
CASSLGYGQGNTIYF,TRBV7-6,TRBJ1-3,viral
CASSLGYGTEAFF,TRBV7-3,TRBJ1-1,viral
CASSLGYGYTF,TRBV28,TRBJ1-2,viral
CASSLGYRDHSRGTDTQYF,TRBV7-2,TRBJ2-3,viral
CASSLGYTEAFF,TRBV28,TRBJ1-1,autoimmune
CASSLGYTEQFF,TRBV7-8,TRBJ2-1,viral
CASSLHDLQGARTEAFF,TRBV7-9,TRBJ1-1,viral
CASSLHDRGASSPLHF,TRBV7-9,TRBJ1-6,viral
CASSLHDRGFRTEAFF,TRBV7-9,TRBJ1-1,viral
CASSLHDRGLGSPLHF,TRBV7-9,TRBJ1-6,viral
CASSLHDRGSRTEAFF,TRBV7-9,TRBJ1-1,viral
CASSLHDRGVRTEAFF,TRBV7-9,TRBJ1-1,viral
CASSLHDRTGAGSPLHF,TRBV7-9,TRBJ1-6,viral
CASSLHETGMNTEAFF,TRBV4-3,TRBJ1-1,viral
CASSLHGELF,TRBV7-9,TRBJ2-2,viral
CASSLHGGRNEQFF,TRBV7-6,TRBJ2-1,viral
CASSLHLGGVTDTQYF,TRBV7-3,TRBJ2-3,viral
CASSLHNEQFF,TRBV12-3,TRBJ2-1,viral
CASSLHRADGYTF,TRBV27,TRBJ1-2,autoimmune
CASSLHSRGARTEAFF,TRBV7-9,TRBJ1-1,viral
CASSLHTQGARTEAFF,TRBV7-9,TRBJ1-1,viral
CASSLHYTGENTEAFF,TRBV7-3,TRBJ1-1,viral
CASSLIAGAFTDTQYF,TRBV14,TRBJ2-3,viral
CASSLIAGGAYEQYF,TRBV7-2,TRBJ2-7,viral
CASSLIAGGGEDTQYF,TRBV12-4,TRBJ2-3,viral
CASSLIAGGNNEQFF,TRBV28,TRBJ2-1,viral
CASSLIASPADTQYF,TRBV7-3,TRBJ2-3,viral
CASSLIDGQGNNEQFF,TRBV28,TRBJ2-1,viral
CASSLIEQQPQHF,TRBV12-3,TRBJ1-5,bacterial
CASSLIEWDNEQFF,TRBV7-7,TRBJ2-1,viral
CASSLIFPGELFF,TRBV27-1,TRBJ2-2-1,viral
CASSLIFPSGEQYF,TRBV2-1,TRBJ2-7-1,viral
CASSLIGAGGPDEQFF,TRBV7-9,TRBJ2-1,viral
CASSLIGEETTEDEQFF,TRBV7-3,TRBJ2-1,viral
CASSLIGEGTTEDEQFF,TRBV7-9,TRBJ2-1,viral
CASSLIGGADTQYF,TRBV7-2,TRBJ2-3,viral
CASSLIGIGETDTQYF,TRBV7-9,TRBJ2-3,viral
CASSLIGLAGDNEQFF,TRBV7-2,TRBJ2-1,viral
CASSLIGLANYNEQFF,TRBV7-9,TRBJ2-1,viral
CASSLIGQGLGDEQF,TRBV27,TRBJ2-1,viral
CASSLIGRGPNTGELFF,TRBV7-8,TRBJ2-2,viral
CASSLIGSSTDTQYF,TRBV7-3,TRBJ2-3,viral
CASSLIGTGGEKLFF,TRBV27,TRBJ1-4,cancer
CASSLIGTSGNEQFF,TRBV12-5,TRBJ2-1,viral
CASSLIGVSSYNEQFF,TRBV7-9,TRBJ2-1,viral
CASSLIKVQPQHF,TRBV7-8,TRBJ1-5,viral
CASSLIMGLGSEQYF,TRBV7-2,TRBJ2-7,cancer
CASSLINTEAFF,TRBV7-9,TRBJ1-1,viral
CASSLIPGDYYGYTF,TRBV29-1,TRBJ1-2,viral
CASSLIQGGGNEQF,,TRBJ2-1,autoimmune
CASSLIQWDPETQYF,TRBV7-6,TRBJ2-5,viral
CASSLIRPPDTQYF,TRBV11-2,TRBJ2-3,viral
CASSLIRQMNTEAFF,TRBV6-2,TRBJ1-1,viral
CASSLIRRVVSGTQYF,TRBV7-6,TRBJ2-5,viral
CASSLISGRARNEQF,TRBV27,TRBJ2-1,viral
CASSLISLTNEQFF,TRBV28,TRBJ2-1,viral
CASSLISQDTEAFF,TRBV4-1,TRBJ1-1,viral
CASSLISSDTQYF,TRBV7-8,TRBJ2-3,viral
CASSLIVGPSYNEQFF,TRBV7-9,TRBJ2-1,viral
CASSLKAPEAFF,TRBV12-3,TRBJ1-1,viral
CASSLKEAGFPYEQYF,TRBV7-6,TRBJ2-7,viral
CASSLKFGAGGAYNEQFF,TRBV7-2,TRBJ2-1,viral
CASSLKGETSGVDNEQF,TRBV6,TRBJ2-1,autoimmune
CASSLKGNTEAFF,TRBV7-6,TRBJ1-1,viral
CASSLKGVGQSDEQYF,TRBV27,TRBJ2-7,viral
CASSLKGVQGGELFF,TRBV7-9,TRBJ2-2,viral
CASSLKGVSSYNEQFF,TRBV7-9,TRBJ2-1,viral
CASSLKIGELFF,TRBV7-6,TRBJ2-2,cancer
CASSLKLGVAGNYGYTF,TRBV7-2,TRBJ1-2,viral
CASSLKLNTEAFF,TRBV7-6,TRBJ1-1,viral
CASSLKNSPLHF,TRBV22,TRBJ1-6,cancer
CASSLKPGLSIDTQYF,TRBV7-8,TRBJ2-3,viral
CASSLKPPTDRGRETQYF,TRBV11-2,TRBJ2-5,viral
CASSLKSGRDSTDTQYF,TRBV12-3,TRBJ2-3,autoimmune
CASSLKSPGVDTQYF,TRBV7-8,TRBJ2-3,viral
CASSLKTGELVF,TRBV7-7,TRBJ2-2,viral
CASSLKTHYSNQPQHF,TRBV27,TRBJ1-5,viral
CASSLKWSASGTEAFF,TRBV12-3/12-4,TRBJ1-1,viral
CASSLLAADEQYF,TRBV3,TRBJ2-7,viral
CASSLLAATYNEQFF,TRBV12-3,TRBJ19-1,viral
CASSLLADYNEQFF,TRBV7-8,TRBJ2-1,viral
CASSLLAEGNYEQYF,TRBV7-9,TRBJ2-7,viral
CASSLLAGASGTDTQYF,TRBV7-9,TRBJ2-3,viral
CASSLLAGETQYF,TRBV7-6,TRBJ2-5,viral
CASSLLAGGGNEQFF,TRBV6-1,TRBJ2-1,bacterial
CASSLLAGGPNYNEQFF,TRBV7-8,TRBJ2-1,viral
CASSLLAGGTDTQYF,TRBV5-4,TRBJ2-3,viral
CASSLLAGGYNEQF,TRBV28,TRBJ2-1,cancer
CASSLLAGLVFDEQFF,TRBV28,TRBJ2-1,viral
CASSLLAGPYNEQFF,TRBV19,,viral
CASSLLAPRGNEQFF,TRBV12-3,TRBJ2-1,viral
CASSLLASGFGTDTQYF,TRBV7-8,TRBJ2-3,viral
CASSLLDGEQFF,TRBV04-1,TRBJ02-1,autoimmune
CASSLLDGTRDQQYF,TRBV7-8,TRBJ2-7,viral
CASSLLDRRGRLYEQYF,TRBV7-8,TRBJ2-7,viral
CASSLLDSEKLFF,TRBV28,TRBJ1-4,viral
CASSLLDSLKNIQYF,TRBV28,TRBJ2-4,viral
CASSLLEGETYEQYF,TRBV11-1,TRBJ2-7,viral
CASSLLEIHEQYF,TRBV7-8,TRBJ2-7,viral
CASSLLEYEQYL,TRBV6-2,TRBJ2-7,viral
CASSLLFGLYPGNTIYF,TRBV7-8,TRBJ1-3,viral
CASSLLGFSTETQYF,TRBV7-8,TRBJ2-5,viral
CASSLLGGAGTDTQYF,TRBV1-1,TRBJ2-3-1,viral
CASSLLGGAYEQYF,TRBV7-2,TRBJ2-7,viral
CASSLLGGGDTRNMNTEAFF,TRBV7-9,TRBJ1-1,viral
CASSLLGGGYAYEQYF,TRBV29-1,TRBJ2-7,viral
CASSLLGGSLYEQYF,TRBV28,TRBJ2-7,viral
CASSLLGGWSEAFF,TRBV27,TRBJ1-1,viral
CASSLLGISTYNEQFF,TRBV7-9,TRBJ2-1,viral
CASSLLGLFTGELFF,TRBV12-5,TRBJ2-2,viral
CASSLLGLPGSEQYF,TRBV7-6,TRBJ2-7,viral
CASSLLGLQGSYNEQF,TRBV27,TRBJ2-1,viral
CASSLLGQGASGAFF,TRBV7-8,TRBJ1-1,viral
CASSLLGQGDYNEQFF,TRBV07,TRBJ02-1,autoimmune
CASSLLGQLYEQYF,TRBV7-8,TRBJ2-7,viral
CASSLLGRAGTDTQYF,TRBV1-1,TRBJ2-3-1,viral
CASSLLGRESSYEQYF,TRBV7-6,TRBJ2-7,viral
CASSLLGSGETQYF,TRBV7-9,TRBJ2-5,viral
CASSLLGSGRANEKLFF,TRBV7-9,TRBJ1-4,autoimmune
CASSLLGSNQPQHF,TRBV7-8,TRBJ1-5,viral
CASSLLGTDRPQHF,,TRBJ1-5,cancer
CASSLLGTYSYNEQFF,TRBV7-9,TRBJ2-1,viral
CASSLLGVGEKLFF,TRBV7-2,TRBJ1-4,viral
CASSLLIQGGENTEAF,TRBV27,TRBJ1-1,viral
CASSLLIRDRPNKGYGYTF,TRBV7-2,TRBJ1-2,viral
CASSLLIYNEQFF,TRBV7-8,TRBJ2-1,viral
CASSLLLANSYNEQFF,TRBV7-8,TRBJ2-1,viral
CASSLLLARETQYF,TRBV28,TRBJ2-5,viral
CASSLLNTEAFF,TRBV7-9,TRBJ1-1,viral
CASSLLPDPRSSGGYTF,TRBV7-2,TRBJ1-2,viral
CASSLLPGQEKLFF,TRBV7-8,TRBJ1-4,viral
CASSLLPGRNTEAFF,TRBV7-9,TRBJ1-1,viral
CASSLLPGTGELFF,TRBV7-6,TRBJ2-2,viral
CASSLLPKVQPQHF,TRBV7-8,TRBJ1-5,viral
CASSLLPNTGELFF,TRBV28,TRBJ2-2,viral
CASSLLPSGAYEQYF,TRBV7-8,TRBJ2-7,viral
CASSLLPVETQYF,TRBV12-3,TRBJ2-5,viral
CASSLLQGARTEAF,TRBV27,TRBJ1-1,viral
CASSLLQGPSYEQFF,TRBV7-8,TRBJ2-1,viral
CASSLLQGPSYEQYF,TRBV7-8,TRBJ2-7,viral
CASSLLQGRQPQHF,TRBV7-8,TRBJ1-5,viral
CASSLLQGSSYNEQFF,TRBV11-2,TRBJ2-1,viral
CASSLLQGTEAFF,TRBV19,TRBJ1-1,viral
CASSLLRDSPTDTQYF,TRBV6-2,TRBJ2-3,viral
CASSLLREEQFF,TRBV7-2,TRBJ2-1,viral
CASSLLSGGSYNEQFF,TRBV5-1,,viral
CASSLLSGRKGDTQYF,TRBV7-8,TRBJ2-3,viral
CASSLLSGTSLRVTGELFF,TRBV4-1,TRBJ2-2,viral
CASSLLSGTSYEQYF,TRBV7-8,TRBJ2-7,viral
CASSLLTDSNTGELFF,TRBV5-4,TRBJ2-2,bacterial
CASSLLTEAF,TRBV5-4,TRBJ1-1,cancer
CASSLLTGHEQF,TRBV29-1,TRBJ2-1,viral
CASSLLTGNTEAFF,TRBV7-8,TRBJ1-1,viral
CASSLLTLGGADTQYF,TRBV14,TRBJ2-3,viral
CASSLLTPDYTEAFF,TRBV7-8,TRBJ1-1,viral
CASSLLTVRTEAFF,TRBV28,TRBJ1-1,viral
CASSLLVSGTYEQYF,,TRBJ2-7,autoimmune
CASSLLVSGVSSTDTQYF,TRBV2-1,TRBJ2-3-1,viral
CASSLLYFGRQNTGELF,,TRBJ2-2,autoimmune
CASSLMADTQYF,TRBV28,,viral
CASSLMDRGLDEQYF,TRBV7-6,TRBJ2-7,viral
CASSLMDTDTQYF,TRBV27,TRBJ1-1,viral
CASSLMGALIDTQYF,TRBV12-3/12-4,TRBJ2-3,viral
CASSLMGASGANVLTF,TRBV5-1,TRBJ2-6,viral
CASSLMGGPPSYNEQFF,TRBV7-9,TRBJ2-1,viral
CASSLMGLAEYNEQFF,TRBV7-9,TRBJ2-1,viral
CASSLMGLAGEETQYF,TRBV7-9,TRBJ2-5,viral
CASSLMGLAGVPGELF,TRBV28,TRBJ2-2,viral
CASSLMGPGQPQHF,TRBV7-9,TRBJ1-5,viral
CASSLMGQGINQPQHF,TRBV27-1,TRBJ1-5-1,viral
CASSLMGREPNTGELFF,TRBV7-8,TRBJ2-2,viral
CASSLMGRGPKTGELFF,TRBV7-8,TRBJ2-2,viral
CASSLMGRGPNNGELFF,TRBV7-8,TRBJ2-2,viral
CASSLMGRGPNTGELFF,TRBV7-8,TRBJ2-2,viral
CASSLMGRGPNTGELLF,TRBV7-8,TRBJ2-2,viral
CASSLMGRGPNTGELVF,TRBV7-8,TRBJ2-2,viral
CASSLMGRGPNTGGLFF,TRBV7-8,TRBJ2-2,viral
CASSLMGRGPNTGVLFF,TRBV7-8,TRBJ2-2,viral
CASSLMGRGPSTGELFF,TRBV7-8,TRBJ2-2,viral
CASSLMLQQETQYF,TRBV7-8,TRBJ2-5,viral
CASSLMTDQPQHF,TRBV7-9,TRBJ1-5,viral
CASSLMTGELF,TRBV7-7,TRBJ2-2,viral
CASSLMTGRETQYF,TRBV7-8,TRBJ2-5,viral
CASSLMVDEYF,TRBV7-6,TRBJ2-7,viral
CASSLNAGNTEAFF,TRBV28,TRBJ1-1,viral
CASSLNDRGLTGNEQFF,TRBV11-2,TRBJ2-1,viral
CASSLNFRLADSNEQFF,TRBV7-2,TRBJ2-1,viral
CASSLNGADGYTF,TRBV12-3/4,TRBJ1-2,viral
CASSLNGGHYEQYF,TRBV7-2,TRBJ2-7,viral
CASSLNGGSSYNEQFF,TRBV7-8,TRBJ2-1,viral
CASSLNLRDREAYEQYF,TRBV12-3,TRBJ2-7,viral
CASSLNPNTGELF,TRBV7-9,TRBJ2-2,cancer
CASSLNPRQGRDEQFF,TRBV7-9,TRBJ2-1,viral
CASSLNPRQGRDEQYF,TRBV7-8,TRBJ2-7,viral
CASSLNRDHNQPQHF,TRBV7-2,TRBJ1-5,cancer
CASSLNRDRSNTEAFF,TRBV05,TRBJ01-1,autoimmune
CASSLNRGPADTQYF,TRBV7-8,TRBJ2-3,viral
CASSLNRGPSDTQYF,TRBV7-8,TRBJ2-3,viral
CASSLNRNYGTTVSYEQYF,TRBV7-2,TRBJ2-7,viral
CASSLNRVAAVYEQYF,TRBV5-1,TRBJ2-7,viral
CASSLNSGHTQYF,TRBV27,TRBJ2-3,cancer
CASSLNSGTDTQYF,TRBV7-3,TRBJ2-3,viral
CASSLNSKVSSSYEQYF,TRBV28,TRBJ2-7,viral
CASSLNSLWVAGGNNEQFF,TRBV7-3,TRBJ2-1,viral
CASSLNSSSYEQYF,TRBV12-3,TRBJ2-7,viral
CASSLNSVGTEAF,TRBV28,TRBJ1-1,viral
CASSLNVAVSYEQYF,TRBV7-9,TRBJ2-7,viral
CASSLNWGTEAFF,TRBV7-9,TRBJ1-1,viral
CASSLPAAGYGYTF,TRBV5-8,TRBJ1-2,viral
CASSLPAGDIQYF,TRBV7-9,TRBJ2-4,viral
CASSLPASGRSSYEQYF,TRBV7-9,TRBJ2-7,viral
CASSLPDTQYF,,,viral
CASSLPEFYEQYF,TRBV7-2,TRBJ2-7,viral
CASSLPEGLAHEQYF,TRBV28,TRBJ2-7,viral
CASSLPEGTDTEAFF,TRBV28,TRBJ1-1,viral
CASSLPGDEQFF,TRBV7-9,TRBJ2-1,viral
CASSLPGGPYEQYF,TRBV7-9,TRBJ2-7,viral
CASSLPGLAGGGGSTDTQYF,TRBV11-3,TRBJ2-3,viral
CASSLPGPKEQYF,TRBV7-9,TRBJ2-7,viral
CASSLPGRNYEQYF,TRBV7-8,TRBJ2-7,viral
CASSLPGVFGETQYF,,TRBJ2-5,autoimmune
CASSLPKTINSEQYF,TRBV28,TRBJ2-7,viral
CASSLPLAGYNEQFF,TRBV7-3,TRBJ2-1,viral
CASSLPLTDTQYF,TRBV7-9,TRBJ2-3,viral
CASSLPPGRGYTEAFF,TRBV1-1,TRBJ1-1-1,viral
CASSLPPGWGLPDEQFF,TRBV7-9,TRBJ2-1,viral
CASSLPPPGPLGEQYF,TRBV28,TRBJ2-7,viral
CASSLPPQETQYF,TRBV7-8,TRBJ2-5,viral
CASSLPQGEQYF,TRBV6-5,TRBJ2-7,viral
CASSLPRAGGTYEQYF,TRBV7-9,TRBJ2-7,viral
CASSLPRDLASGRTKTRSYNEQFF,TRBV28-1,TRBJ2-1-1,viral
CASSLPRGPQYF,TRBV28,TRBJ2-5,viral
CASSLPSGGTNNEQF,TRBV9,TRBJ2-1,viral
CASSLPSGRAYEQYF,TRBV7-9,TRBJ2-7,viral
CASSLPSKAGESTDTQYF,TRBV7-2,TRBJ2-3,viral
CASSLPSTGTGNEKLFF,TRBV25-1,TRBJ1-4,bacterial
CASSLPTSGAKFSTDTQYF,TRBV28,TRBJ2-3,viral
CASSLPTSGEETQYF,TRBV6-2,TRBJ2-5,viral
CASSLPVHPEQYF,TRBV7-8,TRBJ2-7,viral
CASSLQELSQDGYTF,TRBV4,TRBJ1-2,cancer
CASSLQEWDPNYGYTF,,TRBJ1-2,viral
CASSLQGAPEQF,TRBV4-3,TRBJ2-1,viral
CASSLQGAREHEQYF,TRBV7-6,TRBJ2-7,viral
CASSLQGGSKYF,TRBV7-6,TRBJ2-5,viral
CASSLQGINTEAFF,TRBV4-3,TRBJ1-1,viral
CASSLQGLGQPQHF,TRBV28,TRBJ1-5,cancer
CASSLQGLGTEAF,TRBV28,TRBJ1-1,cancer
CASSLQGMGQPQHF,TRBV28,TRBJ1-5,cancer
CASSLQGNYGYTF,TRBV7-3,TRBJ1-2,viral
CASSLQGPHEQYF,TRBV7-6,TRBJ2-7,viral
CASSLQGPNQPQHF,TRBV12-3,TRBJ1-5,viral
CASSLQGPTEAFF,TRBV6-1/6-5/6-6,TRBJ1-1,viral
CASSLQGRGIYNEQFF,TRBV7-8,TRBJ2-1,viral
CASSLQGTQPQHF,TRBV7-2,TRBJ1-5,viral
CASSLQGTSNQPQHF,TRBV7-2,TRBJ1-5,viral
CASSLQGYLLNQPQHF,TRBV7-8,TRBJ1-5,viral
CASSLQGYNEQF,,TRBJ2-1,autoimmune
CASSLQISIAGVSYNEQFF,TRBV3-1,TRBJ2-1,viral
CASSLQLGARTEAFF,TRBV7-9,TRBJ1-1,viral
CASSLQLKYEQYF,TRBV7-8,TRBJ2-7,viral
CASSLQPAPDSPLHF,TRBV6-1/6-5/6-6,TRBJ1-6,viral
CASSLQQGARDEAFF,TRBV7-9,TRBJ1-1,viral
CASSLQQGGNTIYF,TRBV7-2,TRBJ1-3,viral
CASSLQQTLGAF,TRBV13,TRBJ1-1,viral
CASSLQRFRETQYF,,TRBJ2-3,cancer
CASSLQSGLAGDNEQFF,TRBV4-1,TRBJ2-5,viral
CASSLQSLLDEKLF,TRBV11-2,TRBJ1-1,cancer
CASSLQSVDANGYTF,TRBV7-8,TRBJ1-2,viral
CASSLQTGATFNYGYTF,TRBV13,TRBJ1-2,viral
CASSLQTGVRSYEQYF,TRBV6-5,TRBJ2-7,viral
CASSLQTTYSGANVLTF,TRBV5-6,TRBJ2-6,viral
CASSLQVASGSREEQFF,TRBV7-2,,viral
CASSLQVTDTQYF,TRBV7-8,TRBJ2-3,viral
CASSLRAGEVEQFF,TRBV19,TRBJ2-1,viral
CASSLRANYGYTF,TRBV6-2,TRBJ1-2,bacterial
CASSLRASPRTEAFF,TRBV7-9,TRBJ1-1,viral
CASSLRATDEAFF,TRBV12-4,TRBJ1-1,viral
CASSLRATYEQYF,TRBV7-8,TRBJ2-7,viral
CASSLRDGFTTGELFF,TRBV7-9,TRBJ2-2,viral
CASSLRDGGLNYGYTF,TRBV5-1,TRBJ1-2,viral
CASSLRDISNQPQHF,TRBV7-2,TRBJ1-5,viral
CASSLRDRVDTEAFF,TRBV7-8,TRBJ1-1,viral
CASSLRDRVSGELFF,TRBV6-2,TRBJ2-2,bacterial
CASSLRDSSYEQY,TRBV6-2,TRBJ2-7,autoimmune
CASSLRDSWNYEQF,TRBV16,TRBJ2-1,cancer
CASSLREGNTEAF,TRBV7-2,TRBJ1-1,viral
CASSLREKDTQYF,TRBV7-3,TRBJ2-3,viral
CASSLRENYGYTF,TRBV07,TRBJ01-2,autoimmune
CASSLRESYNEQFF,TRBV6-5,TRBJ2-5,viral
CASSLRGAGVFETQYF,TRBV7-8,TRBJ2-5,viral
CASSLRGASGRPEGETQYF,TRBV7-2,TRBJ2-5,viral
CASSLRGENRDDYEQYF,TRBV27,TRBJ2-7,viral
CASSLRGESLVNEQF,TRBV27,TRBJ2-1,viral
CASSLRGESSYNEQFF,TRBV7-9,TRBJ2-1,viral
CASSLRGFSTDTQYF,TRBV7-9,TRBJ2-3,viral
CASSLRGGANTEAFF,TRBV4-3,TRBJ1-1,viral
CASSLRGGNTDTQYF,TRBV28,TRBJ2-3,viral
CASSLRGHSYEQYF,TRBV7-6,TRBJ2-7,viral
CASSLRGLADPQETQYF,TRBV7-9,TRBJ2-5,viral
CASSLRGNEGFYNEQFF,TRBV7-9,TRBJ2-1,viral
CASSLRGNEQF,,TRBJ2-1,cancer
CASSLRGRASTDTQYF,TRBV7-9,TRBJ2-3,viral
CASSLRGRGDQPQHF,TRBV11-2,TRBJ1-5,viral
CASSLRGRQKNTEAFF,TRBV7-3,TRBJ1-1,viral
CASSLRGRVRETQYF,TRBV4-2,TRBJ1-2,viral
CASSLRGTETEAFF,TRBV7-6,TRBJ1-1,viral
CASSLRGTGELF,TRBV28,TRBJ2-2,viral
CASSLRGVSSYNEQF,TRBV27,TRBJ2-1,viral
CASSLRGVVSYEQFF,TRBV4-1,TRBJ2-1,viral
CASSLRGYEQYF,TRBV7-9,TRBJ2-7,viral
CASSLRHLASDYNSPLHF,TRBV6-1,TRBJ1-3,viral
CASSLRHNRPYGYTF,TRBV7-6,TRBJ1-2,viral
CASSLRIDGTDTQYF,TRBV6-5,TRBJ2-3,viral
CASSLRKRSTGELFF,TRBV7-8,TRBJ2-2,viral
CASSLRLAGSREQFF,TRBV7-3,TRBJ2-1,viral
CASSLRLGSNTGELFF,TRBV7-9,TRBJ2-2,viral
CASSLRLNQPQHF,TRBV28,TRBJ1-5,viral
CASSLRLTLLNEQF,,TRBJ2-1,autoimmune
CASSLRMETSLSSYEQYF,TRBV5-1,TRBJ2-7,autoimmune
CASSLRNQPQHF,TRBV7-8,TRBJ1-5,viral
CASSLRNSYEQF,TRBV3-1,TRBJ2-1,viral
CASSLRPGRANTGELF,TRBV28,TRBJ2-2,viral
CASSLRPLDMNTEAF,TRBV7-9,TRBJ1-1,viral
CASSLRPQQDSSYNEQFF,TRBV7-2,TRBJ2-1,viral
CASSLRQGADEKLFF,TRBV7-9,TRBJ1-4,viral
CASSLRQGAGELF,TRBV27,TRBJ2-2,viral
CASSLRQGANTGELF,TRBV27,TRBJ2-2,viral
CASSLRQGEGMGEQF,TRBV7-9,TRBJ2-1,viral
CASSLRQGINTGELF,TRBV27,TRBJ2-2,viral
CASSLRQGTDTQYF,TRBV4-1,TRBJ2-3,viral
CASSLRQTSNTEAFF,TRBV28,TRBJ1-1,viral
CASSLRRGFTTGELFF,TRBV7-9,TRBJ2-2,viral
CASSLRRGLEQYF,TRBV7-3,TRBJ2-7,viral
CASSLRRGPDTGELFF,TRBV7-9,TRBJ2-2,viral
CASSLRRGVDTGELFF,TRBV7-9,TRBJ2-2,viral
CASSLRRLAGQYEQFF,TRBV7-2,TRBJ2-1,viral
CASSLRRQGQETQYF,TRBV7-9,TRBJ2-1,viral
CASSLRSAYEQYF,TRBV19,TRBJ2-7,viral
CASSLRSDRAQETQYF,TRBV5-1,TRBJ2-5,viral
CASSLRSGGLNYGYTF,TRBV5-1,TRBJ1-2,viral
CASSLRSGRAYAQETQCF,TRBV28,TRBJ2-5,viral
CASSLRSGTEDTDTQYF,TRBV7-8,TRBJ2-3,viral
CASSLRSNTEAFF,TRBV19,TRBJ1-1,viral
CASSLRSSYEQYF,TRBV1-1,TRBJ2-7-1,viral
CASSLRSTDTQYF,TRBV1-1,TRBJ2-3-1,viral
CASSLRSTGELF,TRBV19,TRBJ2-7,viral
CASSLRTDVYNEQFF,TRBV7-9,TRBJ2-1,viral
CASSLRTETYNEQFF,TRBV7-9,TRBJ2-1,viral
CASSLRTEVYNEQFF,TRBV7-9,TRBJ2-1,viral
CASSLRTGGVDTQYF,TRBV7-2,TRBJ2-3,viral
CASSLRTGTNSYEQYF,TRBV7-8,TRBJ2-7,viral
CASSLRTREGTDTQYF,TRBV7-3,TRBJ2-3,viral
CASSLRTSGGIDTGELFF,TRBV4-3,TRBJ2-2,bacterial
CASSLRTSGNNYGYTF,TRBV4-2,TRBJ1-2,viral
CASSLRTSGSVEYF,TRBV7-9,TRBJ2-1,viral
CASSLRTVSSYEQYF,TRBV7-8,TRBJ2-7,viral
CASSLRVSYNEQFF,TRBV1-1,TRBJ2-1-1,viral
CASSLRWSTDTQYF,TRBV7-2,TRBJ2-3,viral
CASSLRYREETQYF,TRBV7-7,TRBJ2-5,viral
CASSLSAAKLETQYF,TRBV7-2,TRBJ2-5,viral
CASSLSAEEAQIRSIF,TRBV5-1,TRBJ2-3,viral
CASSLSALSYNEQF,TRBV5-1,TRBJ2-2,viral
CASSLSAYEQYF,TRBV6-5,TRBJ2-7,viral
CASSLSDPYEQYF,TRBV7-9,TRBJ2-7,viral
CASSLSDRGGDEQF,TRBV12-3,TRBJ2-1,viral
CASSLSDTQYF,TRBV6-5,TRBJ2-3,viral
CASSLSDVSWNTEAF,TRBV4-1,TRBJ1-5,viral
CASSLSEAGGTQYF,TRBV11-2,TRBJ2-5,autoimmune
CASSLSEISYEQYF,TRBV27,TRBJ2-7,viral
CASSLSEMTGVNEQF,TRBV7-3,TRBJ2-1,autoimmune
CASSLSEQGRGYTF,TRBV7-8,TRBJ1-2,viral
CASSLSETSGRHEQFF,TRBV6-5,TRBJ2-1,viral
CASSLSEVGLHEQYF,TRBV27,TRBJ2-7,viral
CASSLSEVGYEQYF,TRBV27,TRBJ2-7,viral
CASSLSFTEAF,TRBV12-3/4,TRBJ1-1,viral
CASSLSGAEGYTF,TRBV27,TRBJ1-2,cancer
CASSLSGAGGLTEQFF,TRBV7-8,TRBJ2-1,viral
CASSLSGAGYQPQHF,TRBV7-6,TRBJ1-5,viral
CASSLSGAYNEQFF,TRBV5-1,TRBJ2-1,autoimmune
CASSLSGDYGYTF,TRBV7-2,TRBJ1-2,viral
CASSLSGGFYEQYF,TRBV6,TRBJ2-7,cancer
CASSLSGGGEAFF,TRBV7-6,TRBJ1-1,viral
CASSLSGGINEQFF,TRBV19-2,TRBJ2-1-1,viral
CASSLSGGLWSYEQYF,TRBV27,TRBJ2-7,viral
CASSLSGGNEAFF,TRBV6-5,TRBJ1-1,cancer
CASSLSGGSYNEQFF,TRBV6-1,TRBJ2-1,bacterial
CASSLSGGTDTQYF,TRBV7-9,TRBJ2-3,viral
CASSLSGIGTNEKLFF,TRBV7-8,TRBJ1-4,viral
CASSLSGLAGEETQYF,TRBV7-9,TRBJ2-5,viral
CASSLSGLAGGPGNEQFF,TRBV7-2,TRBJ2-1,viral
CASSLSGLAGGYEQYF,TRBV27,TRBJ2-7,cancer
CASSLSGLAGQETQYF,TRBV7-9,TRBJ2-5,viral
CASSLSGLDNEQFF,TRBV7-9,TRBJ2-1,viral
CASSLSGLGDNEQFF,TRBV7-3,TRBJ2-1,viral
CASSLSGLYNEQFF,TRBV7-9,TRBJ2-1,viral
CASSLSGMKETQYF,TRBV7-9,TRBJ2-5,viral
CASSLSGNEQYF,TRBV12-3,TRBJ2-7,viral
CASSLSGPYNEQFF,TRBV27,TRBJ2-1,viral
CASSLSGQEIDTQHF,TRBV7-6,TRBJ2-3,viral
CASSLSGQETDTQYF,TRBV7-6,TRBJ2-3,viral
CASSLSGQLDEQF,TRBV11-2,TRBJ2-1,viral
CASSLSGQLDEQYF,TRBV11-2,TRBJ2-7,viral
CASSLSGQLDTQYF,TRBV11-2,TRBJ2-3,viral
CASSLSGRRSPQHF,TRBV28,TRBJ1-5,viral
CASSLSGRWSTDTQYF,TRBV7-2,TRBJ2-3,viral
CASSLSGSGDEQF,TRBV5-1,TRBJ1-4,cancer
CASSLSGSGWQETQYF,TRBV5-1,TRBJ2-5,viral
CASSLSGSLKSNEQFF,TRBV7-2,TRBJ2-1,viral
CASSLSGSSYEQYF,TRBV12-3,TRBJ2-7,viral
CASSLSGSYEQFF,TRBV7-9,TRBJ2-1,viral
CASSLSGSYEQYF,TRBV7-9,TRBJ2-7,viral
CASSLSGSYYNEQFF,TRBV7-8,TRBJ2-1,viral
CASSLSGTAYGYTF,TRBV7-8,TRBJ1-2,viral
CASSLSGTGNTEAFF,TRBV28,TRBJ1-1,viral
CASSLSGTIETQYF,TRBV7-9,TRBJ2-5,viral
CASSLSGTNPWPYEQYF,,TRBJ2-7,autoimmune
CASSLSGTWGETQYF,TRBV27,TRBJ2-5,cancer
CASSLSHSTGNYGYTF,TRBV27,TRBJ1-2,viral
CASSLSKNTEAF,TRBV12-3/4,TRBJ1-5,viral
CASSLSLAGIPDTQYF,TRBV7-3,TRBJ2-3,viral
CASSLSLAGREQFF,TRBV7-3,TRBJ2-1,viral
CASSLSLAGRERFF,TRBV7-8,TRBJ2-1,viral
CASSLSLGAEETQYF,TRBV27,TRBJ2-5,viral
CASSLSLGDGSNQPQHF,TRBV5-4,TRBJ1-5,viral
CASSLSLGEQYF,TRBV19,TRBJ2-7,bacterial
CASSLSLGRIDGYTF,TRBV27,TRBJ1-2,viral
CASSLSLLAGNNEQF,TRBV12-3,TRBJ2-1,viral
CASSLSLPAGGRETQYF,TRBV4-1,TRBJ2-7,viral
CASSLSLSTSTYGYTF,TRBV27,TRBJ1-2,viral
CASSLSLTSPRVDEQYF,TRBV7-8,TRBJ2-7,cancer
CASSLSMSSRSYGYTF,TRBV27,TRBJ1-2,viral
CASSLSNEGNEQYF,TRBV27,TRBJ2-7,cancer
CASSLSNQPQHF,TRBV12-3,TRBJ1-5,autoimmune
CASSLSNYEQYF,TRBV7-9,TRBJ2-7,viral
CASSLSPGMVGEQYF,TRBV27,TRBJ2-7,cancer
CASSLSPGPHQPQHF,TRBV7-2,TRBJ1-5,viral
CASSLSPGQGDTQYF,TRBV2,TRBJ2-5,viral
CASSLSPGQKYEQYF,TRBV27,TRBJ2-7,viral
CASSLSPGSSYNEQFF,TRBV27,TRBJ2-1,autoimmune
CASSLSPGYEQYF,TRBV7-8,TRBJ2-7,viral
CASSLSPLNEQFF,TRBV7-8,TRBJ2-1,viral
CASSLSPNEQFF,TRBV7-9,TRBJ2-1,viral
CASSLSPSASYEQYF,TRBV7-3,TRBJ2-7,viral
CASSLSPSNVLTF,TRBV7-8,TRBJ2-6,viral
CASSLSPSTGNYGYTF,TRBV27,TRBJ1-2,viral
CASSLSPSTGRVEQYF,TRBV27,TRBJ2-7,viral
CASSLSPTEAF,TRBV14,TRBJ1-1,viral
CASSLSPTSGLSYEQYF,TRBV7-8,TRBJ2-7,viral
CASSLSQAGWETQYF,TRBV7-9,TRBJ2-5,viral
CASSLSQESSYEQYF,TRBV7-7,TRBJ2-7,viral
CASSLSQGAYEQYF,TRBV7-6,TRBJ2-7,viral
CASSLSQGAYSSPLHF,TRBV27,TRBJ1-6,cancer
CASSLSQGGNSPLHF,TRBV7-8,TRBJ1-6,viral
CASSLSQRPYNEQFF,TRBV7-3,TRBJ2-1,viral
CASSLSRGAYEQYF,TRBV6-5,TRBJ2-7,viral
CASSLSRGGNTIYF,TRBV27,TRBJ1-3,viral
CASSLSRLASYNEQFF,TRBV7-8,TRBJ2-1,viral
CASSLSRNTEAFF,TRBV7-8,TRBJ1-1,viral
CASSLSRQGTGELF,TRBV27,TRBJ2-2,viral
CASSLSRRGPNYGYTF,TRBV2-1,TRBJ1-2-1,viral
CASSLSRTGFYEQYF,TRBV5-5,TRBJ2-7,viral
CASSLSSAGGAVYGYTF,TRBV12,TRBJ1-2,viral
CASSLSSANYGYTF,TRBV12,TRBJ1-2,viral
CASSLSSDEHGYTF,TRBV27,TRBJ1-2,viral
CASSLSSEGNQETQYF,TRBV5-1,TRBJ2-5,viral
CASSLSSGDYYGYTF,TRBV27,TRBJ1-2,cancer
CASSLSSGSPPYNEQFF,TRBV7-8,TRBJ2-1,viral
CASSLSSRGETHYF,TRBV7-8,TRBJ2-5,viral
CASSLSSTRTDTQYF,TRBV7,TRBJ2-3,viral
CASSLSSVNEATF,TRBV12,TRBJ1-1,viral
CASSLSSYNEQFF,TRBV7-6,TRBJ2-1,viral
CASSLSTDTQYF,TRBV5-1,TRBJ2-3,cancer
CASSLSTGGWLDGYTF,TRBV13,TRBJ01-2,autoimmune
CASSLSTGMYNEQFF,TRBV7-6,TRBJ2-1,viral
CASSLSTGSDEQYF,TRBV4-2,TRBJ2-7,viral
CASSLSTQPLGDEQFF,TRBV7-9,TRBJ2-1,viral
CASSLSTSEQFF,TRBV7-8,TRBJ2-1,viral
CASSLSTSGSSYNEQF,TRBV28,TRBJ2-1,viral
CASSLSTSSRNYGYTF,TRBV27,TRBJ1-2,viral
CASSLSTTGSGDRGATEAF,TRBV29,TRBJ1-1,viral
CASSLSVGAAGTNEKLF,TRBV29,TRBJ1-4,viral
CASSLSVGAGGTNEKLF,TRBV29,TRBJ1-4,viral
CASSLSVGSGGTNEKLF,TRBV29,TRBJ1-4,viral
CASSLSVGVNTEAF,TRBV27,TRBJ1-1,viral
CASSLSVLSSPLHF,TRBV7-2,TRBJ1-6,viral
CASSLSVQEGNYGYTF,TRBV29,TRBJ1-2,viral
CASSLSVYEQYF,TRBV7-8,TRBJ2-7,viral
CASSLSWGGFYNEQF,TRBV27,TRBJ2-1,viral
CASSLSWGGFYNEQLF,TRBV27,TRBJ2-1,viral
CASSLSWGYEQYF,TRBV14-1,TRBJ2-7-1,viral
CASSLSYEQYF,TRBV12-5,TRBJ2-7,viral
CASSLSYSGTEAFF,TRBV7-9,TRBJ1-1,bacterial
CASSLSYSTLSYEQYF,TRBV27,TRBJ2-7,viral
CASSLTAANTGELFF,TRBV6-1,TRBJ2-2,bacterial
CASSLTAGLHSNQPQHF,TRBV27,TRBJ1-5,cancer
CASSLTAPDTDAF,TRBV5-4,TRBJ1-1,viral
CASSLTDPCEQYF,TRBV7-8,TRBJ2-7,viral
CASSLTDPHEQYF,TRBV7-8,TRBJ2-7,viral
CASSLTDPYEQFF,TRBV7-9,TRBJ2-1,viral
CASSLTDPYEQHF,TRBV7-8,TRBJ2-7,viral
CASSLTDPYEQNF,TRBV7-8,TRBJ2-7,viral
CASSLTDPYEQYF,TRBV7-8,TRBJ2-7,viral
CASSLTDPYEQYL,TRBV7-8,TRBJ2-7,viral
CASSLTDPYEQYS,TRBV7-8,TRBJ2-7,viral
CASSLTDSYEQYF,TRBV7-8,TRBJ2-7,viral
CASSLTDTEAFF,TRBV12-5,TRBJ1-1,viral
CASSLTEAHGYTF,TRBV6-5,TRBJ2-5,viral
CASSLTEGGNSPLHF,TRBV7-3,TRBJ1-6,cancer
CASSLTFHQQETQYF,,TRBJ2-5,autoimmune
CASSLTGAEEQFF,TRBV7-3,TRBJ2-1,viral
CASSLTGAFFNQDQHF,TRBV3,TRBJ1-5,viral
CASSLTGAGTDTQYF,TRBV7-9,TRBJ2-3,viral
CASSLTGAMGHEQYF,TRBV7-8,TRBJ2-7,viral
CASSLTGAPTGNSNQPQHF,TRBV7-9,TRBJ1-5,viral
CASSLTGATFHTEAFF,TRBV7-8,TRBJ1-1,viral
CASSLTGDGQETQYF,TRBV28,TRBJ2-5,viral
CASSLTGDLYEQYF,,TRBJ2-7,autoimmune
CASSLTGFKETQYF,TRBV7-9,TRBJ2-5,viral
CASSLTGGAGTEAFF,TRBV7-6,TRBJ1-1,viral
CASSLTGGDTEAFF,TRBV7-8,TRBJ1-1,viral
CASSLTGGGHNSPLHF,TRBV7-4,TRBJ1-6,viral
CASSLTGGGLGEQYF,TRBV7-8,TRBJ2-7,viral
CASSLTGGLAYEQYF,TRBV7-3,TRBJ2-7,viral
CASSLTGGNTEAFF,TRBV4-3,TRBJ1-1,viral
CASSLTGGYNEQF,TRBV5-1,TRBJ2-1,viral
CASSLTGLADYNEQFF,TRBV7-9,TRBJ2-1,viral
CASSLTGLAGTGELFF,TRBV7-3,TRBJ2-2,viral
CASSLTGLNEQFF,TRBV7-3,TRBJ2-1,viral
CASSLTGLNEQYF,TRBV7-3,TRBJ2-7,viral
CASSLTGLQYQETQYF,TRBV7-9,TRBJ2-5,viral
CASSLTGLRGQETQYF,TRBV7-9,TRBJ2-5,viral
CASSLTGNEQFF,TRBV19,TRBJ2-1,autoimmune
CASSLTGSEAF,TRBV6-2,TRBJ1-1,viral
CASSLTGSGTGELFF,TRBV7-3,TRBJ2-2,viral
CASSLTGSPYEQYF,TRBV18,TRBJ2-7,viral
CASSLTGTAGDTQYF,TRBV7-8,TRBJ2-3,viral
CASSLTGTASTYGYTF,TRBV5-5-1,TRBJ1-2-1,viral
CASSLTGTEAF,TRBV6-2,TRBJ1-1,viral
CASSLTGTEETQYF,TRBV7-9,TRBJ2-5,viral
CASSLTGTFRGYTF,TRBV4-1,TRBJ1-2,viral
CASSLTGTGEKLFF,TRBV27,TRBJ1-4,viral
CASSLTGTGTYEQYF,TRBV7-9,TRBJ2-7,viral
CASSLTGTLVDEQYF,TRBV5-1,TRBJ2-7,viral
CASSLTGTSVGNEQFF,TRBV9,TRBJ2-1,viral
CASSLTGTTYGGYTF,TRBV7-2,,viral
CASSLTGTYSYNEQFF,TRBV7-9,TRBJ2-1,viral
CASSLTGYNEQF,,TRBJ2-1,autoimmune
CASSLTIGGAQFF,,,viral
CASSLTLPNEQF,TRBV13,TRBJ2-1,autoimmune
CASSLTLQETQYF,TRBV7-2,TRBJ2-5,viral
CASSLTLTGNTEAF,,TRBJ1-1,autoimmune
CASSLTLVFEAFF,TRBV7-1,TRBJ1-1-1,viral
CASSLTNLGEQYF,TRBV5-4,TRBJ2-7,viral
CASSLTNPYEQYF,TRBV7-8,TRBJ2-7,viral
CASSLTPSFGTEAFF,TRBV12-3,TRBJ1-1,autoimmune
CASSLTQDQETQYF,TRBV7-9,TRBJ2-5,viral
CASSLTQGANTEAF,TRBV19,TRBJ1-1,viral
CASSLTQGLAGVEQYF,TRBV7-8,TRBJ2-7,viral
CASSLTRGLTYNEQFF,TRBV27,TRBJ2-1,viral
CASSLTRRGNQPQHF,TRBV13,TRBJ1-5,viral
CASSLTRYEQYF,TRBV7-8,TRBJ2-7,viral
CASSLTSAAGELF,TRBV28,TRBJ2-2,viral
CASSLTSEQF,TRBV12-3,TRBJ2-1,viral
CASSLTSEYPTDTQYF,TRBV5-1,TRBJ2-3,viral
CASSLTSFTSYEQYF,TRBV7-8,TRBJ2-7,viral
CASSLTSGANTGELF,TRBV7-9,TRBJ2-2,viral
CASSLTSGDTQYF,TRBV6-2,TRBJ2-3,autoimmune
CASSLTSGNEQFF,TRBV7-3,TRBJ2-1,viral
CASSLTSGSPYNEQF,TRBV27,TRBJ2-1,viral
CASSLTSVHIYNEQFF,TRBV7-8,TRBJ2-1,viral
CASSLTTATDTQYF,TRBV7-3,TRBJ2-3,viral
CASSLTTEQQFF,TRBV4-1,TRBJ2-1-1,viral
CASSLTTGANVLTF,TRBV7-9,TRBJ2-6,viral
CASSLTTGTGSYGYTF,TRBV6-5,TRBJ1-2,viral
CASSLTTIKGTSGGDLHTQYF,TRBV7-9,TRBJ2-3,viral
CASSLTTPPSTDTQYF,TRBV27,TRBJ2-3,cancer
CASSLTTRIDEQYF,,TRBJ2-7,autoimmune
CASSLTTSGSYNEQFF,TRBV28,TRBJ02-1,autoimmune
CASSLTTTRNEQFF,TRBV28,TRBJ02-1,autoimmune
CASSLTVGERFF,TRBV12-3,TRBJ2-1,viral
CASSLTVPGAGELFF,TRBV5-4,TRBJ2-2,viral
CASSLTWESYNEQFF,TRBV27,TRBJ2-1,autoimmune
CASSLTYGEYEQYF,TRBV7-6,,viral
CASSLTYGYTF,TRBV19,TRBJ1-2,viral
CASSLVAGATDTQYF,TRBV7-8,TRBJ2-3,viral
CASSLVAGDSQPQHF,TRBV7-6,TRBJ1-5,viral
CASSLVAGGGETQYF,TRBV5-6,TRBJ2-5,viral
CASSLVAGPAYNEQF,,TRBJ2-1,autoimmune
CASSLVAGPYNEQFF,TRBV7-2,TRBJ2-1,viral
CASSLVAGSGEQFF,TRBV7-8,TRBJ2-1,viral
CASSLVAGTDQPQHF,TRBV12-3,TRBJ1-5,autoimmune
CASSLVAGTGSVSYEQYF,TRBV11-2,TRBJ2-7,viral
CASSLVANEQF,TRBV13,TRBJ2-1,viral
CASSLVAPSGETQYF,TRBV7-8,TRBJ2-5,viral
CASSLVDLVHGYTF,TRBV7-8,TRBJ1-2,viral
CASSLVDPTGFGLETQYF,TRBV5-1,TRBJ2-5,viral
CASSLVDSSRQETQYF,TRBV28,TRBJ2-5,viral
CASSLVEAGDPYEQYF,TRBV7-9,TRBJ2-7,viral
CASSLVEGILYEQYF,TRBV7-8,TRBJ2-7,viral
CASSLVELPDTQYF,TRBV7-9,TRBJ2-3,viral
CASSLVENTEAF,,TRBJ1-1,viral
CASSLVENTEAFF,TRBV5-1,TRBJ1-1,viral
CASSLVEQGIEQYF,TRBV7-8,TRBJ2-7,viral
CASSLVFGTAGGQQF,TRBV6-5,TRBJ2-2,viral
CASSLVGAGGSYEQYF,TRBV7-3,TRBJ2-7,viral
CASSLVGDRDGYTF,TRBV7-2,,viral
CASSLVGGAAGYTF,TRBV7-2,TRBJ1-2,viral
CASSLVGGGMGWEQFF,TRBV4-1,TRBJ2-1,viral
CASSLVGGKSSYEQYF,,TRBJ2-7,autoimmune
CASSLVGGMTGYEQFF,TRBV7-6,TRBJ2-1,viral
CASSLVGGPADTQYF,TRBV7-6,TRBJ2-3,viral
CASSLVGGRYGYTF,TRBV12-4,TRBJ1-2,viral
CASSLVGGSGISTDTQYF,TRBV7-8,TRBJ2-3,viral
CASSLVGGTAEAFF,TRBV7-6,TRBJ1-1,viral
CASSLVGLAGQETQYF,TRBV7-9,TRBJ2-5,viral
CASSLVGLESYNEQF,TRBV7-8,TRBJ2-1,autoimmune
CASSLVGNEQFF,TRBV7-8,TRBJ2-1,viral
CASSLVGPPGEAF,TRBV5-5,TRBJ1-1,viral
CASSLVGPPGELF,TRBV5-5,TRBJ2-2,viral
CASSLVGQGARQPQHF,TRBV27,TRBJ1-5,viral
CASSLVGQGSYEQYF,TRBV7-9,TRBJ2-7,viral
CASSLVGQLDEQYF,TRBV11-2,TRBJ2-7,viral
CASSLVGQLETQYF,TRBV11-2,TRBJ2-5,viral
CASSLVGQLYEQYF,TRBV11-2,TRBJ2-7,viral
CASSLVGRTEAFF,TRBV6-1/6-5/6-6,TRBJ1-1,viral
CASSLVGSGGEQYF,TRBV5-1,,viral
CASSLVGSGGLNEQFF,TRBV4-2,TRBJ2-1,viral
CASSLVGSGNNEQFF,TRBV7-9,TRBJ2-1,viral
CASSLVGSGTDTQYF,TRBV5-6,TRBJ2-3,bacterial
CASSLVGSYEQYF,TRBV7-6,TRBJ2-7,viral
CASSLVGSYNEQF,TRBV12-4,TRBJ2-1,viral
CASSLVGTAYNNEQFF,TRBV11-3,TRBJ2-1,viral
CASSLVGTEAFF,TRBV7-2,TRBJ1-1,viral
CASSLVGTGELFF,TRBV18,TRBJ2-2,viral
CASSLVGTGGWDEQF,TRBV12-3,TRBJ2-1,viral
CASSLVGTNIQYF,,TRBJ1-3,cancer
CASSLVGTPDYNEQF,TRBV19,TRBJ2-1,cancer
CASSLVGTSELTNNEQFF,TRBV7-6,TRBJ2-1,viral
CASSLVGTSSYEQYF,TRBV7-8,TRBJ2-7,viral
CASSLVGVPGANVLTF,TRBV7,TRBJ2-6,cancer
CASSLVGVRGGRETQYF,TRBV7-8,TRBJ2-5,viral
CASSLVIGDRGHSEQYF,TRBV19,TRBJ1-5,viral
CASSLVIGTPEQFF,TRBV7-9,TRBJ2-1,viral
CASSLVIYNEQFF,TRBV7-8,TRBJ2-1,viral
CASSLVKLGIALIETQYF,TRBV7-8,TRBJ2-5,viral
CASSLVLAIEQYF,TRBV7-2,TRBJ2-7,viral
CASSLVLATEQYF,TRBV7-2,TRBJ2-7,viral
CASSLVLGGSEQYF,TRBV7-9,TRBJ2-7,viral
CASSLVLQETQYF,TRBV28,TRBJ2-5,viral
CASSLVLYEQYF,TRBV7-8,TRBJ2-7,viral
CASSLVNTEAFF,TRBV7-8,TRBJ1-1,viral
CASSLVPAFYGYTF,TRBV7-9,TRBJ1-2,viral
CASSLVPDRGVAGELFF,TRBV7-9,TRBJ2-2,viral
CASSLVPGASYNEQF,TRBV7-8,TRBJ2-1,cancer
CASSLVPGFNEQFF,TRBV11-2,TRBJ2-1,viral
CASSLVPGGSGANVLTF,TRBV11-2,TRBJ2-6,viral
CASSLVPGLNYEQYF,TRBV27,TRBJ02-7,autoimmune
CASSLVPGQKYNSPLHF,TRBV7-8,TRBJ1-6,viral
CASSLVPGTLNTGELF,TRBV12-4,TRBJ2-2,cancer
CASSLVPGTTSYEQYF,TRBV7-8,TRBJ2-7,viral
CASSLVPGYDQPQHF,,TRBJ1-5,autoimmune
CASSLVPPRAVPNEQFF,TRBV11-2,TRBJ2-1,autoimmune
CASSLVPRVGGELFF,TRBV7-9,TRBJ2-2,viral
CASSLVPSGSTDTQYF,TRBV5-1,,viral
CASSLVPSGTDTQYF,TRBV7-2,TRBJ2-3,viral
CASSLVPTDTQYF,TRBV11-3,TRBJ2-3,autoimmune
CASSLVQDGLATNEKLFF,TRBV7-8,TRBJ1-4,viral
CASSLVQEWSEKLFF,TRBV7-2,TRBJ1-4,viral
CASSLVQGAGSTISNQPQHF,TRBV7-9,TRBJ1-5,viral
CASSLVQGNTEAFF,TRBV7-8,TRBJ1-1,viral
CASSLVQGYEQYF,TRBV7-9,TRBJ2-7,viral
CASSLVQSREQY,TRBV7-9,TRBJ2-7,viral
CASSLVQWNEQFF,TRBV7-8,TRBJ2-1,viral
CASSLVRDGPYEQYF,TRBV7-9,TRBJ2-7,viral
CASSLVRGGNEQFF,TRBV7-9,TRBJ2-1,viral
CASSLVRGQELFF,TRBV7-7,TRBJ2-2,viral
CASSLVRNYEQYF,TRBV11-2,TRBJ2-7,viral
CASSLVRVRTSGYYEQYF,TRBV7-8,TRBJ2-7,viral
CASSLVSALEANVLTF,TRBV5-6,TRBJ2-6,bacterial
CASSLVSDRVEGYTF,TRBV28,TRBJ1-2,bacterial
CASSLVSGDTQYF,TRBV7-9,TRBJ2-3,viral
CASSLVSGGDTEAFF,TRBV7-2,TRBJ1-1,viral
CASSLVSGMLYF,TRBV7-8,TRBJ2-7,viral
CASSLVSGRGNEQF,TRBV7-9,TRBJ2-1,viral
CASSLVSGSPTGELF,TRBV27,TRBJ2-2,viral
CASSLVSNYGYT,TRBV5-8,TRBJ1-2,viral
CASSLVSQGDEQFF,TRBV11-3,TRBJ2-1,cancer
CASSLVTGGLDEQFF,TRBV7-8,TRBJ2-1,viral
CASSLVTGTGADTQYF,TRBV27,TRBJ2-3,cancer
CASSLVTMRPDTQYF,TRBV7-2,TRBJ2-3,viral
CASSLVTSSTDTQYF,TRBV7-2,TRBJ2-3,viral
CASSLVTSSYEQYF,TRBV7-8,TRBJ2-7,viral
CASSLVTVLGTDTQYF,TRBV7-6,TRBJ2-3,viral
CASSLVTVVARGYTF,TRBV7-9,TRBJ1-2,viral
CASSLVVLAYGTDTQYF,TRBV7-8,TRBJ2-3,viral
CASSLVVPQLPTYEQFF,TRBV7-9,TRBJ2-1,viral
CASSLVVPQLPTYEQYF,TRBV7-4,TRBJ2-7,viral
CASSLVWRDSQYF,TRBV7-2,TRBJ2-7,viral
CASSLVWSSGGQETQYF,TRBV6-2,TRBJ1-4,viral
CASSLWAGETEAF,TRBV7-2,TRBJ1-1,viral
CASSLWAGGPETQYF,TRBV7-2,TRBJ2-5,viral
CASSLWAGGSNEQF,TRBV7-2,TRBJ1-5,viral
CASSLWAGPSNEQF,TRBV7-2,TRBJ2-1,viral
CASSLWAGVSDTQYF,TRBV7-2,TRBJ2-3,viral
CASSLWARQSNQPQHF,TRBV7-2,TRBJ1-5,autoimmune
CASSLWDPGELFF,TRBV5-4,,viral
CASSLWDQETQYF,TRBV7-2,TRBJ2-3,viral
CASSLWDSYTF,TRBV28,TRBJ1-2,viral
CASSLWDTGEQYF,TRBV6-2,TRBJ1-5,viral
CASSLWEGREQF,TRBV27,TRBJ2-1,viral
CASSLWGAKMNTEAF,TRBV7-8,TRBJ1-1,viral
CASSLWGALYEQYF,TRBV5-6,TRBJ2-7,viral
CASSLWGGASNEQYF,TRBV7-2,TRBJ2-7,viral
CASSLWGGDFSQEQF,TRBV7-2,TRBJ2-1,viral
CASSLWGGDFSQERF,TRBV7-2,TRBJ2-1,viral
CASSLWGGGDREQYF,TRBV7-2,TRBJ2-3,viral
CASSLWGGGFSQEQF,TRBV7-2,TRBJ2-1,viral
CASSLWGGIADTQYF,TRBV7-9,TRBJ2-1,viral
CASSLWGGINEQFF,TRBV19-2,TRBJ2-1-1,viral
CASSLWGGLAGTAYEQYF,TRBV7-2,TRBJ2-7,viral
CASSLWGGPFVGYTF,TRBV7-8,TRBJ1-2,viral
CASSLWGGPTNEQYF,TRBV7-2,TRBJ2-1,viral
CASSLWGGSSNEQF,TRBV7-9,TRBJ2-7,viral
CASSLWGGTEAFF,TRBV27-1,TRBJ1-1-1,viral
CASSLWGTSNIYGYTF,,TRBJ1-2,autoimmune
CASSLWGVDEQFF,TRBV7-8,TRBJ2-1,viral
CASSLWLTGTTDNEQFF,TRBV7-2,TRBJ2-1,viral
CASSLWNTEAFF,TRBV7-2,TRBJ1-1,viral
CASSLWPGASNEQF,TRBV7-2,TRBJ2-1,viral
CASSLWQTGNTIYF,TRBV7-2,TRBJ1-3,viral
CASSLWRLGKAYEQYF,TRBV28,TRBJ2-7,viral
CASSLWSGASNEQF,TRBV7-2,TRBJ2-1,viral
CASSLWSGGADTQYF,TRBV7-2,TRBJ2-3,viral
CASSLWSGIADTQYF,TRBV7-2,TRBJ2-3,viral
CASSLWSGRADTQYF,TRBV7-2,TRBJ2-3,viral
CASSLWSGVGDGYTF,TRBV7-2,TRBJ1-2,viral
CASSLWSSGETQYF,TRBV7-6,TRBJ2-5,viral
CASSLWTATGELFF,TRBV7-3,TRBJ2-2,viral
CASSLWTGSHEQYF,TRBV5-1,TRBJ2-7-1,viral
CASSLWTGSLETQYF,TRBV4-3,TRBJ2-5,viral
CASSLWTHLEAFF,TRBV7-8,TRBJ1-1,viral
CASSLWTTGGNQPQHF,TRBV7-9,TRBJ1-5,viral
CASSLWVAGNGSTF,TRBV12-3-1,TRBJ1-2-1,viral
CASSLWVENYGYTF,TRBV12-5,TRBJ1-5,viral
CASSLWVGAYEQYF,TRBV7-3,TRBJ2-7,viral
CASSLWVGGSSGANVLTF,TRBV27,,viral
CASSLWVSTDTQYF,TRBV07,TRBJ02-3,autoimmune
CASSLYAGPDQPQHF,TRBV7-2,TRBJ1-5,viral
CASSLYDGEEHSNQPQHF,TRBV28,TRBJ1-5,viral
CASSLYEEVLLSYNEQF,TRBV11-2,TRBJ2-1,viral
CASSLYGEYEQYF,TRBV7-2,TRBJ2-7,viral
CASSLYGFYEQYF,TRBV7-9,TRBJ2-7,viral
CASSLYGGGDQPQHF,TRBV7-2,TRBJ1-5,viral
CASSLYGGGEQPQHF,TRBV7-2,TRBJ1-5,viral
CASSLYGGLHYGYTF,TRBV7-8,TRBJ1-2,viral
CASSLYGGPEQPQHF,TRBV7-2,TRBJ1-5,viral
CASSLYGSPDQPQHF,TRBV7-2,TRBJ1-5,viral
CASSLYGTGGTGELFF,TRBV12-3/12-4,TRBJ2-2,viral
CASSLYGTLSPGELFF,TRBV27,TRBJ2-2,autoimmune
CASSLYGVGDTQYF,TRBV7-8,TRBJ2-3,viral
CASSLYGVGETQYF,TRBV7-8,TRBJ2-5,viral
CASSLYHSPTDQPQHF,TRBV7-2,TRBJ1-5,viral
CASSLYLAPNEKLF,TRBV7-2,TRBJ1-4,viral
CASSLYLPTDTQYF,,TRBJ2-3,autoimmune
CASSLYPGTAEGGYTF,TRBV27,TRBJ1-2,viral
CASSLYPLGFGYTF,TRBV27,TRBJ1-2,viral
CASSLYRGEKLFF,TRBV12-3,TRBJ1-4,viral
CASSLYRGTEAFF,TRBV12-3,TRBJ1-1,autoimmune
CASSLYRQETQYF,TRBV7-6,TRBJ2-5,viral
CASSLYSGADQPQHF,TRBV7-2,TRBJ1-5,viral
CASSLYSGAEQPQHF,TRBV7-2,TRBJ1-5,viral
CASSLYSGGDKEQYF,TRBV7-2,TRBJ2-7,viral
CASSLYSGGDQPQHF,TRBV7-2,TRBJ1-5,viral
CASSLYSGGGQPQHF,TRBV7-2,TRBJ1-5,viral
CASSLYSGLDQPQHF,TRBV7-2,TRBJ1-5,viral
CASSLYSGPDQPQHF,TRBV7-2,TRBJ1-5,viral
CASSLYSGYDQPQHF,TRBV7-2,TRBJ1-5,viral
CASSLYSNQPQHF,TRBV19,,viral
CASSLYSPRAANTGEF,TRBV28,TRBJ2-2,cancer
CASSLYTGELFF,TRBV05,TRBJ02-2,autoimmune
CASSLYTGGDQPQHF,TRBV7-2,TRBJ1-5,viral
CASSLYTGGRETQYF,TRBV27,TRBJ2-5,viral
CASSLYTGSDQPQHF,TRBV7-2,TRBJ1-5,viral
CASSMEGGTEAFF,TRBV19,TRBJ1-1,viral
CASSMFALDTQYF,TRBV19,TRBJ2-3,viral
CASSMFVGQPQHF,TRBV19,,viral
CASSMGAVAGELF,TRBV6-5,TRBJ2-2,cancer
CASSMGGDEQFF,TRBV7-6,TRBJ2-1,viral
CASSMGLAQSYGYTF,TRBV19,TRBJ1-2,bacterial
CASSMGQGTYEQYF,TRBV19,,viral
CASSMGQKNQPQHF,TRBV6-1/6-5/6-6,TRBJ1-5,viral
CASSMGQNSNEQYF,TRBV4-3,TRBJ2-7,viral
CASSMGSHGYTF,TRBV19,TRBJ1-2,viral
CASSMGSYGYTF,TRBV19,TRBJ1-2,viral
CASSMGTGVFAGELF,TRBV19,TRBJ2-2,cancer
CASSMIQGADTQYF,TRBV19,TRBJ2-3,viral
CASSMRAGVEQFF,TRBV19,,viral
CASSMRAGYEQYF,TRBV1-1,TRBJ2-7-1,viral
CASSMRDIGNTGELFF,TRBV19,TRBJ2-2,viral
CASSMRSAGELFF,TRBV19-2,TRBJ2-2-1,viral
CASSMRSAYEQYF,TRBV19,TRBJ2-7,viral
CASSMRSDEKLFF,TRBV1-1,TRBJ1-4-1,viral
CASSMRSGETQYF,TRBV1-1,TRBJ2-5-1,viral
CASSMRSGNTIYF,TRBV19,TRBJ2-7,viral
CASSMRSGSEQYF,TRBV19,TRBJ2-7,viral
CASSMRSGYEQYF,TRBV19,TRBJ2-7,viral
CASSMRSQETQYF,TRBV17,TRBJ2-5,viral
CASSMRSSGEQYF,TRBV19,TRBJ2-7,viral
CASSMRSSWEQYF,TRBV19,TRBJ2-7,viral
CASSMRSSYEQYF,TRBV19,TRBJ2-7,viral
CASSMRSTDTQYF,TRBV19,TRBJ2-7,viral
CASSMRSTGELFF,TRBV19,TRBJ2-2,viral
CASSMRSYNEQFF,TRBV19,,viral
CASSMTSDYYEQYF,TRBV6-2,TRBJ2-7,bacterial
CASSMTSGALYNEQFF,TRBV2-1,TRBJ2-1-1,viral
CASSMTSGDYNEQFF,TRBV19,TRBJ2-1,autoimmune
CASSMTSYNEQYF,TRBV27,TRBJ2-7,cancer
CASSMVGGSYNEQFF,TRBV19,TRBJ2-1,viral
CASSMVGGVYGYTF,TRBV19,TRBJ2-7,viral
CASSMVSIDEQFF,TRBV19,TRBJ2-1,viral
CASSNDNQPQHF,TRBV12-3,TRBJ1-5,viral
CASSNETYHEQYF,TRBV6-6,TRBJ2-7,bacterial
CASSNGAYGYTF,TRBV19,TRBJ1-2,viral
CASSNGGSYNEQFF,TRBV12-3/12-4,TRBJ2-1,viral
CASSNGQGAVGEQFF,TRBV7-9,TRBJ2-1,viral
CASSNGQNAYEQYF,TRBV6-6,TRBJ2-7,viral
CASSNGRGNEQYF,TRBV25-1,TRBJ2-7,bacterial
CASSNHDSQGSGAPLHF,TRBV7-9,TRBJ1-6,viral
CASSNKGAAYGYTF,TRBV12-3/12-4,TRBJ1-2,viral
CASSNLPGTGEAFF,TRBV27,TRBJ2-3,viral
CASSNLPGTVEAFF,TRBV6-2,,viral
CASSNLRWKGRGYTF,TRBV4-1,,viral
CASSNNQETQYF,TRBV12-4,TRBJ2-5,cancer
CASSNNRESSYQPQHF,TRBV12-5,TRBJ1-5,viral
CASSNPGRMNTEAFF,TRBV5-1,TRBJ1-1,viral
CASSNPRASGATDTQYF,TRBV25-1,TRBJ2-3,bacterial
CASSNPSFNQPQHF,,TRBJ1-5,autoimmune
CASSNPTGQGHSNQPQHF,TRBV11,TRBJ01-5,autoimmune
CASSNQGASAYGYTF,TRBV27,TRBJ1-2,viral
CASSNQGNIQYF,TRBV7-8,TRBJ2-4,viral
CASSNRASEKLFF,TRBV19,,viral
CASSNRASNEQFF,TRBV19,TRBJ2-1,viral
CASSNRQGGTGELF,TRBV5-1,TRBJ2-2,viral
CASSNRSGGRYNEQFF,TRBV7-6,TRBJ2-1,viral
CASSNTDSGANVLTF,TRBV6-2,TRBJ2-6,bacterial
CASSPAAAYEQYF,TRBV9,TRBJ2-7,viral
CASSPAAGGASYNEQFF,TRBV6-4,TRBJ2-1,bacterial
CASSPAAGGAYEQYF,TRBV5-1,TRBJ2-7,viral
CASSPAELRGNTIYF,TRBV7-6,TRBJ1-3,viral
CASSPAFSRHYEQCF,TRBV7-6,TRBJ2-7,viral
CASSPAFSRHYEQYF,TRBV7-8,TRBJ2-7,viral
CASSPAGAVTDTQYF,TRBV9,TRBJ2-3,autoimmune
CASSPAGAYGYTF,TRBV6-5,TRBJ1-2,viral
CASSPAGGAYNEQFF,TRBV7-3,TRBJ2-1,viral
CASSPAGGHEQYF,TRBV7-9,TRBJ2-7,viral
CASSPAGPGMNTEAFF,TRBV7-9,TRBJ1-1,viral
CASSPAGQGAGTGELFF,TRBV13,TRBJ2-2,viral
CASSPAGSVDTQYF,TRBV5-4,TRBJ2-3,autoimmune
CASSPAGTAYEQYF,TRBV7-9,TRBJ2-7,viral
CASSPAGTGTSEQYF,TRBV6,TRBJ2-7,cancer
CASSPAGVEQYF,TRBV7-2,TRBJ2-7,viral
CASSPAGVSYEQYF,TRBV18,TRBJ2-7,viral
CASSPALDAQYF,TRBV12-3,TRBJ2-3,viral
CASSPALTGGLIEQYF,TRBV4-2,TRBJ2-3,cancer
CASSPALTGLSYEQYF,TRBV4-1,TRBJ2-7,viral
CASSPAPGSTTYEQYF,TRBV14,TRBJ2-7,viral
CASSPARAERGRELFF,TRBV7-8,TRBJ2-2,viral
CASSPARGGGGTEAF,TRBV7-6,TRBJ1-1,cancer
CASSPARGTDTQYF,TRBV7-7,TRBJ2-3,viral
CASSPARNAGELFF,TRBV7-6,TRBJ2-2,viral
CASSPARNTEAFF,TRBV4-3,TRBJ1-1,viral
CASSPASGAFGYNEQF,TRBV6-6,TRBJ2-1,viral
CASSPASGSGDTQYF,TRBV6-4,TRBJ2-3,viral
CASSPASGTEGEKLFF,TRBV07-9,TRBJ01-4,autoimmune
CASSPATGGYGYTF,TRBV7-6,TRBJ1-2,viral
CASSPATGPREQYF,TRBV7-9,TRBJ2-7,viral
CASSPAYEQYF,TRBV7-8,TRBJ2-7,viral
CASSPDFGQVDGYTF,TRBV4-3,TRBJ1-2,bacterial
CASSPDFQETQYF,TRBV7-2,TRBJ2-5,viral
CASSPDGGNTEAFF,TRBV7-2,TRBJ1-1,bacterial
CASSPDGGSYNEQFF,TRBV4-3,TRBJ2-1,viral
CASSPDGPYNEQFF,TRBV6-4,,viral
CASSPDGRVEQYF,TRBV18,TRBJ2-7,viral
CASSPDLGSTEAF,TRBV11-3,TRBJ1-1,viral
CASSPDLSSGNTIYF,TRBV7-8,TRBJ1-3,viral
CASSPDQDYQPQHF,,TRBJ1-5,autoimmune
CASSPDRAGEQYF,TRBV7-9,TRBJ2-7,viral
CASSPDRAHTIYF,TRBV7-9,TRBJ1-3,viral
CASSPDRAHTQYF,TRBV7-9,TRBJ2-5,viral
CASSPDRAITEAFF,TRBV4-1,TRBJ1-1,viral
CASSPDRANTGGAFF,TRBV7-9,TRBJ2-2,viral
CASSPDRANTQYF,TRBV7-9,TRBJ2-5,viral
CASSPDRAPEAFF,TRBV7-9,TRBJ1-1,viral
CASSPDRAQTQYF,TRBV7-9,TRBJ2-5,viral
CASSPDRARDGYT,TRBV7-9,TRBJ1-2,viral
CASSPDREATQYF,TRBV7-9,TRBJ2-5,viral
CASSPDREGGDRGYNEQFF,TRBV1-1,TRBJ2-1-1,viral
CASSPDREGTDTQYF,TRBV29-1,TRBJ2-1,viral
CASSPDREKTQYF,TRBV7-9,TRBJ2-3,viral
CASSPDRELFHTF,TRBV7-9,TRBJ1-2,viral
CASSPDRELTQYF,TRBV7-9,TRBJ2-5,viral
CASSPDRGGRDGFEQFF,TRBV7-2,TRBJ2-1,viral
CASSPDRGLEQYF,TRBV7-9,TRBJ2-7,viral
CASSPDRGLNNEQF,TRBV18,TRBJ2-1,viral
CASSPDRGLYGYTF,TRBV4-1,TRBJ1-2,viral
CASSPDRGNQPQHF,TRBV12-3,TRBJ1-5,viral
CASSPDRGRGDYNEQFF,TRBV19,TRBJ2-1,autoimmune
CASSPDRGRGYTF,TRBV28,TRBJ1-2,viral
CASSPDRGTEAFF,TRBV7-9,TRBJ1-1,viral
CASSPDRLQTQYF,TRBV7-9,TRBJ1-1,viral
CASSPDRQPDQHF,TRBV7-9,TRBJ1-5,viral
CASSPDRRGSGANVLTF,TRBV4-1,TRBJ2-6,viral
CASSPDRRIYEQYF,TRBV18,TRBJ2-7,viral
CASSPDRRLRTEAFF,TRBV7-8,TRBJ1-1,viral
CASSPDRSGQFF,TRBV7-8,TRBJ2-1,viral
CASSPDRSPEAFF,TRBV7-9,TRBJ1-1,viral
CASSPDRTQEQYF,TRBV7-9,TRBJ2-7,viral
CASSPDRVKTQYF,TRBV7-9,TRBJ2-2,viral
CASSPDRVPEAFF,TRBV7-9,TRBJ1-1,viral
CASSPDRVQEQFF,TRBV7-9,TRBJ2-1,viral
CASSPDRVYEQYF,TRBV25-1,TRBJ2-7,bacterial
CASSPDRYSYEQYF,TRBV6-5,TRBJ2-7,viral
CASSPDRYTEAFF,TRBV6-5,TRBJ1-1,viral
CASSPDSDAYEQYF,TRBV9,TRBJ2-7,viral
CASSPDSDSYEQYF,TRBV9,TRBJ2-7,viral
CASSPDSFSGANVLTF,TRBV6-1/6-5/6-6,TRBJ2-6,viral
CASSPDSPYEQYF,TRBV5-1,TRBJ2-7,viral
CASSPDSYEQYF,TRBV2,TRBJ2-7,cancer
CASSPDSYNQPQHF,TRBV7-8,TRBJ1-5,viral
CASSPDTGELFF,TRBV4-2,TRBJ2-2,viral
CASSPDTIYNQPQHF,TRBV6-5,TRBJ1-5,bacterial
CASSPDTPDVSYEQYF,TRBV27,TRBJ2-7,bacterial
CASSPDTSYEQYF,TRBV7-9,TRBJ2-7,viral
CASSPDVGNTIYF,TRBV6-1/6-5/6-6,TRBJ1-3,viral
CASSPDWTFNYGYTF,TRBV1,TRBJ1-2,autoimmune
CASSPDWVQETQYF,TRBV7-8,TRBJ2-5,viral
CASSPEAASALADTQYF,TRBV28,TRBJ2-3,viral
CASSPEAGVSNTEAFF,TRBV18,TRBJ2-1,viral
CASSPEGAQSYEQYF,TRBV7-9,TRBJ2-7,viral
CASSPEGASGANVLTF,TRBV4-3,TRBJ2-6,bacterial
CASSPEGFETQYF,,TRBJ2-5,autoimmune
CASSPEGGGGEKLFF,TRBV6-1,TRBJ1-4,bacterial
CASSPEGPRAIEQF,TRBV7-9,TRBJ2-1,viral
CASSPEGRAGLYNEQFF,TRBV19,TRBJ2-1,viral
CASSPEGTGSYEQYF,TRBV18,TRBJ2-7,viral
CASSPEGVSYEQYF,TRBV4-3,TRBJ2-7,viral
CASSPEQETQYF,TRBV4-1,TRBJ2-5,viral
CASSPEQGAGEKLFF,TRBV28,TRBJ1-4,viral
CASSPEQGMSNYGYTF,TRBV6-4,TRBJ1-2,bacterial
CASSPETGEAFF,TRBV5-1,TRBJ1-1,autoimmune
CASSPETGGFSYGYTF,TRBV7-6,TRBJ1-2,viral
CASSPEVGTDTQYF,TRBV7-3,TRBJ2-3,viral
CASSPEVTSGGHEQYF,TRBV4-1,TRBJ2-7,viral
CASSPEWGYEQYF,TRBV7-9,TRBJ2-7,viral
CASSPFGANVLTF,TRBV19,TRBJ2-6,viral
CASSPFGDEQYF,TRBV4-2,TRBJ2-7,viral
CASSPFGLGDSPLHF,TRBV28,TRBJ1-6,cancer
CASSPFHDSGHYGYTF,TRBV4-3,TRBJ1-2,viral
CASSPFPANNEQFF,TRBV7-9,TRBJ2-1,viral
CASSPFPSGFTDTQYF,TRBV19,TRBJ2-5,viral
CASSPFQGSYEQYF,TRBV5-4,TRBJ2-7,viral
CASSPFRDSYNEQFF,TRBV11,TRBJ02-1,autoimmune
CASSPFRGGLGYGYTF,TRBV7-8,TRBJ1-2,viral
CASSPFSGPSYEQYF,TRBV9,TRBJ2-7,viral
CASSPFWGGEQYF,TRBV19,TRBJ2-7,viral
CASSPGAGAPTEAFF,TRBV7-6,TRBJ1-1,viral
CASSPGANNEQFF,TRBV4-1,TRBJ2-1,viral
CASSPGASLGNEKLFF,TRBV3-1,TRBJ1-4,cancer
CASSPGAVSSTDTQYF,TRBV7-8,TRBJ2-3,viral
CASSPGAVYEQYF,TRBV7-2,TRBJ2-7,viral
CASSPGDEQFF,TRBV25-1,TRBJ2-1,viral
CASSPGDEQYF,TRBV25-1,TRBJ2-7,viral
CASSPGDTGANVLTF,TRBV27,,viral
CASSPGDTQYF,TRBV25-1,TRBJ2-3,viral
CASSPGENEQF,,TRBJ2-1,autoimmune
CASSPGESYEQYF,TRBV5-4,TRBJ2-7,viral
CASSPGGAAGYTF,TRBV7-9,TRBJ1-2,viral
CASSPGGAENIQYF,TRBV4-2,TRBJ2-4,viral
CASSPGGAFSYNEQFF,TRBV11-2,TRBJ2-1,viral
CASSPGGAPNEQF,,TRBJ2-1,autoimmune
CASSPGGASGRSNEQFF,TRBV28,TRBJ2-1,viral
CASSPGGAYNSPLHF,TRBV7-2,TRBJ1-6,viral
CASSPGGFQETQYF,TRBV7-9,TRBJ2-7,viral
CASSPGGGELF,TRBV27,TRBJ2-2,viral
CASSPGGGGYTF,TRBV7-6,TRBJ1-2,viral
CASSPGGGPTDTQYF,TRBV7-3,TRBJ2-3,viral
CASSPGGGYNEQFF,TRBV7-3,TRBJ2-1,viral
CASSPGGLEAFF,TRBV9,TRBJ1-1,viral
CASSPGGLGGQYF,TRBV27,TRBJ2-5,cancer
CASSPGGLSRGEAFF,TRBV7-9,TRBJ1-1,viral
CASSPGGNQPQHF,TRBV4-1,TRBJ1-5,viral
CASSPGGPTQYF,TRBV12-3,TRBJ2-3,cancer
CASSPGGQGGQPQHF,TRBV4-2,TRBJ1-5,viral
CASSPGGREQYF,TRBV7-2,TRBJ2-7,viral
CASSPGGSPGNTIYF,TRBV11-2,TRBJ1-3,cancer
CASSPGGTGIISYEQYF,TRBV7-8,TRBJ2-7,viral
CASSPGGVSYGYTF,TRBV6-6,TRBJ1-2,viral
CASSPGHAYEQYF,TRBV27,TRBJ2-7,viral
CASSPGISGYEQYF,TRBV5-1,TRBJ2-7,viral
CASSPGISVNYGYTF,TRBV7-8,TRBJ1-2,viral
CASSPGKLDSEETQYF,TRBV18,TRBJ2-5,viral
CASSPGLAASYNEQF,TRBV12-4,TRBJ2-1,viral
CASSPGLAEYNEQF,,TRBJ2-1,autoimmune
CASSPGLAEYNEQFF,TRBV4-2,TRBJ2-1,bacterial
CASSPGLAGAHEQFF,TRBV4-3,TRBJ2-1,viral
CASSPGLAGANEQFF,TRBV4-2,TRBJ2-1,viral
CASSPGLAGAREQFF,TRBV7-3,TRBJ2-1,viral
CASSPGLAGEQFF,TRBV4-1,TRBJ2-1,viral
CASSPGLAGGPDTQYF,TRBV6-4,TRBJ2-3,bacterial
CASSPGLAGNNEQYF,TRBV7-6,TRBJ2-7,viral
CASSPGLAGPEQYF,TRBV7-6,TRBJ2-7,viral
CASSPGLAGTDTQYF,TRBV4-3,TRBJ2-3,bacterial
CASSPGLAGVYEQYF,TRBV12-3,TRBJ2-7,viral
CASSPGLAMNNEQFF,TRBV9,TRBJ2-1,viral
CASSPGLANTDTQYF,TRBV7-9,TRBJ2-3,viral
CASSPGLASPYSYNEQFF,TRBV6-1,TRBJ2-1-1,viral
CASSPGLAYEQYF,TRBV9,TRBJ2-7,viral
CASSPGLGADTQYF,TRBV6-4,TRBJ2-3,bacterial
CASSPGLGAEAF,TRBV7-8,TRBJ1-1,viral
CASSPGLGTYEQYF,TRBV4-2,TRBJ2-7,viral
CASSPGLPYEQYF,,TRBJ2-7,autoimmune
CASSPGLTEAFF,TRBV7-8,TRBJ1-1,viral
CASSPGLTYPGELF,TRBV2-1,TRBJ2-2,viral
CASSPGNRSYEQYF,TRBV25-1,TRBJ2-7,bacterial
CASSPGNTEAF,TRBV12-3/4,TRBJ1-1,viral
CASSPGPGAGYGYTF,TRBV4-1,TRBJ1-2,viral
CASSPGPLYEQYF,TRBV28,TRBJ2-7,viral
CASSPGPNQPQHF,TRBV6-4,TRBJ1-5,bacterial
CASSPGPQRGGLETQYF,TRBV5-1,TRBJ2-5,viral
CASSPGPREGSDTQYF,TRBV4-1,TRBJ2-3,autoimmune
CASSPGPTGELFF,TRBV12-3,TRBJ2-2,viral
CASSPGPTSYEQYF,TRBV7-2,TRBJ2-7,viral
CASSPGPYTLNTGELFF,TRBV7-3,TRBJ2-2,viral
CASSPGQALSNQPQHF,TRBV7-6,TRBJ1-5,viral
CASSPGQDTDTQYF,TRBV7-8,TRBJ2-3,viral
CASSPGQENEKLFF,TRBV19,TRBJ1-4,bacterial
CASSPGQFGNTIYF,TRBV4-3,TRBJ1-3,viral
CASSPGQFSHEQYF,TRBV18,TRBJ2-7,viral
CASSPGQGAGQPQHF,TRBV12-3,TRBJ1-5,viral
CASSPGQGETQYF,TRBV7-9,TRBJ2-5,viral
CASSPGQGFVKF,TRBV6,TRBJ2-1,cancer
CASSPGQGGDEQYF,TRBV13,,viral
CASSPGQGGGANVLTF,TRBV28,TRBJ2-6,bacterial
CASSPGQGGTDTQYF,TRBV7-9,TRBJ2-3,viral
CASSPGQGLPNHF,TRBV6-5,TRBJ1-6,cancer
CASSPGQGPYEQYF,TRBV4-3,TRBJ2-7,viral
CASSPGQGQEQY,TRBV7-9,TRBJ2-7,viral
CASSPGQGRDEQFF,TRBV7-2,TRBJ2-1,viral
CASSPGQGREQY,TRBV7-9,TRBJ2-7,viral
CASSPGQGRSYGYTF,TRBV18,TRBJ01-2,autoimmune
CASSPGQGSPLHF,TRBV6,TRBJ1-6,cancer
CASSPGQGSTDTQYF,TRBV7-9,TRBJ2-3,viral
CASSPGQGVDTQYF,TRBV7-9,TRBJ2-3,viral
CASSPGQGVTKNIQYF,TRBV7-6,TRBJ2-4,viral
CASSPGQLGNTIYF,TRBV4-3,TRBJ1-3,viral
CASSPGQLLTF,TRBV4-1,TRBJ1-2,viral
CASSPGQTNYGYT,TRBV7-9,TRBJ1-2,viral
CASSPGQTNYGYTF,TRBV7-9,TRBJ1-2,viral
CASSPGRDYEQYF,TRBV15,TRBJ2-7,viral
CASSPGRNTEAFF,TRBV4-3,TRBJ1-1,viral
CASSPGSFKYF,TRBV7-8,TRBJ2-3,viral
CASSPGSGELGAGELF,TRBV7-9,TRBJ2-2,viral
CASSPGSGFAGELF,,TRBJ2-2,autoimmune
CASSPGSGGLYEQFF,TRBV18,TRBJ2-1,viral
CASSPGSSFYGYPF,TRBV12-3,TRBJ1-2,viral
CASSPGSTAPGELFF,TRBV2-1,TRBJ2-2-1,viral
CASSPGSTDTQYF,TRBV4-3,TRBJ2-3,viral
CASSPGSWGSTDTQYF,TRBV27,TRBJ2-3,viral
CASSPGTADYNEQFF,TRBV4-2,TRBJ2-1,viral
CASSPGTALNTEAFF,TRBV7-6,TRBJ1-1,viral
CASSPGTANLYGYTF,TRBV12-3/12-4,TRBJ1-2,viral
CASSPGTASNQPQHF,TRBV7-2,TRBJ1-5,viral
CASSPGTAYEQYF,TRBV9,TRBJ2-7,viral
CASSPGTDIYEQYF,TRBV9,TRBJ2-7,viral
CASSPGTDTQYF,TRBV7-8,TRBJ2-3,viral
CASSPGTEQF,TRBV6-2,TRBJ2-1,viral
CASSPGTGAYEQYF,TRBV27,TRBJ2-7,viral
CASSPGTGDADTQYF,TRBV11-3,TRBJ2-3,bacterial
CASSPGTGGSYTEAFF,TRBV4-3,TRBJ1-1,bacterial
CASSPGTGGTDTQYF,TRBV5-4,TRBJ2-3,viral
CASSPGTGGWETQYF,TRBV7-8,TRBJ2-5,viral
CASSPGTGGYTEAFF,TRBV4-2,TRBJ1-1,viral
CASSPGTGHGELF,TRBV27,TRBJ2-2,viral
CASSPGTGKNIQYF,TRBV9,TRBJ2-4,viral
CASSPGTGPRTLHF,TRBV7-3,TRBJ1-6,viral
CASSPGTGREQF,TRBV12-3,TRBJ2-1,viral
CASSPGTGSLGYGYTF,TRBV06,TRBJ01-2,autoimmune
CASSPGTGSYEQFF,TRBV7-6,TRBJ2-1,viral
CASSPGTGSYEQYF,TRBV7-6,TRBJ2-7,viral
CASSPGTGTYGYTF,TRBV10-2,TRBJ1-2,viral
CASSPGTGTYNEQFF,TRBV6-5,TRBJ2-1,viral
CASSPGTLKETQYF,TRBV12-3,TRBJ2-5,viral
CASSPGTNAYEQYF,TRBV4-3,TRBJ2-7,viral
CASSPGTPNTEAFF,TRBV7-8,TRBJ1-1,viral
CASSPGTPRDEQFF,TRBV6-1/6-5/6-6,TRBJ2-1,viral
CASSPGTPTYGYTF,TRBV4-2-1,TRBJ1-2-1,viral
CASSPGTSDTGELFF,TRBV3-1,TRBJ2-2,bacterial
CASSPGTSGAYEQYF,TRBV5-1,TRBJ2-7,viral
CASSPGTSGNTGELFF,TRBV7-2,TRBJ2-2,viral
CASSPGTSGREKETQYF,TRBV7-6,TRBJ2-5,viral
CASSPGTSGTGSYEQYF,,TRBJ2-7,autoimmune
CASSPGTSNEQYF,TRBV7-2,TRBJ2-7,viral
CASSPGTSTYEQYF,TRBV4-3,TRBJ2-7,viral
CASSPGTTLAKNIQYF,,,viral
CASSPGTVAYEQYF,TRBV6-6,TRBJ2-7,viral
CASSPGTVSSNQPQHF,TRBV14,TRBJ1-5,viral
CASSPGTVYGYTF,,TRBJ1-2,autoimmune
CASSPGTWDTEAFF,TRBV9,TRBJ1-1,viral
CASSPGTYEQYF,TRBV6-1,TRBJ2-7,viral
CASSPGTYLTDTQYF,TRBV11-2,TRBJ2-3,cancer
CASSPGVAGISGEQF,TRBV5-1,TRBJ2-1,cancer
CASSPGVFGVTQYF,TRBV4-3,TRBJ2-3,viral
CASSPGVGDRGRETQYF,TRBV7-3,TRBJ2-5,viral
CASSPGVGFSEAFF,TRBV25-1,TRBJ1-1,bacterial
CASSPGVLGNTIYF,TRBV4-3,TRBJ1-3,viral
CASSPGVSGAQETQYF,TRBV25-1,TRBJ2-5,bacterial
CASSPGVSVEQYF,TRBV7-6,TRBJ2-7,viral
CASSPGWNTEAFF,TRBV7-8,TRBJ1-1,viral
CASSPGYEQYF,TRBV4-1,TRBJ2-7,viral
CASSPHDKNTEAFF,TRBV03,TRBJ01-1,autoimmune
CASSPHEAAEQYF,TRBV19,TRBJ2-7,viral
CASSPHEDSDTGELFF,TRBV4-2,TRBJ2-2,viral
CASSPHGAAEQYF,TRBV19,TRBJ2-7,viral
CASSPHGGGNTEAFF,TRBV19,TRBJ1-1,viral
CASSPHGGGTDTQYF,TRBV7-9,TRBJ2-3,cancer
CASSPHGGPEQYF,TRBV9,TRBJ2-7,bacterial
CASSPHLAGGPAEQFF,TRBV7-2,TRBJ2-1,viral
CASSPHRNTEAFF,TRBV4-3,TRBJ1-1,viral
CASSPIAGSSYEQYF,TRBV1-1,TRBJ2-7-1,viral
CASSPIAVSPTDTQYF,TRBV6-1/6-5/6-6,TRBJ2-3,viral
CASSPIFGSTDTQYF,TRBV7-3,TRBJ2-3,viral
CASSPIGGLEETQYF,TRBV4-1,TRBJ2-5,viral
CASSPIGGRNLNEKLFF,TRBV25-1,TRBJ1-4,bacterial
CASSPIHGSYNEQFF,TRBV4-1,TRBJ2-1,bacterial
CASSPILGVEQYF,TRBV18,TRBJ2-7,viral
CASSPIMNTEAFF,TRBV7-8,TRBJ1-1,viral
CASSPIPWTLNTEAFF,TRBV19,TRBJ01-1,autoimmune
CASSPIQGSEQY,TRBV7-9,TRBJ2-7,viral
CASSPISNEQFF,TRBV28,TRBJ2-1,viral
CASSPISNEQYF,TRBV28,TRBJ2-7,viral
CASSPISNQPQHF,TRBV4-3,TRBJ1-5,viral
CASSPITGSTEAFF,TRBV7-6,TRBJ1-1,viral
CASSPITGTGAYGYTF,TRBV6-1,TRBJ1-2-1,viral
CASSPITGTSLANEQFF,TRBV28-1,TRBJ2-1-1,viral
CASSPKAGAAEAFF,TRBV4-3,TRBJ1-1,viral
CASSPKAGVDQPQHF,TRBV25-1,TRBJ1-5,bacterial
CASSPKATGELFF,TRBV6-4,TRBJ2-2,bacterial
CASSPKDTQYF,TRBV7-9,TRBJ2-3,viral
CASSPKFPSGYNEQFF,TRBV6-1/6-5/6-6,TRBJ2-1,viral
CASSPKGGRTGELFF,TRBV7-3,TRBJ2-2,viral
CASSPKLQGAWAEKLF,TRBV7,TRBJ1-4,viral
CASSPKTGESYEQYF,TRBV7-9,TRBJ2-7,viral
CASSPKTSGTSYEQYF,TRBV4-1,TRBJ2-7,viral
CASSPLAEAYEQYF,TRBV6-1,TRBJ1-6,bacterial
CASSPLAFYFNEQF,TRBV19,TRBJ2-1,viral
CASSPLAGDRLEQYF,TRBV6-1,TRBJ2-7,bacterial
CASSPLAGGFNEQF,TRBV6-5,TRBJ2-7,viral
CASSPLALYFNEQF,TRBV19,TRBJ2-1,viral
CASSPLDTKQQFF,TRBV7-2,TRBJ2-1,viral
CASSPLENNEQFF,TRBV28,TRBJ2-1,viral
CASSPLEYSYEQYF,TRBV11-1,TRBJ2-7,viral
CASSPLFGREPDGETQYF,TRBV28,TRBJ2-5,viral
CASSPLFLPSSYNEQF,,TRBJ2-1,autoimmune
CASSPLGGAGEDTQYF,TRBV12-3,TRBJ1-1,viral
CASSPLGGSSYEQYF,TRBV4-1,TRBJ2-7,viral
CASSPLGNSGNTIYF,TRBV9,TRBJ1-3,viral
CASSPLGPEAFF,TRBV7-9,TRBJ1-1,viral
CASSPLGQIEQFF,TRBV7-9,TRBJ2-1,viral
CASSPLGQMNTEAFF,TRBV9,TRBJ1-1,bacterial
CASSPLGTGVGTDTQYF,TRBV7-8,TRBJ2-3,viral
CASSPLGVRAYEQYF,TRBV7-9,TRBJ2-7,viral
CASSPLIGEQYF,TRBV2-1,TRBJ2-7-1,viral
CASSPLIGQGSTEAFF,TRBV4-3,TRBJ1-1,viral
CASSPLKSGTGWYEQYF,TRBV4-3,TRBJ2-7,viral
CASSPLLSESYNEQFF,TRBV4-1,TRBJ2-1,viral
CASSPLLTTSAPDTQYF,TRBV4-1,TRBJ2-3,viral
CASSPLNWDPLARYEQYF,TRBV4-2,TRBJ2-7,viral
CASSPLPSQGGDRNIQYF,TRBV25-1,TRBJ2-4,bacterial
CASSPLRGGTGVFYGYTF,TRBV7-9,TRBJ1-2,viral
CASSPLRVAEPQETQYF,TRBV4-1,TRBJ2-5,viral
CASSPLSGGVDGYTF,TRBV7-6,TRBJ1-2,viral
CASSPLSGNEQFF,TRBV7-7,TRBJ2-1,viral
CASSPLSGNEQYF,TRBV7-7,TRBJ2-7,viral
CASSPLSGRVTDTQYF,TRBV18,TRBJ2-3,viral
CASSPLSHTSSYNEQFF,TRBV28,TRBJ2-1,viral
CASSPLSLGSPYNEQFF,TRBV5-1,TRBJ2-1-1,viral
CASSPLSLVNEQFF,TRBV7-3,TRBJ2-1,viral
CASSPLSTDTQYF,TRBV6-5,TRBJ2-3,viral
CASSPLTDTQYF,TRBV29-1,TRBJ2-3,viral
CASSPLTGTGHYGYTF,TRBV12-3,TRBJ2-1,viral
CASSPLTLTGELFF,TRBV25-1,TRBJ2-2,viral
CASSPLTQTPSYNEQFF,TRBV28,TRBJ2-1,viral
CASSPLTSGVSQFF,TRBV28,TRBJ2-1,viral
CASSPLTSSYEQYF,TRBV7-6,TRBJ2-7,viral
CASSPLVGTGGAEQYF,TRBV27,TRBJ2-7,autoimmune
CASSPLVRGRFSNQPQHF,TRBV7-8,TRBJ1-5,viral
CASSPLVWGRFSNQPQHF,TRBV7-8,TRBJ1-5,viral
CASSPLYGYTF,TRBV7-9,TRBJ1-2,viral
CASSPMDLLDEQYF,TRBV7-6,TRBJ2-7,viral
CASSPMLAGAVETQYF,TRBV7-8,TRBJ2-5,viral
CASSPMQGGAGELFF,TRBV7-6,TRBJ2-2,viral
CASSPMSGSNEQFF,TRBV7-2,TRBJ2-1,viral
CASSPMWGGTSLSNQPQHF,TRBV28,TRBJ1-5,viral
CASSPNDGDEQFF,TRBV4-3,TRBJ2-1,viral
CASSPNDGQGDEAFF,TRBV12,TRBJ01-1,autoimmune
CASSPNDNEQF,TRBV3,TRBJ2-1,cancer
CASSPNFGPNYGYTF,TRBV9,TRBJ1-2,viral
CASSPNFGQDYTQYF,TRBV7-3,TRBJ2-3,viral
CASSPNGGSSYNEQFF,TRBV7-8,TRBJ2-1,viral
CASSPNLGTKNIQYF,TRBV7-3,TRBJ2-4,viral
CASSPNPAYEQYF,TRBV4-1,TRBJ2-7,viral
CASSPNREKTQYF,TRBV7-9,TRBJ2-5,viral
CASSPNRELETQYF,TRBV4-3,TRBJ2-5,bacterial
CASSPNRGPADEQYF,TRBV7-9,TRBJ2-7,viral
CASSPNRGPPNEKLF,,TRBJ1-4,autoimmune
CASSPNRGPSDTQYF,TRBV7-8,TRBJ2-3,viral
CASSPNRNTEAFF,TRBV4-3,TRBJ1-1,viral
CASSPNRVGDQPQHF,TRBV6-6,TRBJ1-5,viral
CASSPNSAGGTEAFF,TRBV4-3,TRBJ1-1,viral
CASSPNSGLATDTQYF,TRBV7-8,TRBJ2-3,viral
CASSPNTEAFF,TRBV6-2/6-3,TRBJ1-1,viral
CASSPNTGLHEQYF,TRBV4-1,TRBJ2-7,viral
CASSPNTIANEQF,TRBV5-1,TRBJ2-1,viral
CASSPNYGEQFF,TRBV19,TRBJ2-1,cancer
CASSPNYSNEKLFF,TRBV12,TRBJ01-4,autoimmune
CASSPPAGSAYNEQFF,TRBV27,TRBJ2-1,viral
CASSPPAGSYNEQF,TRBV23,TRBJ2-1,viral
CASSPPDRADEQYF,TRBV7-2,TRBJ2-7,viral
CASSPPDRATHNEQFF,TRBV12-3/12-4,TRBJ2-1,viral
CASSPPDRDRSGANVLTF,TRBV6-2/6-3,TRBJ2-6,viral
CASSPPDRGAINEQFF,TRBV7-9,TRBJ2-1,viral
CASSPPEEDTQYF,TRBV7-9,TRBJ2-3,viral
CASSPPEGLPYNEQFF,TRBV28,TRBJ2-1,viral
CASSPPEVVAPYEQYF,TRBV18,TRBJ2-7,autoimmune
CASSPPGAGIANYGYTF,TRBV7-9,TRBJ1-2,viral
CASSPPGDGSFYTF,TRBV4-2,TRBJ1-2,bacterial
CASSPPGDRNTGELFF,TRBV28,TRBJ02-2,autoimmune
CASSPPGDTEAFF,TRBV9,TRBJ1-1,autoimmune
CASSPPGEKGETQYF,TRBV25-1,TRBJ2-5,bacterial
CASSPPGENYNEQFF,TRBV7-8,TRBJ2-1,viral
CASSPPGETQYF,TRBV18,TRBJ2-5,autoimmune
CASSPPGEYEQYF,TRBV4-1,TRBJ2-7,viral
CASSPPGGGEKLFF,TRBV28,TRBJ1-4,viral
CASSPPGGGPKNIQYF,,TRBJ2-4,autoimmune
CASSPPGGNEQFF,TRBV7-9,TRBJ2-1,viral
CASSPPGGSYNEQFF,TRBV7-8,TRBJ2-1,viral
CASSPPGIGGYNEQFF,TRBV7-8,TRBJ2-1,viral
CASSPPGLAGMGGTDTQYF,TRBV6-6,TRBJ2-3,viral
CASSPPGLGFETQYF,TRBV4-1,TRBJ2-5,viral
CASSPPGLVDNEQF,,TRBJ2-1,autoimmune
CASSPPGQGIYEQYF,TRBV12-3,TRBJ1-12,bacterial
CASSPPGQGIYGYTF,TRBV7-9,TRBJ1-2,viral
CASSPPGQGLGEQYF,TRBV11-2,TRBJ2-7,viral
CASSPPGQNYEQYF,TRBV7-9,TRBJ2-7,viral
CASSPPGTAAYEQYF,TRBV7-6,TRBJ2-7,viral
CASSPPGTGDLETQYF,TRBV28,TRBJ2-5,viral
CASSPPGVREQFF,TRBV7-2,TRBJ2-1,viral
CASSPPIPGTADTIYF,TRBV7-9,TRBJ1-3,viral
CASSPPLDSGNTEAFF,TRBV7-6,TRBJ1-1,viral
CASSPPLGAQQFF,TRBV7-9,TRBJ2-1,viral
CASSPPLGSGSGDEKLF,TRBV27,TRBJ1-4,viral
CASSPPLTGQTYEQYF,TRBV7-9,TRBJ2-7,viral
CASSPPNRLDEQFF,TRBV11-3,TRBJ2-1,cancer
CASSPPPGAVETQYF,TRBV1-1,TRBJ2-5-1,viral
CASSPPPGSYEQYF,TRBV6-2/6-3,TRBJ2-7,viral
CASSPPPPEETQYF,TRBV7-9,TRBJ2-5,viral
CASSPPRDHNEQFF,TRBV6-2,TRBJ2-1,bacterial
CASSPPRGAEQYF,TRBV6-2,TRBJ2-7,viral
CASSPPRGDSAQETQYF,TRBV11-2,TRBJ2-5,viral
CASSPPRGGTEAFF,TRBV25-1,TRBJ1-1,bacterial
CASSPPRGRENEQFF,TRBV18,TRBJ2-1,viral
CASSPPRLRDTQYF,TRBV18,TRBJ2-3,viral
CASSPPRQIYEQYF,TRBV18,TRBJ2-7,viral
CASSPPRQPAYGYTF,TRBV7-8,TRBJ1-2,viral
CASSPPRQRDTQYF,TRBV7-8,TRBJ2-3,viral
CASSPPRRETTNEKLFF,TRBV4-2,TRBJ1-4,viral
CASSPPRSMTQYF,TRBV7-9,TRBJ2-5,viral
CASSPPRSYEQYF,TRBV7-9,TRBJ2-7,viral
CASSPPRTDTQYF,TRBV7-9,TRBJ2-3,viral
CASSPPRVRDEQFF,TRBV18,TRBJ2-1,viral
CASSPPSAGYNEQFF,TRBV6-2,TRBJ2-1,viral
CASSPPSGPVRNEQFF,TRBV7-8,TRBJ2-1,viral
CASSPPSGPVRNEQYF,TRBV7-2,TRBJ2-7,viral
CASSPPSGRTTEAFF,TRBV25-1,TRBJ1-1,bacterial
CASSPPSGSAYNEQFF,TRBV9,TRBJ2-1,viral
CASSPPSGSGFNEQF,TRBV18-1,TRBJ2-1,viral
CASSPPSQETQYF,TRBV4-2,TRBJ2-5,cancer
CASSPPSREGVGELFF,TRBV18,TRBJ1-14,bacterial
CASSPPSSGYGNTIYF,TRBV7-9,TRBJ1-3,viral
CASSPPSSYNEQF,TRBV12-3,TRBJ2-7,viral
CASSPPSTDTQYF,TRBV4-1,TRBJ2-3,viral
CASSPPTAPETQYF,TRBV18,TRBJ2-5,autoimmune
CASSPPTLGQNYEQYF,TRBV7-2,TRBJ2-7,viral
CASSPPTNTGELFF,TRBV7-8,TRBJ2-2,viral
CASSPPTVDAQFF,TRBV7-9,TRBJ2-1,viral
CASSPPVPPWSEQYF,TRBV7-9,TRBJ2-7,viral
CASSPPVQETQYF,TRBV7-9,TRBJ2-5,viral
CASSPPWTNEKLFF,TRBV7-9,TRBJ1-4,viral
CASSPQAASGNEQF,TRBV4-2,TRBJ2-1,cancer
CASSPQDADNEQFF,TRBV25-1,TRBJ2-1,bacterial
CASSPQDRDFYEQYF,TRBV19,TRBJ2-7,viral
CASSPQEWGDTEAFF,TRBV6-2,TRBJ1-1,viral
CASSPQGAYGYTF,TRBV6-6,TRBJ1-2,viral
CASSPQGDTGELFF,TRBV6-4,TRBJ2-2,bacterial
CASSPQGFSYEQYF,TRBV12-3,TRBJ2-7,viral
CASSPQGGKGFTDTQYF,TRBV25-1,TRBJ2-3,bacterial
CASSPQGGQGGTEAFF,TRBV7-8,TRBJ1-1,viral
CASSPQGGWSTDTQYF,TRBV7-2,TRBJ2-3,viral
CASSPQGINTEAFF,TRBV7-9,TRBJ1-1,viral
CASSPQGLAEYNEQFF,TRBV7-2,TRBJ2-1,viral
CASSPQGLDTGELFF,TRBV19,TRBJ2-2,bacterial
CASSPQGLGQPQHF,TRBV14,TRBJ1-5,cancer
CASSPQGLGTEAF,TRBV28,TRBJ1-1,cancer
CASSPQGPFEAFF,TRBV4-2,TRBJ1-1,viral
CASSPQGSHYEQYF,TRBV7-6,TRBJ2-7,viral
CASSPQGTEERSGANVLTF,TRBV25-1,TRBJ2-6,bacterial
CASSPQGVVEQFF,TRBV7-9,TRBJ2-1,viral
CASSPQMAPTGSYGYTF,TRBV4-1,TRBJ1-2,viral
CASSPQQTLGAF,TRBV13,TRBJ1-1,viral
CASSPQRDIPYEQYF,TRBV27,TRBJ2-7,autoimmune
CASSPQRGELSYEQYF,TRBV6,TRBJ2-7,autoimmune
CASSPQRGGPTDTQYF,TRBV7-9,TRBJ2-3,viral
CASSPQRNTEAFF,TRBV4-3,TRBJ1-1,viral
CASSPQRTAHEQYF,TRBV7-8,TRBJ2-7,viral
CASSPQTDTDTQYF,TRBV7-6,TRBJ2-3,viral
CASSPQTGAIYGYTF,TRBV6-5,TRBJ1-2,viral
CASSPQTGAVTEAFF,TRBV9,TRBJ1-1,viral
CASSPQTGTIYGYTGF,TRBV13,TRBJ1-2,viral
CASSPQTGVGNYGYTF,TRBV6-5,TRBJ1-2,viral
CASSPQTGWDTEAFF,TRBV7-8,TRBJ1-1,viral
CASSPQTPSLSGNTIYF,TRBV22,TRBJ1-3,cancer
CASSPQTQYQETQYF,TRBV7-9,TRBJ2-5,viral
CASSPQVGQGARDTQYF,TRBV25-1,TRBJ2-3,bacterial
CASSPRAAGLTYEQYF,,TRBJ2-7,autoimmune
CASSPRAGGSYEQYF,TRBV7-9,TRBJ2-7,viral
CASSPRAGTGNSPLHF,TRBV9,,viral
CASSPRAGVNQPQHF,TRBV7-6,TRBJ1-5,viral
CASSPRANPGELFF,TRBV7-8,TRBJ2-2,viral
CASSPRASLEQYF,TRBV19-2,TRBJ2-7-1,viral
CASSPRDFSPTDTQYF,TRBV14,TRBJ2-3,viral
CASSPRDGQETQYF,TRBV4-1,TRBJ2-5-1,viral
CASSPRDGSYEQYF,TRBV11-1,TRBJ2-7,viral
CASSPRDKPNYGYTF,TRBV7-9,TRBJ1-2,viral
CASSPRDQKETQYF,TRBV25-1,TRBJ1-20,bacterial
CASSPRDRDFNYGYT,TRBV7-9,TRBJ1-2,viral
CASSPRDRRETEAFF,TRBV6-5,TRBJ1-1,viral
CASSPRDSKETQYF,TRBV14,TRBJ2-5,viral
CASSPRDSQETQYF,TRBV14,TRBJ2-5,viral
CASSPRDSQPYGYTF,TRBV18,TRBJ1-2,viral
CASSPRDSSGNTIYF,TRBV6-5,TRBJ1-3,autoimmune
CASSPRDSTDTQYF,TRBV7-8,TRBJ2-3,viral
CASSPRDTSNQFF,TRBV6-5,TRBJ2-1,bacterial
CASSPREASGALYNEQFF,TRBV7-9,TRBJ2-1,viral
CASSPREFYNSPLHF,TRBV6-2,TRBJ1-6,viral
CASSPREGYEQYF,TRBV9,TRBJ2-7,viral
CASSPREIGNQPQHF,TRBV10-3,,viral
CASSPREMLYNEQF,TRBV4-1,TRBJ2-1,viral
CASSPRETRTDTQYF,TRBV5-1,TRBJ2-3,viral
CASSPRGDLEQYF,TRBV11-2,TRBJ2-7,viral
CASSPRGDTQYF,TRBV7-9,TRBJ2-3,viral
CASSPRGEGYEQYF,TRBV12-3/12-4,TRBJ2-7,viral
CASSPRGENPDTQYF,TRBV5-4,TRBJ2-3,viral
CASSPRGGAGREPSYEQYF,TRBV7-9,TRBJ2-7,viral
CASSPRGGAGTDTQYF,TRBV7-8,TRBJ2-3,viral
CASSPRGGGETQHF,TRBV5-4,TRBJ2-5,viral
CASSPRGGGETQYF,TRBV5-4,TRBJ1-1,viral
CASSPRGGGTDTQYF,TRBV6-4,TRBJ2-3,bacterial
CASSPRGGMTQHF,TRBV1-1,TRBJ1-5-1,viral
CASSPRGGTPAYNEQFF,TRBV7-3,TRBJ2-1,viral
CASSPRGMSYEQYF,TRBV28,TRBJ2-7,viral
CASSPRGNYGYTF,TRBV15,TRBJ2-2,viral
CASSPRGQGLGYGYTF,TRBV7-2,TRBJ1-2,viral
CASSPRGQGYMNTEAFF,TRBV7-9,TRBJ1-1,viral
CASSPRGSGETQYF,TRBV4-1,TRBJ2-5,viral
CASSPRGSGNEQFF,TRBV7-8,TRBJ2-1,viral
CASSPRGTRTDTQY,TRBV5-1,TRBJ2-3,viral
CASSPRGTRTDTQYF,TRBV5-1,TRBJ2-3,viral
CASSPRGVGYEQYF,TRBV4-3,TRBJ2-7,viral
CASSPRHLNTEAFF,TRBV25-1,TRBJ1-1,bacterial
CASSPRLAGDAGSTGELFF,TRBV7-9,TRBJ2-2,viral
CASSPRLDGTLFF,TRBV7-2,TRBJ1-4,viral
CASSPRLGSYEQYF,TRBV7-6,TRBJ2-7,viral
CASSPRLSQAGANVLTF,TRBV7-8,TRBJ2-6,viral
CASSPRPSGVNEQFF,TRBV7-3,TRBJ2-1,viral
CASSPRQATNEKLFF,TRBV09,TRBJ01-4,autoimmune
CASSPRQGAGETQYF,TRBV7-9,TRBJ2-5,viral
CASSPRQGASGEQYF,TRBV4-3,TRBJ2-7,viral
CASSPRQGGKQPQHF,TRBV18,TRBJ1-5,viral
CASSPRQGGTGELF,TRBV5-1,TRBJ2-2,viral
CASSPRQGHEQY,TRBV7-9,TRBJ2-7,viral
CASSPRQGIETQYF,TRBV7-2,,viral
CASSPRQGKEAF,TRBV7-9,TRBJ1-1,viral
CASSPRQGKEQF,TRBV7-9,TRBJ2-1,viral
CASSPRQGLEGANVLTF,TRBV7-9,TRBJ2-6,viral
CASSPRQGNDEQYF,TRBV12-4,TRBJ2-7,viral
CASSPRQGPVEKLFF,TRBV7-8,TRBJ1-4,viral
CASSPRQGQEQY,TRBV7-9,TRBJ2-7,viral
CASSPRQGTETQYF,TRBV14,TRBJ2-5,viral
CASSPRQSNQPQHF,TRBV28,,viral
CASSPRRAGAANTGELFF,TRBV19,TRBJ2-2,viral
CASSPRRLQETQYF,TRBV7-8,TRBJ2-5,viral
CASSPRSADTQYF,TRBV19,TRBJ2-3,viral
CASSPRSAGELF,TRBV19,TRBJ2-7,viral
CASSPRSAYEQYF,TRBV19,TRBJ2-7,viral
CASSPRSDGYTF,TRBV7-2,TRBJ1-2,viral
CASSPRSGETQYF,TRBV19,TRBJ2-7,viral
CASSPRSGLGPYNEQFF,TRBV7-3,TRBJ2-1,viral
CASSPRSGNEQFF,TRBV1-1,TRBJ2-1-1,viral
CASSPRSMAFLF,TRBV7-2,TRBJ2-7,viral
CASSPRSNEQYF,TRBV7-8,TRBJ2-7,viral
CASSPRSNRDEQFF,TRBV7-8,TRBJ2-1,viral
CASSPRSSDTQYF,TRBV19,TRBJ2-3,viral
CASSPRSSEPQHF,TRBV19,TRBJ1-5,viral
CASSPRSSYNEQFF,TRBV6-2,TRBJ2-1,bacterial
CASSPRSTDTQYF,TRBV1-1,TRBJ2-3-1,viral
CASSPRTDGYTF,TRBV7-8,TRBJ1-2,viral
CASSPRTDLGEQYF,TRBV4-1,TRBJ2-7,viral
CASSPRTDRSGANVLTF,TRBV12-3,TRBJ2-6,cancer
CASSPRTGANYGYTF,TRBV4-3,TRBJ1-2,viral
CASSPRTGELF,TRBV27,TRBJ2-2,viral
CASSPRTGGTEAF,TRBV7-9,TRBJ1-1,viral
CASSPRTGGTGELFF,TRBV7-2,TRBJ2-2,viral
CASSPRTGLNTEAFF,TRBV4-2,TRBJ1-1,viral
CASSPRTGPLKNIQYF,TRBV7-8,TRBJ2-4,viral
CASSPRTGQNSPLHF,TRBV12-3,TRBJ1-6,viral
CASSPRTGRAFF,TRBV7-8,TRBJ1-1,viral
CASSPRTGWPGANVLTF,TRBV7-9,TRBJ2-6,viral
CASSPRTGYEQYF,TRBV7-2,TRBJ2-7,cancer
CASSPRTLGTEAF,TRBV9,TRBJ1-1,viral
CASSPRTSGGGDEQFF,TRBV7-8,TRBJ2-1,viral
CASSPRTSGLTDTQYF,TRBV7-9,TRBJ2-3,viral
CASSPRTSGNEQFF,TRBV7-8,TRBJ2-1,viral
CASSPRTSGPYNEQFF,TRBV9,TRBJ2-1,viral
CASSPRTSGRSYEQYF,TRBV7-2,TRBJ2-7,viral
CASSPRTSGSDTQYF,TRBV4-2,TRBJ2-3,viral
CASSPRTSGSLSYEQYF,TRBV7-9,TRBJ2-7,viral
CASSPRTSGYYEQYF,TRBV4-3,TRBJ2-7,viral
CASSPRTTAEAFF,TRBV7-2,TRBJ1-1,viral
CASSPRTTGYTF,TRBV7-2,TRBJ1-2,viral
CASSPRVAGHNEKLFF,TRBV9,TRBJ1-4,viral
CASSPRVPGYTF,TRBV3,TRBJ1-2,cancer
CASSPRYGAGYEQYF,TRBV7-6,TRBJ2-7,viral
CASSPSAAAYEQYF,TRBV9,TRBJ2-7,viral
CASSPSAGDYEQYF,TRBV4-3,TRBJ2-7,viral
CASSPSAGPGYGYTF,TRBV27,TRBJ1-2,viral
CASSPSDPGANVLTF,TRBV12-3,TRBJ2-6,viral
CASSPSFPPDTQYF,TRBV27,TRBJ2-3,viral
CASSPSGANVLTF,TRBV29-1,TRBJ2-6,viral
CASSPSGEANVLTF,TRBV25-1,TRBJ2-6,bacterial
CASSPSGGASADTQYF,TRBV4-2,TRBJ2-3,cancer
CASSPSGGAYGYTF,TRBV6-3,TRBJ1-2,viral
CASSPSGGEQYF,TRBV7-3,TRBJ2-7,viral
CASSPSGGGRLSNEQFF,TRBV04-3,TRBJ02-1,autoimmune
CASSPSGGTDTQYF,TRBV6-4,TRBJ2-3,bacterial
CASSPSGLAGGHTQYF,TRBV27,TRBJ2-3,cancer
CASSPSGLAGLTDTQYF,TRBV4-3,TRBJ2-3,viral
CASSPSGQGYSPLHF,TRBV6-5,TRBJ1-6,viral
CASSPSGQLDEQF,TRBV7-3,TRBJ2-1,viral
CASSPSGQLETQYF,TRBV11-2,TRBJ2-5,viral
CASSPSGRAVEQYF,TRBV5-4,TRBJ2-7,viral
CASSPSGRLNEQYF,TRBV7-6,TRBJ2-7,viral
CASSPSGTSPKNEQF,TRBV4-1,TRBJ2-1,viral
CASSPSGVDQYF,TRBV19,TRBJ2-5,viral
CASSPSIGDRSYEQYF,TRBV7-9,TRBJ2-7,viral
CASSPSLAGYGNEQFF,TRBV4-1,TRBJ2-1,viral
CASSPSLGGNQPQHF,TRBV27,TRBJ2-2,viral
CASSPSMSTEAFF,TRBV12-3,TRBJ2-1,viral
CASSPSPGQGGRREKLFF,TRBV7-9,TRBJ1-4,viral
CASSPSPLGGGYNEQF,TRBV5-1,TRBJ2-1,autoimmune
CASSPSPNTEAF,TRBV18,TRBJ1-1,cancer
CASSPSPSGDDEKLFF,TRBV18,TRBJ1-5,viral
CASSPSPTGYSNQPQHF,TRBV7-8,TRBJ1-5,viral
CASSPSPVSYEQYF,TRBV11-3,TRBJ2-7,autoimmune
CASSPSRNTEAFF,TRBV4-3,TRBJ1-1,viral
CASSPSRQSLNTEAFF,TRBV1-1,TRBJ1-1-1,viral
CASSPSRSPYEQYF,TRBV7-8,TRBJ2-7,cancer
CASSPSRTGLSYEQYF,TRBV4-1,TRBJ2-7,viral
CASSPSSAALELF,TRBV4-1,TRBJ2-2,viral
CASSPSSGAYEQYF,TRBV27,,viral
CASSPSSGGYEQYF,TRBV4-3,TRBJ2-7,viral
CASSPSSGHPNYGYTF,TRBV7-6,TRBJ1-2,viral
CASSPSSGTEAFF,TRBV5-6,TRBJ1-1,autoimmune
CASSPSSTGFYNEQFF,TRBV5-6,TRBJ2-1,viral
CASSPSTEETQYF,TRBV7-9,TRBJ2-5,viral
CASSPSTGEAEKLFF,TRBV7-8,TRBJ1-4,viral
CASSPSTGKGNQPQHF,TRBV28,TRBJ1-5,viral
CASSPSTGVTFYGYTF,TRBV6-1,TRBJ1-2-1,viral
CASSPSTTLSSGASGETQYF,TRBV9,TRBJ2-5,viral
CASSPSTVYEQYF,TRBV25-1,TRBJ2-7,bacterial
CASSPTAGGYEQYF,TRBV25-1,TRBJ2-7,bacterial
CASSPTAHSGNTIYF,TRBV4-1,TRBJ1-3,viral
CASSPTDRGQPQHF,TRBV9,TRBJ1-5,viral
CASSPTDSNQPQHF,TRBV25-1,TRBJ1-5,bacterial
CASSPTDYNEQFF,TRBV6-2,TRBJ2-1,bacterial
CASSPTGATEAF,,TRBJ1-1,autoimmune
CASSPTGDNTGELFF,TRBV27,TRBJ2-5,viral
CASSPTGGDIQYF,TRBV7-3,TRBJ2-4,viral
CASSPTGGELF,TRBV6-2,TRBJ2-2,viral
CASSPTGGGNGYTF,TRBV07-2,TRBJ01-2,autoimmune
CASSPTGGGTGELF,TRBV27,TRBJ2-2,viral
CASSPTGGGTGELFF,TRBV6-6,TRBJ2-2,viral
CASSPTGGLETQYF,TRBV7-3,,viral
CASSPTGGNTEAFF,TRBV4-1,TRBJ1-1,viral
CASSPTGGNTGELFF,TRBV7-3,TRBJ2-2,viral
CASSPTGGPPSYEQYF,TRBV13,TRBJ2-7,viral
CASSPTGGSSYEQYF,TRBV7-3,TRBJ2-7,viral
CASSPTGITEAFF,TRBV4-3,TRBJ1-1,viral
CASSPTGLGQPQHF,TRBV14,TRBJ1-5,cancer
CASSPTGPAYEQYF,TRBV7-2,TRBJ2-7,viral
CASSPTGQGAHGYTF,TRBV4-3,TRBJ1-2,viral
CASSPTGQLETQYF,TRBV7-3,TRBJ2-5,viral
CASSPTGQTIFTSYEQYF,TRBV7-2,TRBJ2-7,viral
CASSPTGRSYEQYF,TRBV7-9,TRBJ2-7,viral
CASSPTGSAYPGSCF,,,autoimmune
CASSPTGSGEKLFF,TRBV7-2,TRBJ1-4,viral
CASSPTGTEAFF,TRBV6-6,TRBJ1-1,autoimmune
CASSPTGTKETQYF,TRBV7-6,TRBJ2-5,viral
CASSPTGTNTGELFF,TRBV6-2,TRBJ2-2,bacterial
CASSPTGTRSYGYTF,TRBV13,TRBJ1-2,viral
CASSPTGTSGYEQYF,TRBV5-4,TRBJ2-7,viral
CASSPTGVETEAFF,TRBV6-5,TRBJ1-1,autoimmune
CASSPTGVGIPGELF,,TRBJ2-2,autoimmune
CASSPTGVYNSPLHF,TRBV6-5,TRBJ1-6,viral
CASSPTLGRTYNEQFF,TRBV4-1,TRBJ2-1,viral
CASSPTPGPQFF,TRBV4-1,TRBJ2-1,viral
CASSPTPGQRNGYTF,TRBV4-1,TRBJ1-2,viral
CASSPTPGVYAKNIQYF,TRBV7-2,TRBJ2-4,viral
CASSPTPSSTDTQYF,TRBV7-7,TRBJ2-3,viral
CASSPTQGRGSEQFF,TRBV7-2,TRBJ2-1,viral
CASSPTRNTEAFF,TRBV4-3,TRBJ1-1,viral
CASSPTRPVEQYF,TRBV2-1,TRBJ2-7-1,viral
CASSPTRRVPPLGRQPQHF,TRBV18,TRBJ1-5,viral
CASSPTSAAGELF,TRBV28,TRBJ2-2,viral
CASSPTSAKYDEQFF,TRBV4-3,TRBJ2-1,viral
CASSPTSGGYEQYF,TRBV6-5,TRBJ2-7,viral
CASSPTSGGYNEQFF,TRBV6-2,TRBJ1-26,bacterial
CASSPTSGIYEQYF,TRBV4-1,,viral
CASSPTSGRADTQYF,TRBV4-3,TRBJ2-3,viral
CASSPTSGSRAGNEQFF,TRBV7-6,TRBJ2-1,viral
CASSPTSGSSNEQFF,TRBV06,TRBJ02-1,autoimmune
CASSPTSGSVYEQYF,TRBV3-1,,viral
CASSPTSGTDTQYF,TRBV7-8,TRBJ2-3,viral
CASSPTSSTHSYEQYF,TRBV7-8,TRBJ2-7,viral
CASSPTSSTPSYAQYF,TRBV7-8,TRBJ2-7,viral
CASSPTSSTTSYEQHF,TRBV7-8,TRBJ2-7,viral
CASSPTSSTTSYEQYF,TRBV7-8,TRBJ2-7,viral
CASSPTTAYEQYF,TRBV6-2,TRBJ2-7,viral
CASSPTTGANTEAF,TRBV18-1,TRBJ1-1,autoimmune
CASSPTTGASYGYTF,TRBV7-3,TRBJ2-1,viral
CASSPTTGTSGNEQFF,TRBV7-6,TRBJ2-1,viral
CASSPTTQGSYEQYF,TRBV4-1,TRBJ2-7,viral
CASSPTTYGYTF,TRBV27,TRBJ1-2,viral
CASSPTVAGEQFF,TRBV27,TRBJ2-1,bacterial
CASSPTVTDTQYF,TRBV6-2,TRBJ2-3,bacterial
CASSPTWGGADTQYF,TRBV7-6,TRBJ2-3,viral
CASSPTWSPYEQYF,TRBV7-8,TRBJ2-7,viral
CASSPVAGATTDTQYF,TRBV7-2,TRBJ2-3,viral
CASSPVAGGAYNEQF,TRBV13,TRBJ2-1,viral
CASSPVAGGFGGEKLFF,TRBV6-1/6-5/6-6,TRBJ1-4,viral
CASSPVAGGNHNEQFF,TRBV7-9,TRBJ2-1,viral
CASSPVAGVYEQYF,TRBV4-1,TRBJ2-7,viral
CASSPVGAASSYEQYF,TRBV4-1,TRBJ2-7,viral
CASSPVGGDTEAFF,TRBV11-2,TRBJ1-1,cancer
CASSPVGGGYTF,TRBV6-1/6-5/6-6,TRBJ1-2,viral
CASSPVGPWDEKLF,TRBV7-2,TRBJ1-4,viral
CASSPVGRGTEAF,TRBV4-3,TRBJ1-1,viral
CASSPVLAGGPHEQYF,TRBV7-7,TRBJ2-7,viral
CASSPVLGSTEAFF,TRBV7-9,TRBJ1-1,viral
CASSPVPGLAVLEQYF,TRBV7-6,TRBJ2-7,viral
CASSPVQGAFYNSPLHF,TRBV6-5,TRBJ1-6,viral
CASSPVSGSSYEQYF,TRBV1-1,TRBJ2-7-1,viral
CASSPVSNEQFF,TRBV28,TRBJ2-1,viral
CASSPVSQGVRYNEQFF,TRBV28,TRBJ2-1,viral
CASSPVTGGIYGYTGF,TRBV13,TRBJ1-2,viral
CASSPVVGGTGELFF,TRBV5-4,TRBJ2-2,cancer
CASSPWDGEQFF,TRBV27,TRBJ2-1,viral
CASSPWDGTQYF,TRBV11-3,TRBJ2-3,viral
CASSPWDRANTGELFF,TRBV4-3,TRBJ2-2,viral
CASSPWGGEQYF,TRBV6-2,TRBJ2-7,viral
CASSPWGGGTEAFF,TRBV9,TRBJ1-1,viral
CASSPWGGKETQYF,TRBV7-9,TRBJ2-5,viral
CASSPWGQTASSYNEQFF,TRBV7-8,TRBJ2-1,viral
CASSPWGQTASSYNEQYF,TRBV7-2,TRBJ2-7,viral
CASSPWLTSGYTDTQYF,TRBV28,TRBJ2-2,viral
CASSPWRDSGANVLTF,,TRBJ2-6,autoimmune
CASSPWSGELFF,TRBV27,TRBJ2-2,viral
CASSPWTGAEQYF,TRBV5,TRBJ2-7,autoimmune
CASSPWTGTLNTEAF,TRBV6-2,TRBJ1-1,viral
CASSPWTSGHNEQFF,TRBV14,TRBJ2-1,viral
CASSPWTTEAF,,TRBJ1-1,autoimmune
CASSPWVSGDTQYF,TRBV7-8,TRBJ2-3,viral
CASSPWWASGRTTDTQYF,TRBV7-9,TRBJ2-3,viral
CASSPWYPTGDIQYF,TRBV9,TRBJ2-4,autoimmune
CASSPYAGSEQF,TRBV27,TRBJ2-1,viral
CASSPYGVAGDGETQYF,TRBV4-1,TRBJ2-5,viral
CASSPYHTNEQFF,TRBV19,,viral
CASSPYPGANVLTF,TRBV27,TRBJ2-6,cancer
CASSPYQTGLDGYTF,TRBV16,TRBJ1-2,viral
CASSPYSGPGPQHF,TRBV6-5,TRBJ1-5,cancer
CASSQAAGGRAF,TRBV4-2,TRBJ1-1,viral
CASSQAAGGRAIF,TRBV4-2,TRBJ1-1,viral
CASSQAAHRPQHF,TRBV12-3,TRBJ1-5,bacterial
CASSQAARTGSNQPQHF,TRBV4-1,TRBJ1-5,viral
CASSQAASGNTIYF,TRBV14,TRBJ1-3,viral
CASSQADEQF,TRBV22,TRBJ2-1,cancer
CASSQADLIAGELF,TRBV4,TRBJ2-2,cancer
CASSQADRAVYGYTF,TRBV4-1,TRBJ1-2,viral
CASSQAEEADTQYF,TRBV4-1,TRBJ2-3,viral
CASSQAEGGQNHF,TRBV4-2,TRBJ2-7,viral
CASSQAEGSSYEQYF,TRBV4-3,TRBJ2-7,bacterial
CASSQAFRGGYEQYF,TRBV4-1,TRBJ2-7,viral
CASSQAFSGRQTTDTQYF,TRBV4-3,TRBJ2-3,viral
CASSQAGAYEQYF,TRBV6-2,TRBJ2-7,viral
CASSQAGELFF,TRBV7-6,TRBJ2-2,viral
CASSQAGGAGRNTGELFF,TRBV4-3,TRBJ2-2,viral
CASSQAGGNTDTQYF,TRBV4-2,TRBJ2-3,bacterial
CASSQAGGPTDTQYF,TRBV4-2,TRBJ2-3,bacterial
CASSQAGGRDEAFF,TRBV4-2,TRBJ1-1,viral
CASSQAGLAAYNEQFF,TRBV4-1,TRBJ2-1-1,viral
CASSQAGLEAYNEQFF,TRBV4-2,TRBJ2-1,viral
CASSQAGPAGSITDTQYF,TRBV4-3,TRBJ2-3,viral
CASSQAGQGAYEQYF,TRBV4-1,TRBJ2-7,viral
CASSQAGQTNEKLFF,TRBV4-3,TRBJ1-4,viral
CASSQAGSNYGYTF,TRBV4-1,TRBJ1-2,viral
CASSQAGSREQYF,TRBV4-3,TRBJ2-7,viral
CASSQAGTGFVEQYF,,TRBJ2-7,autoimmune
CASSQAGTGWDTEAF,,TRBJ1-1,autoimmune
CASSQAGVEQF,TRBV4-1,TRBJ2-7,viral
CASSQAGVEQYF,TRBV4-1,TRBJ2-7,viral
CASSQAGVGQPQHF,TRBV6,TRBJ1-5,cancer
CASSQAHEFRGNTIYF,TRBV14,TRBJ1-3,viral
CASSQAKNTEAFF,TRBV4-1,TRBJ1-1,viral
CASSQALGTTDTQYF,TRBV4-2,TRBJ2-3,bacterial
CASSQALISGGEQFF,TRBV4-3,TRBJ2-1,viral
CASSQALPDEQYF,TRBV12-4,TRBJ2-7,viral
CASSQALPYAQYF,TRBV12-4,TRBJ2-7,viral
CASSQALPYEQYF,TRBV12-4-1,TRBJ2-7-1,viral
CASSQALPYEQYV,TRBV12-4,TRBJ2-7,viral
CASSQALPYGQYF,TRBV12-4,TRBJ2-7,viral
CASSQAMDRLNTEAFF,TRBV4-2,TRBJ1-1,viral
CASSQAMGLAVEQYF,TRBV4-2,TRBJ2-7,viral
CASSQAPAGGPGLGTDTQYF,TRBV4-3,TRBJ2-3,viral
CASSQAPGGEQYF,TRBV1-1,TRBJ2-7-1,viral
CASSQAPGLNTEAFF,TRBV4-1,TRBJ1-1,viral
CASSQAPRGWDEQYF,TRBV4-1,TRBJ2-7,viral
CASSQAQGAEWFF,TRBV4-1,TRBJ2-1,viral
CASSQAQGLGYTF,,TRBJ1-2,autoimmune
CASSQAQGLSNSPLHF,TRBV4-3,TRBJ1-6,viral
CASSQAQGVGANVLTF,TRBV4-3,TRBJ2-6,bacterial
CASSQAQREWDEQFF,TRBV4-1,TRBJ2-1,viral
CASSQAQREWDEQYF,TRBV7-7,TRBJ2-7,viral
CASSQARASHLIF,TRBV7-8,TRBJ1-4,viral
CASSQARLYQETQYF,TRBV4-1,TRBJ2-5,viral
CASSQARPYEQYF,TRBV12-4,TRBJ2-7,viral
CASSQARTGAGSTF,TRBV4-1,TRBJ1-2,viral
CASSQASGGPINEQFF,TRBV13,,viral
CASSQASHTGELFF,TRBV28,TRBJ2-2,viral
CASSQATAGTGELFF,TRBV4-1,TRBJ2-2,viral
CASSQATPNTEAFF,TRBV6-2/6-3,TRBJ1-1,viral
CASSQAVGTGETQYF,TRBV14,TRBJ2-5,viral
CASSQAWGEFYNEQFF,TRBV4-3,TRBJ2-1,viral
CASSQAWQSSYEQYF,TRBV4-3,TRBJ2-7,viral
CASSQAWVAGETQYF,TRBV4-2,TRBJ2-5,viral
CASSQCPGGEQYF,TRBV1-1,TRBJ2-7-1,viral
CASSQDAGGGYEQYF,TRBV4-2,TRBJ2-7,viral
CASSQDAGTAYNEQFF,TRBV4-1,TRBJ2-1,viral
CASSQDALGYEQYF,TRBV7-2,,viral
CASSQDAQGGGSYNEQFF,TRBV4-1,TRBJ2-1,viral
CASSQDDFYNEQFF,TRBV14,TRBJ2-1,viral
CASSQDDLEGSEAFF,TRBV4-1,TRBJ1-1,viral
CASSQDDRVEKLFF,TRBV4-3,TRBJ1-4,viral
CASSQDDSSSYEQYF,TRBV4-2,TRBJ2-7,bacterial
CASSQDEGGDLSYEQYF,TRBV4-3,TRBJ2-7,viral
CASSQDEGQGANEQYF,TRBV4-2,TRBJ2-7,bacterial
CASSQDEIAYNEKLFF,TRBV4-3,TRBJ1-4,viral
CASSQDEPYEQYF,TRBV4-1,,viral
CASSQDEYEQYF,TRBV4-1,TRBJ2-7,viral
CASSQDFFETAAQFF,TRBV4-3,TRBJ2-1,viral
CASSQDFLNTGFLYNEQFF,TRBV14,TRBJ2-1,viral
CASSQDFLQTFNQPQHF,TRBV4-1,TRBJ1-5,viral
CASSQDFLSTDTQYF,TRBV4,TRBJ2-3,cancer
CASSQDFNRGLNEQYF,TRBV4-3,TRBJ2-7,viral
CASSQDFQGGYEQYF,TRBV4-1,TRBJ2-7,viral
CASSQDFRAYSNQPQHF,TRBV4-1,TRBJ1-5,viral
CASSQDFRGGYAQYF,TRBV4-1,TRBJ2-7,viral
CASSQDFRGGYEQDF,TRBV4-1,TRBJ2-7,viral
CASSQDFRGGYEQHF,TRBV4-1,TRBJ2-7,viral
CASSQDFRGGYEQYF,TRBV4-1,TRBJ2-7,viral
CASSQDFRGGYEQYL,TRBV4-1,TRBJ2-7,viral
CASSQDFRGGYEQYS,TRBV4-1,TRBJ2-7,viral
CASSQDFSGEKLFF,TRBV4-3,TRBJ1-4,viral
CASSQDFSPYGYTF,TRBV3-1,TRBJ1-2,cancer
CASSQDFSVAGDSLFGANVLTF,TRBV4-3,TRBJ2-6,viral
CASSQDFTGTGNGYTF,TRBV4-3,TRBJ1-2,autoimmune
CASSQDGAGGITDTQYF,TRBV3-1/3-2,TRBJ2-3,viral
CASSQDGAGGLGEQF,TRBV4-2,TRBJ2-1,viral
CASSQDGFAYEQYF,TRBV4-2,TRBJ2-7,viral
CASSQDGGGAGNQPQHF,TRBV4-1,TRBJ1-5,viral
CASSQDGGGAPGNEQFF,TRBV4-1,TRBJ2-1,viral
CASSQDGGGGANEQFF,TRBV4-2,TRBJ2-1,bacterial
CASSQDGGGSYNEQFF,TRBV4-3,TRBJ2-1,bacterial
CASSQDGGLAGIQTGELFF,TRBV4-2,TRBJ2-2,viral
CASSQDGGNEQFF,TRBV4-1,TRBJ2-1,viral
CASSQDGGSGANVLTF,TRBV4-3,TRBJ2-6,bacterial
CASSQDGGSPYEQYF,TRBV4-3,TRBJ2-7,viral
CASSQDGGTSGGGQI,TRBV4-1,TRBJ2-1,cancer
CASSQDGGVQPQHF,TRBV4-3,TRBJ1-5,viral
CASSQDGKGATYNSPLHF,TRBV4-1,TRBJ1-6,viral
CASSQDGLAGGAFNEQF,TRBV4-2,TRBJ2-1,viral
CASSQDGLALRETQYF,TRBV4-3,TRBJ2-5,viral
CASSQDGLAPYEQYF,TRBV4-1,TRBJ2-7,viral
CASSQDGLGGSYNEQFF,TRBV7-9,TRBJ2-1,viral
CASSQDGNRYNEQFF,TRBV4-3,TRBJ2-1,viral
CASSQDGQARRGYTF,TRBV4-1,TRBJ1-2,viral
CASSQDGRAQGGEAFF,TRBV4-3,TRBJ1-1,viral
CASSQDGRGTNQPQHF,TRBV4-1,TRBJ1-5,viral
CASSQDGSADNEKLFF,TRBV4-3,TRBJ1-4,viral
CASSQDGSGGHTEQFF,TRBV4-2,TRBJ2-1,viral
CASSQDGSGGLGEQFF,TRBV4-1,TRBJ2-1,viral
CASSQDGSGGLGEQYF,TRBV4-1,TRBJ2-7,viral
CASSQDGSQDRTYGYTF,TRBV4-3,TRBJ1-2,bacterial
CASSQDGTFEGNSPLHF,TRBV4-3,TRBJ1-6,viral
CASSQDGTGGSPLHF,TRBV4-3,TRBJ1-6,viral
CASSQDGTGIGGKLFF,TRBV4-2,TRBJ1-4,viral
CASSQDGTGTSYEQYF,TRBV4-3,TRBJ2-7,autoimmune
CASSQDGTSGADTQYF,TRBV4-3,TRBJ2-3,bacterial
CASSQDGTSGANVLTF,TRBV3-1,TRBJ1-31,bacterial
CASSQDGTSGKETQYF,TRBV4-1,TRBJ2-5,viral
CASSQDGVAGVIETQYF,TRBV4-1,TRBJ2-5,viral
CASSQDGVGQGPYEQYF,TRBV4-2,TRBJ2-7,viral
CASSQDGVRMEGYTF,TRBV4-1,TRBJ1-2,viral
CASSQDGVYSNQPQHF,TRBV3-1,TRBJ1-5,viral
CASSQDHATIYEQYF,TRBV4-3,TRBJ2-7,viral
CASSQDHGGGTEAF,TRBV4-1,TRBJ1-1,viral
CASSQDHGTGGYNEQFF,TRBV4-3,TRBJ2-1,viral
CASSQDHRVMRLDAGELFF,TRBV3-1-1,TRBJ2-2-1,viral
CASSQDIATGVGYNEQFF,TRBV4-2,TRBJ2-1,viral
CASSQDIFGQGLFSGANVLTF,TRBV4-3,TRBJ2-6,viral
CASSQDIGDNNEQFF,TRBV4-3,TRBJ2-1,viral
CASSQDIGDNQPQHF,TRBV4-3,TRBJ1-5,viral
CASSQDIGGTGNQPQHF,TRBV3-1,TRBJ1-5,bacterial
CASSQDIGVSYEQYF,TRBV4-1,TRBJ2-7,viral
CASSQDIGYSGNTIYF,TRBV4-3,TRBJ1-3,viral
CASSQDILGMDSLFSGANVLTF,TRBV4-3,TRBJ2-6,viral
CASSQDIQGKYYEQYF,TRBV4-3,TRBJ2-7,viral
CASSQDISDTDTQYF,TRBV7-9,TRBJ2-3,viral
CASSQDISGGLLSDTQYF,TRBV4-3,TRBJ2-3,viral
CASSQDISRGQTLFGNSPLHF,TRBV4-3,,viral
CASSQDITVLYGYTF,TRBV3-1,TRBJ1-2,viral
CASSQDIVGTGKGYTF,TRBV4-3,TRBJ1-2,viral
CASSQDIWGSTDTQYF,TRBV3-1/3-2,TRBJ2-3,viral
CASSQDKEDLRHNEQFF,TRBV3-1/3-2,TRBJ2-1,viral
CASSQDKGDQETQYF,TRBV4-2,TRBJ2-5,bacterial
CASSQDKGGSNQPQHF,TRBV4-1,TRBJ1-5,viral
CASSQDKGGYGYTF,TRBV3-1,TRBJ1-2,autoimmune
CASSQDKGRAYEQYF,TRBV4-1,TRBJ2-7-1,viral
CASSQDKTRSRGSYNEQFF,TRBV4-3,TRBJ2-1,viral
CASSQDKTSPLADTQYF,TRBV4-3,TRBJ2-3,bacterial
CASSQDLAGDSSYNEQFF,TRBV3-1/3-2,TRBJ2-1,viral
CASSQDLAGEGTDTQYF,TRBV1-1,TRBJ2-3-1,viral
CASSQDLAGGLLSDTQYF,TRBV4-3,TRBJ2-3,viral
CASSQDLAGGLLSYEQYF,TRBV4-3,TRBJ2-7,viral
CASSQDLAGGPDTQYF,TRBV4-3,TRBJ2-3,bacterial
CASSQDLAGYYGYTF,TRBV4-3,TRBJ1-2,autoimmune
CASSQDLAQGYSYEQYF,TRBV4-3,TRBJ2-7,viral
CASSQDLASGNEQFF,TRBV4-3,TRBJ2-1,viral
CASSQDLEAGYYEQYF,TRBV4-2,TRBJ2-7,bacterial
CASSQDLEGRGKLFF,TRBV4-2,TRBJ1-4,bacterial
CASSQDLEVQPQHF,TRBV4-3,TRBJ1-5,bacterial
CASSQDLGAGQLLSYEQYF,TRBV4-3,TRBJ2-7,viral
CASSQDLGAGTEAFF,TRBV4-2,TRBJ1-1,viral
CASSQDLGANTEAF,TRBV4-3,TRBJ1-1,autoimmune
CASSQDLGDGNEQFF,TRBV4-3,TRBJ2-1,viral
CASSQDLGDTGELFF,TRBV4-3,TRBJ2-2,viral
CASSQDLGEQYF,TRBV4-3,TRBJ2-7,viral
CASSQDLGPVEYEQYF,TRBV04,TRBJ02-7,autoimmune
CASSQDLGQGADTQYF,TRBV4-2,TRBJ2-3,viral
CASSQDLGSGANVLTF,TRBV4-3,TRBJ2-6,bacterial
CASSQDLGTPSGGTDTQYF,TRBV4-3,TRBJ2-3,viral
CASSQDLGTSGGGLLSYNEQFF,TRBV3-1,TRBJ2-1,bacterial
CASSQDLGVGSYEQYF,TRBV4-3,TRBJ2-7,bacterial
CASSQDLLEGNGYTF,TRBV4,TRBJ1-2,cancer
CASSQDLLSWDEQF,TRBV7,TRBJ2-1,cancer
CASSQDLPGLYF,TRBV4-2,TRBJ1-3,viral
CASSQDLPGPNTEAFF,TRBV4-3,TRBJ1-1,viral
CASSQDLPGTGGLFSGNTIYF,TRBV4-3,TRBJ1-3,viral
CASSQDLQDRPSYEQYF,TRBV4-1,TRBJ2-7,bacterial
CASSQDLRGARGYTF,TRBV14,TRBJ1-2,viral
CASSQDLRGYTDTQYF,TRBV4-3,TRBJ2-3,viral
CASSQDLRTGARGQYF,TRBV4-1,TRBJ2-7,viral
CASSQDLSGQLLADEQYF,TRBV4-3,TRBJ2-7,viral
CASSQDLSSGNTIYF,TRBV4-3,TRBJ1-3,viral
CASSQDLTGPTDTQYF,TRBV14,TRBJ2-3,viral
CASSQDLTGTGADEQYF,TRBV4-1,TRBJ2-7,viral
CASSQDLTSEAFF,TRBV4-1,TRBJ1-1-1,viral
CASSQDLTSGTYEQFF,TRBV4-3,TRBJ2-1,viral
CASSQDLVTDTQYF,TRBV4-3,TRBJ2-3,viral
CASSQDLYGENNSPLHF,TRBV4-3,TRBJ1-6,viral
CASSQDLYGVAGEDNEQFF,TRBV7-6,TRBJ2-1,viral
CASSQDMFGSEQYF,TRBV4-1,TRBJ2-7,viral
CASSQDMKGGSFTGELF,TRBV4-1,TRBJ2-2,viral
CASSQDNQDTQYF,TRBV4-3,TRBJ2-3,viral
CASSQDPAGVGYEQYF,TRBV4-2,TRBJ2-7,viral
CASSQDPETEAFF,TRBV4-2,TRBJ1-1,viral
CASSQDPFAVLNTEAF,TRBV7,TRBJ1-1,viral
CASSQDPGGLAGAEQFF,TRBV4-2,TRBJ2-1,cancer
CASSQDPGHSYEQYF,TRBV4-1,TRBJ2-5,viral
CASSQDPGLAGTGELFF,TRBV4-2,TRBJ2-2,viral
CASSQDPGQGGNIQYF,TRBV4-2,TRBJ2-4,bacterial
CASSQDPGRAFF,TRBV4-1,TRBJ1-1,viral
CASSQDPGTAAYEQYF,TRBV4-2,TRBJ2-7,viral
CASSQDPGTDATNEKLFF,TRBV4-3,TRBJ1-4,viral
CASSQDPGTGENEQYF,TRBV4-2,TRBJ2-7,bacterial
CASSQDPGYEQYF,TRBV4-1,TRBJ2-7-1,viral
CASSQDPHGFVANVLTF,TRBV4-1,TRBJ2-6,viral
CASSQDPIQGTDTQYF,TRBV14,TRBJ2-3,viral
CASSQDPNTDATNEKLFF,TRBV4-3,TRBJ1-4,viral
CASSQDPPRAHQPQHF,TRBV4-3,TRBJ1-5,autoimmune
CASSQDPSGGSNEQFF,TRBV4-3,TRBJ2-1,bacterial
CASSQDPSPRTAQYF,TRBV14,TRBJ2-5,viral
CASSQDPTAGVGYTF,TRBV7-9,TRBJ1-2,viral
CASSQDPVNTEAFF,TRBV4-3,TRBJ1-1,viral
CASSQDQDYEQYF,TRBV4-3,TRBJ2-7,viral
CASSQDQESTNEKLFF,TRBV14,TRBJ1-4,viral
CASSQDQGGEQYF,TRBV4-1,TRBJ2-7,viral
CASSQDQGGTGELFF,TRBV4-1,TRBJ2-2,autoimmune
CASSQDQMDRDSLFSGANVLTF,TRBV4-3,TRBJ2-6,viral
CASSQDQTLYFMNTEAF,TRBV4-1,TRBJ1-1,viral
CASSQDRAGLYEQYF,TRBV4-3,TRBJ2-7,viral
CASSQDRAGTGGNEQYF,TRBV4-3,TRBJ2-7,viral
CASSQDRATGELF,,TRBJ2-2,autoimmune
CASSQDRATQETQYF,TRBV4-1,TRBJ2-5,viral
CASSQDRGASTDTQYF,TRBV4-3,TRBJ2-3,viral
CASSQDRGAVYGYTF,TRBV4-1,TRBJ1-2,viral
CASSQDRGFQETQYF,TRBV7-8,TRBJ2-5,viral
CASSQDRGGEQYF,TRBV4-1,TRBJ2-7,viral
CASSQDRGGNTIYF,TRBV4-3,TRBJ1-3,viral
CASSQDRGGQETQYF,TRBV4-3,TRBJ2-5,bacterial
CASSQDRGGSYEQYF,TRBV4-2,TRBJ2-7,bacterial
CASSQDRGGVNYEQYF,TRBV4-1,TRBJ2-7,viral
CASSQDRGPDTQYF,TRBV4-1,TRBJ2-3,viral
CASSQDRGPHSGANVLTF,TRBV4-3,TRBJ2-6,viral
CASSQDRGQVYGYTF,TRBV4-1,TRBJ1-2,viral
CASSQDRGSGGYEQYF,TRBV4-2,TRBJ2-7,bacterial
CASSQDRGSQPQHF,TRBV6-5,TRBJ1-5,autoimmune
CASSQDRGTGYNEQFF,TRBV4-1,TRBJ2-1,viral
CASSQDRGYVYGYTF,TRBV4-1,TRBJ1-2,viral
CASSQDRIHTEAF,TRBV7-8,TRBJ1-1,viral
CASSQDRLAGGLETQYF,TRBV14,TRBJ2-5,viral
CASSQDRLDTQYF,TRBV4-3,TRBJ2-3,viral
CASSQDRLDYGYTF,TRBV4,TRBJ1-2,cancer
CASSQDRLNTEAF,TRBV4,TRBJ1-1,cancer
CASSQDRMDRAGEQYF,TRBV4-1,TRBJ2-7,viral
CASSQDRNRRVSPLHF,TRBV4-2,TRBJ1-6,viral
CASSQDRNSGYGYTF,TRBV4-1,TRBJ1-2,viral
CASSQDRPLEDRNSPLHF,TRBV4-1,TRBJ1-6,viral
CASSQDRQGWNEQYF,TRBV4-3,TRBJ2-7,viral
CASSQDRRDNQPQHF,,TRBJ1-5,autoimmune
CASSQDRREQYF,TRBV14,TRBJ2-7,viral
CASSQDRRGGNYEQYF,TRBV4-3,TRBJ2-7,viral
CASSQDRRGTGANVLTF,TRBV4-1,TRBJ2-6,viral
CASSQDRRPEAFF,TRBV4-1,TRBJ1-1,viral
CASSQDRRRAWNEQFF,TRBV4-1,TRBJ2-1,viral
CASSQDRRSYEQYF,TRBV4-2,TRBJ2-7,viral
CASSQDRSEYNEQFF,TRBV7-7,TRBJ2-1,viral
CASSQDRSGETQYF,TRBV4-3,TRBJ2-5,viral
CASSQDRSGGELFF,TRBV4-3,TRBJ2-2,viral
CASSQDRSLEQYF,TRBV4-3,TRBJ2-7,viral
CASSQDRTDGNTIYF,TRBV4-2,TRBJ1-3,viral
CASSQDRTGGGGYTF,TRBV4-3,TRBJ1-2,viral
CASSQDRTGGRLDTQYF,TRBV4-3,TRBJ2-3,viral
CASSQDRTGVRNIQYF,TRBV4-2,TRBJ2-4,viral
CASSQDRTSGNTIYF,TRBV3-1,TRBJ1-3,viral
CASSQDRTTDNEQFF,TRBV4-3,TRBJ2-1,viral
CASSQDRVDTQYF,TRBV4-3,TRBJ2-3,viral
CASSQDRVGTIFYGYTF,TRBV14,TRBJ1-2,viral
CASSQDRVNSYEQYF,TRBV7-6,TRBJ2-7,viral
CASSQDRVSYNEQFF,TRBV4-3,TRBJ2-1,viral
CASSQDRYTYEQYF,TRBV7-8,TRBJ2-7,viral
CASSQDSDFGDTEAFF,TRBV4-1,TRBJ1-1,viral
CASSQDSDSSGGAYEQYF,TRBV4-2,TRBJ2-7,bacterial
CASSQDSFSGANVLTF,TRBV6-5,TRBJ2-6,viral
CASSQDSGGPTYEQYF,TRBV4-1,TRBJ2-5,viral
CASSQDSGNNEQFF,TRBV4-2,TRBJ2-1,viral
CASSQDSGSNYGYTF,TRBV4-1,TRBJ1-2,viral
CASSQDSGTNYGYTF,TRBV4-3,TRBJ1-2,viral
CASSQDSLGGSYNEQFF,TRBV14,TRBJ2-1,viral
CASSQDSNAYNEQFF,TRBV3-1,TRBJ2-1,viral
CASSQDSPGAYEQYF,TRBV4-1,TRBJ2-7,viral
CASSQDSRDTEAFF,TRBV4-3,TRBJ1-1,viral
CASSQDSRGLAAGELFF,TRBV4-3,TRBJ2-2,viral
CASSQDSSGGLGEQFF,TRBV4-2,TRBJ2-1,viral
CASSQDSSGGPYNEQFF,TRBV4-3,TRBJ2-1,viral
CASSQDSSGHYEQYF,TRBV4-2,TRBJ2-7,viral
CASSQDSSGRVTGELF,TRBV4-2,TRBJ2-2,viral
CASSQDSSGWDYGYTF,TRBV7-8,TRBJ1-2,viral
CASSQDSTDTQYF,TRBV4-1,TRBJ2-3,viral
CASSQDSTPKHLYF,TRBV4-1,TRBJ2-7,viral
CASSQDSYEQYF,TRBV4-2,TRBJ2-7,viral
CASSQDTAGGNTEAFF,TRBV4-3,TRBJ1-1,viral
CASSQDTGAGSYNEQFF,TRBV4-3,TRBJ2-1,viral
CASSQDTGASYEQYF,TRBV4-1,TRBJ2-7,viral
CASSQDTGGQGSLLDNEQFF,TRBV4-3,TRBJ2-1,viral
CASSQDTGGSGANVLTF,TRBV4-3,TRBJ2-6,bacterial
CASSQDTGGVAEQYF,TRBV4-3,TRBJ2-7,viral
CASSQDTGLGVGAYEQYF,TRBV4-3,TRBJ2-7,viral
CASSQDTGMGNQPQHF,TRBV4-1,TRBJ1-5,viral
CASSQDTGQGVEQYF,TRBV4-3,TRBJ2-7,viral
CASSQDTGYGYTF,TRBV4-1,TRBJ1-2,viral
CASSQDTKGANTEAFF,TRBV4-1,TRBJ1-1,viral
CASSQDTLNYGYTF,TRBV4-1,TRBJ1-2,viral
CASSQDTSGSSYNEQFF,TRBV7-8,TRBJ2-1,viral
CASSQDVAGGGETQYF,TRBV4-1,TRBJ2-5,autoimmune
CASSQDVASGDYEQYF,TRBV4-3,TRBJ2-7,viral
CASSQDVGSGNTIYF,TRBV4-3,TRBJ1-3,viral
CASSQDVLEEDSLFSGANVLTF,TRBV4-3,TRBJ2-6,viral
CASSQDVPENYGYTF,TRBV4-3,TRBJ1-2,viral
CASSQDVSDTGELFF,TRBV4-3,TRBJ2-2,viral
CASSQDVTERDIQYF,TRBV4-2,TRBJ2-4,bacterial
CASSQDWAGDYNEQFF,TRBV4-3,TRBJ2-1,viral
CASSQDWATVYEQYF,TRBV4-1,TRBJ2-7,viral
CASSQDWDTQYF,TRBV14,TRBJ2-3,viral
CASSQDWEQGGELFF,TRBV14,TRBJ2-2,viral
CASSQDWETGGYGYTF,TRBV4-3,TRBJ1-2,autoimmune
CASSQDWGAGTQYF,TRBV1-1,TRBJ2-5-1,viral
CASSQDWGTGNLFSGANVLTF,TRBV4-3,TRBJ2-6,viral
CASSQDWISSSEAFF,TRBV4-3,TRBJ1-1,viral
CASSQDWSQFNEQFF,TRBV4-3,TRBJ2-1,viral
CASSQDWSSFGSYNEQFF,TRBV4-3,TRBJ2-1,viral
CASSQDWTAYEQYF,TRBV4-3,TRBJ2-7,viral
CASSQDYGAGDYEQYF,TRBV4-3,TRBJ2-7,viral
CASSQDYGGPDTQYF,TRBV4-2,TRBJ2-3,bacterial
CASSQDYNEQFF,TRBV4-1,TRBJ2-1,viral
CASSQDYRGSGYEQYF,TRBV4-3,TRBJ2-7,viral
CASSQDYTGATYEQYF,TRBV4-2,TRBJ2-7,bacterial
CASSQEAAGGPDTQYF,TRBV4-2,TRBJ2-3,bacterial
CASSQEAAGSQPQHF,TRBV4-1,TRBJ1-5,viral
CASSQEAESSYEQYF,TRBV4-2,TRBJ2-7,viral
CASSQEAGGEQYF,TRBV12-3,TRBJ1-2,viral
CASSQEAGGGTGELFF,TRBV4-3,TRBJ2-2,viral
CASSQEAGGPDTQYF,TRBV4-2,TRBJ2-3,bacterial
CASSQEAGGQNEQFF,TRBV4-2,TRBJ2-1,bacterial
CASSQEAGTFADTQYF,TRBV4-1,TRBJ2-3,viral
CASSQEASGGYNEQFF,TRBV4-2,TRBJ2-1,bacterial
CASSQEAWLAGGHPTLKETQYF,TRBV3-1/3-2,TRBJ2-5,viral
CASSQEDGTGSAGELFF,TRBV4-1,TRBJ2-2,viral
CASSQEDRGPYGYTF,TRBV28,TRBJ1-2,viral
CASSQEDRSTDTQYF,TRBV4-3,TRBJ2-3,viral
CASSQEEAQGGTEAFF,TRBV4-2,TRBJ1-1,bacterial
CASSQEEGASVTQYF,TRBV4-1,TRBJ2-5,viral
CASSQEEGHTDTQYF,TRBV4-2,TRBJ2-3,bacterial
CASSQEEGPGNQPQHF,TRBV4-1,TRBJ1-5-1,viral
CASSQEESSGGAKTQYF,TRBV4-3,TRBJ2-5,bacterial
CASSQEETGAYEQYF,TRBV4-2,TRBJ2-7,viral
CASSQEEVSNQPQHF,TRBV4-1,TRBJ1-5,viral
CASSQEFDDSPYEQYF,TRBV4-3,TRBJ2-7,viral
CASSQEFRSLFEQYF,TRBV4-1,TRBJ2-7,viral
CASSQEGAGFADTQYF,TRBV4-2,TRBJ2-3,viral
CASSQEGAGPFYEQYF,TRBV4-3,TRBJ2-7,viral
CASSQEGGGDGQPPHF,TRBV4-1,TRBJ1-5,viral
CASSQEGGGDGQPQHF,TRBV4-1,TRBJ1-5,viral
CASSQEGGGEGQPQHF,TRBV4-1,TRBJ1-5,viral
CASSQEGGGGGQPQHF,TRBV5-1,TRBJ2-7,viral
CASSQEGGPAEQF,TRBV4-1,TRBJ2-1,viral
CASSQEGLAPNTEAFF,TRBV4-3,TRBJ1-1,autoimmune
CASSQEGLGVSLHF,TRBV14,TRBJ1-6,cancer
CASSQEGLTEAFF,TRBV4-1,TRBJ1-1,viral
CASSQEGPPGRNYEQYF,TRBV4-2,TRBJ2-7,viral
CASSQEGPSIADTQYF,TRBV4-1,TRBJ2-3,viral
CASSQEGQKNEKLFF,TRBV4-3,TRBJ1-4,viral
CASSQEGQNQETQYF,TRBV7-9,TRBJ2-5,viral
CASSQEGQTYEQYF,TRBV13,TRBJ2-7,autoimmune
CASSQEGRRDTQYF,TRBV4-3,TRBJ2-3,viral
CASSQEGSGGTEAF,TRBV4-1,TRBJ1-1,viral
CASSQEGSNTEAFF,TRBV4-1,TRBJ1-1,viral
CASSQEGTPISYEQYF,TRBV14,TRBJ2-7,viral
CASSQEGTSGSNEQFF,TRBV4-2,TRBJ1-40,bacterial
CASSQEGTSRPQHF,TRBV3-1,TRBJ1-5,viral
CASSQEGVNTEAF,TRBV4-1,TRBJ1-1,viral
CASSQEGWDEQFF,TRBV4-3,TRBJ2-1,viral
CASSQEGWDGRYEQYF,TRBV14,TRBJ2-7,viral
CASSQEGYEQYF,TRBV4-1,TRBJ2-7,viral
CASSQEIPYEQFF,TRBV7-8,TRBJ2-1,viral
CASSQEIPYEQYF,TRBV4-1,TRBJ2-7,viral
CASSQEIVVGLGETQYF,TRBV4-3,TRBJ2-5,autoimmune
CASSQELAETYEQYF,TRBV4-3,TRBJ2-7,viral
CASSQELAGAYNEQFF,TRBV4-3,TRBJ2-1,viral
CASSQELAGGLGLETQYF,TRBV3-1,TRBJ2-5,bacterial
CASSQELGGSETQYF,TRBV4-1,TRBJ2-5,viral
CASSQELLAGGGYEQYF,TRBV4-2,TRBJ2-7,bacterial
CASSQELLQGRGYTF,TRBV4,TRBJ1-2,cancer
CASSQELTSEGVWYTEAFF,TRBV4-3,TRBJ1-1,bacterial
CASSQEMNRVVGNEQF,TRBV4-1,TRBJ2-1,viral
CASSQEMVGTEAFF,TRBV14,TRBJ1-1,viral
CASSQENFQGQAGNTIYF,TRBV4,TRBJ1-3,cancer
CASSQENQVSYNEQFF,TRBV4-1,TRBJ2-1,viral
CASSQENRQGRYEQYF,TRBV14,TRBJ2-7,viral
CASSQEPAGGVHTQYF,TRBV4-3,TRBJ2-3,viral
CASSQEPDDSYNEQFF,TRBV4-3,TRBJ2-1,viral
CASSQEPGLAGVKDTQYF,,TRBJ2-3,autoimmune
CASSQEPGLVGGELFF,TRBV4-1,TRBJ2-2,viral
CASSQEPGMETQYF,TRBV4-1,TRBJ2-5,viral
CASSQEPGVYEQYF,TRBV4-1,TRBJ2-7,viral
CASSQEPNNNEQF,TRBV4-1,TRBJ2-1,viral
CASSQEQGDIQYF,TRBV14,,viral
CASSQEQGPTNEKLFF,TRBV7-8,TRBJ1-4,viral
CASSQERAGTSYEQYF,TRBV4-3,TRBJ2-7,viral
CASSQERDRTYEKLFF,,,viral
CASSQERGGKWAYEQYF,TRBV4-3,TRBJ2-7,viral
CASSQERGGQETQYF,TRBV4-2,TRBJ2-5,bacterial
CASSQERGGSYNEQFF,TRBV4-3,TRBJ2-1,bacterial
CASSQERGHGELFF,TRBV7-9,TRBJ2-2,viral
CASSQERGNEQFF,TRBV4-3,TRBJ2-1,viral
CASSQERGQGTDTQYF,TRBV4-2,TRBJ2-3,bacterial
CASSQERLAGYNEQFF,TRBV4-1,TRBJ2-1,viral
CASSQERLSFGTKNIQYF,,,viral
CASSQERPGDTQYF,TRBV4-2,TRBJ2-3,viral
CASSQERQTILEAFF,TRBV4-1,TRBJ1-1,viral
CASSQERQVSYEQYF,TRBV7-6,TRBJ2-7,viral
CASSQERSMNTEAFF,TRBV4-1,TRBJ1-1,viral
CASSQERVTSGDEQFF,TRBV4-1,TRBJ2-1,viral
CASSQERWAEAFF,TRBV12-5,TRBJ1-1,viral
CASSQESAGSAYNEQF,,TRBJ2-1,autoimmune
CASSQESGGGYEQFF,TRBV4-1,TRBJ2-1,viral
CASSQESGNTEAF,,TRBJ1-1,autoimmune
CASSQESGTATEAFF,TRBV4-2,TRBJ1-1,viral
CASSQESLAGRGAYNEQFF,TRBV4-3,TRBJ2-1,viral
CASSQESYLTYEQYF,TRBV4-2,TRBJ2-7,viral
CASSQETAGVNEQFF,TRBV4-2,TRBJ2-1,viral
CASSQETGNEQFF,TRBV4-1,TRBJ2-1,viral
CASSQETGNNYGYTF,TRBV4-1,TRBJ1-2,viral
CASSQETGVISEQYF,TRBV14,TRBJ2-7,viral
CASSQETIAKNIQYF,TRBV4-1,TRBJ2-4,viral
CASSQETSASYEQYF,TRBV4-2,TRBJ2-7,bacterial
CASSQETSGGYEQYF,TRBV4-2,TRBJ2-7,bacterial
CASSQETSGSYEQYF,TRBV4-2,TRBJ1-41,bacterial
CASSQETSNNEQFF,TRBV4-1,TRBJ2-1,viral
CASSQEVAGATGELF,TRBV4-2,TRBJ2-2,viral
CASSQEVAYEQYF,TRBV3-1,TRBJ2-7,viral
CASSQEVFRLAETSGEYEQYF,TRBV14,,viral
CASSQEVGGTQYF,TRBV14,TRBJ2-5,autoimmune
CASSQEVLRTDTQYF,TRBV4-1,TRBJ2-3,viral
CASSQEVMTALQPDYGYTF,TRBV3-1-1,TRBJ1-2-1,viral
CASSQEWAETYEQYF,TRBV4-3,TRBJ2-7,viral
CASSQEWAQGYEQYF,TRBV4-2,TRBJ2-7,viral
CASSQEWATQETQYF,TRBV4-2,TRBJ1-44,bacterial
CASSQEWGINEKLFF,TRBV4-3-1,TRBJ1-4-1,viral
CASSQEWGTGANEQFF,TRBV4-3,TRBJ2-1,viral
CASSQEWSDRGWQFF,TRBV14,TRBJ2-1,viral
CASSQEYDSGGSPLHF,TRBV4-3,TRBJ1-6,viral
CASSQFNEKLFF,TRBV3-1,TRBJ1-4,viral
CASSQFPGGTQYF,TRBV14,TRBJ2-3,viral
CASSQFPRGDTEAFF,TRBV4-1,TRBJ1-1,viral
CASSQFSLGHTDTQYF,TRBV3,TRBJ2-3,cancer
CASSQFTGTQETQYF,TRBV4-3,TRBJ2-5,viral
CASSQFTSGSYNEQFF,TRBV4-1,TRBJ2-1,viral
CASSQFVEELTEAFF,TRBV5-6,TRBJ1-1,viral
CASSQFVSGSYNEQFF,TRBV7-8,TRBJ2-1,viral
CASSQFVYTSTDTQYF,TRBV5-5,TRBJ1-2,viral
CASSQGAFGYTF,TRBV1-1,TRBJ1-2-1,viral
CASSQGAGELFF,TRBV12-3,TRBJ2-2,viral
CASSQGAGQAYEQYF,TRBV7-3,TRBJ2-7,viral
CASSQGAGSTNQPQHF,TRBV27,TRBJ02-7,autoimmune
CASSQGARGPFF,TRBV7-8,TRBJ1-1,viral
CASSQGASADTQYF,TRBV14,TRBJ2-3,viral
CASSQGASDTQYF,TRBV4-1,TRBJ2-3,viral
CASSQGAYGYTF,TRBV19,TRBJ1-2,viral
CASSQGDRGREAF,TRBV4,TRBJ1-1,cancer
CASSQGDSSSGANVLTF,TRBV4-3,TRBJ2-6,bacterial
CASSQGEAGGADTQYF,TRBV4-2,TRBJ1-49,bacterial
CASSQGEGTEAFF,TRBV4-2,TRBJ1-1,viral
CASSQGEIGVRNEQFF,TRBV4-2,TRBJ2-1,viral
CASSQGESGELF,TRBV7,TRBJ2-2,autoimmune
CASSQGETFNEQYF,TRBV4-1,TRBJ2-7,viral
CASSQGFYGYTF,TRBV19,TRBJ2-7,viral
CASSQGGAYGYTF,TRBV14,TRBJ1-2,viral
CASSQGGDGYGYTF,TRBV4-2,TRBJ1-2,viral
CASSQGGDSSYNEQFF,TRBV14,TRBJ2-1,bacterial
CASSQGGEGRGADTQYF,TRBV4-3,TRBJ2-3,autoimmune
CASSQGGEKLFF,TRBV4-1,TRBJ1-4,viral
CASSQGGGETGELFF,TRBV4-2,TRBJ2-2,bacterial
CASSQGGGLARYNEQFF,TRBV7-6,TRBJ2-1,viral
CASSQGGGPAAFF,TRBV4-2,TRBJ1-1,viral
CASSQGGGPGANVLTF,TRBV4-2,,viral
CASSQGGGPSEQFF,TRBV4-3,TRBJ2-1,viral
CASSQGGGVDEQFF,TRBV4-1,TRBJ2-1,cancer
CASSQGGINTEAFF,TRBV4-1,TRBJ1-1,viral
CASSQGGLADYNEQFF,TRBV4-2,TRBJ2-1,viral
CASSQGGLGQPQHF,TRBV14,TRBJ1-5,cancer
CASSQGGNLLEQF,,TRBJ2-1,autoimmune
CASSQGGNPGQAKETQYF,TRBV7-9,TRBJ2-5,viral
CASSQGGNSYEQYF,,TRBJ2-7,autoimmune
CASSQGGQGYEQYF,TRBV4-1,TRBJ2-7,viral
CASSQGGQHRSNEKLFF,TRBV14,TRBJ1-4,viral
CASSQGGSGEDTEAFF,TRBV4-1,TRBJ1-1,viral
CASSQGGSYNEQF,TRBV27,TRBJ2-7,viral
CASSQGGTEAFF,TRBV7-2,TRBJ1-1,viral
CASSQGGWEQYF,TRBV4-2,TRBJ2-7,viral
CASSQGGWRDKQYF,TRBV11-2,TRBJ2-3,cancer
CASSQGGYGYTF,TRBV4-3,TRBJ1-2,viral
CASSQGHGPFNQPQHF,TRBV4-1,TRBJ1-5,viral
CASSQGHGPFNQPQRF,TRBV7-2,TRBJ1-5,viral
CASSQGHPETNEKLFF,TRBV7-8,TRBJ1-4,viral
CASSQGHSGELF,TRBV4,TRBJ2-2,cancer
CASSQGIARDQF,TRBV16,TRBJ2-1,autoimmune
CASSQGIGGYEQYF,TRBV4-3,TRBJ2-5,viral
CASSQGKDTQYF,TRBV4-2,,viral
CASSQGLAGAGELF,TRBV19,TRBJ2-7,cancer
CASSQGLAGANEQFF,TRBV7-2,TRBJ2-1,viral
CASSQGLAGDEQF,TRBV3-1,TRBJ2-1,viral
CASSQGLAGDEQYF,TRBV29,TRBJ1-2,viral
CASSQGLAGDLQETQYF,TRBV4-3,TRBJ2-5,viral
CASSQGLAGESDTQYF,TRBV4-1,TRBJ2-3,viral
CASSQGLAGGPSTDTQYF,TRBV4-2,TRBJ2-3,bacterial
CASSQGLAGHSYEQYF,TRBV7-8,TRBJ2-7,viral
CASSQGLAGPSYEQYF,TRBV4-3,TRBJ2-7,viral
CASSQGLAGTENEQFF,TRBV4-3,TRBJ2-1,viral
CASSQGLAGTTDTQYF,TRBV7-3,TRBJ2-3,viral
CASSQGLASYEQYF,TRBV7-8,TRBJ2-7,viral
CASSQGLESGELFF,TRBV4-2,TRBJ2-2,bacterial
CASSQGLGERAEAFF,TRBV3-1/3-2,TRBJ1-1,viral
CASSQGLGREGASEQFF,TRBV4-1,TRBJ2-1-1,viral
CASSQGLGSDGYTF,TRBV4-2,TRBJ1-2,autoimmune
CASSQGLGSYEQYF,TRBV4-3,TRBJ2-7,viral
CASSQGLGTDWNYGYTF,TRBV4-3,TRBJ1-2,viral
CASSQGLISDPEAFF,TRBV4-1,TRBJ1-1,viral
CASSQGLPGLFTDTQYF,TRBV4-1,TRBJ2-3,bacterial
CASSQGLREGLGEQY,TRBV4-3,TRBJ2-7,autoimmune
CASSQGLSSNEQF,TRBV4-3,TRBJ2-1,viral
CASSQGLTDSASPLHF,TRBV3-1,TRBJ1-6,bacterial
CASSQGLWLRGPYGYTF,TRBV4-3,TRBJ1-2,bacterial
CASSQGMDTGELFF,TRBV4-3,TRBJ2-2,viral
CASSQGNEQFF,TRBV14,TRBJ2-1,viral
CASSQGNKYEQYF,TRBV4-2,TRBJ2-7,viral
CASSQGNRETQYF,TRBV27,TRBJ2-5,viral
CASSQGPAAYEQYF,TRBV14,TRBJ2-7,viral
CASSQGPAGGSALHF,TRBV4-1,TRBJ1-6,viral
CASSQGPGARQPQHF,TRBV4-1,TRBJ1-5,viral
CASSQGPGERAGFNYEQYF,TRBV3-1,TRBJ2-7,viral
CASSQGPGLLSYEQYF,TRBV4-1,TRBJ2-7,viral
CASSQGPGLLSYGQYF,TRBV7-2,TRBJ2-7,viral
CASSQGPGQGANYGYTF,TRBV4-1,TRBJ1-2,viral
CASSQGPLQPQHF,TRBV4-1,TRBJ1-5,cancer
CASSQGPPGLAQETQYF,TRBV4-1,TRBJ2-5,viral
CASSQGPPGTTRETQYF,TRBV4-1,TRBJ2-5,viral
CASSQGPRHGYTF,TRBV4-3,TRBJ1-2,viral
CASSQGPSTDTQYF,TRBV4-1,TRBJ2-3,viral
CASSQGPTEAF,TRBV12-3/4,TRBJ1-1,viral
CASSQGQALNTEAFF,TRBV4-2,TRBJ1-1,viral
CASSQGQANEKLFF,TRBV3-1,TRBJ1-4,viral
CASSQGQDGSYEQYF,TRBV5-1,TRBJ2-7,cancer
CASSQGQGAQNQPQHF,TRBV4,TRBJ1-5,viral
CASSQGQGEINTGELFF,TRBV4-1,TRBJ2-2,viral
CASSQGQGGNQPQHF,TRBV4-1,TRBJ1-5,viral
CASSQGQGGYEQYF,TRBV4-3,TRBJ2-7,viral
CASSQGQGGYYGYTF,TRBV4-1,TRBJ1-2,viral
CASSQGQGKNTEAFF,TRBV4-1,TRBJ1-1,autoimmune
CASSQGQGLNGYTF,TRBV30,TRBJ2-2,viral
CASSQGQGYYEQYF,TRBV4-3,TRBJ2-7,viral
CASSQGQLGNTIYF,TRBV4-3,TRBJ1-3,viral
CASSQGQLGNTLYF,TRBV4-3,TRBJ1-3,viral
CASSQGQLNQPQHF,TRBV3-1,TRBJ1-5,viral
CASSQGQLSSYNEQF,TRBV10,TRBJ2-1,cancer
CASSQGQSSYEQYF,TRBV3-1,TRBJ2-7,viral
CASSQGQVGDGYTF,TRBV4-1,TRBJ1-2,viral
CASSQGQYGNEQF,TRBV4-3,TRBJ2-1,viral
CASSQGRASSGNTIYF,TRBV4-2,TRBJ1-3,viral
CASSQGRDGYTF,TRBV14,TRBJ1-2,viral
CASSQGRDREQYF,TRBV4-1,TRBJ2-7,viral
CASSQGRDRPTEAFF,TRBV4-1,,viral
CASSQGRGDTEAFF,TRBV4-1,TRBJ1-1,viral
CASSQGRGEQFF,TRBV11-2,TRBJ1-1,viral
CASSQGRGLRNEQFF,TRBV3-1,TRBJ2-1,cancer
CASSQGRGNTEAF,TRBV19,TRBJ1-1,cancer
CASSQGRGPGKYF,TRBV4-1,TRBJ2-7,viral
CASSQGRGRNTEAFF,TRBV4-3,TRBJ1-1,viral
CASSQGRQETQYF,TRBV4-3,TRBJ2-5,viral
CASSQGRRNSYEQYF,TRBV4-2,TRBJ2-7,viral
CASSQGRVAAPEAF,TRBV5-1,TRBJ1-1,cancer
CASSQGSAPSYEQYF,TRBV4-3,TRBJ2-7,viral
CASSQGSGNEQFF,TRBV4-3,TRBJ2-1,viral
CASSQGSGQPQHF,,TRBJ1-5,autoimmune
CASSQGSGSGNTIYF,TRBV4-3,TRBJ1-3,viral
CASSQGSGSYEQYF,TRBV7-9,TRBJ2-7,viral
CASSQGSLRESAEAFF,TRBV4-3,TRBJ1-1,viral
CASSQGSRVGNEQFF,TRBV3-1/3-2,TRBJ2-1,viral
CASSQGSWGAPNEKLFF,TRBV4-3,TRBJ1-4,autoimmune
CASSQGSYGYTF,TRBV19,TRBJ2-7,viral
CASSQGTATNSPLHF,TRBV4-2,TRBJ1-6,viral
CASSQGTAYGYTF,TRBV14,TRBJ1-2,viral
CASSQGTGGDEQYF,TRBV4-1,TRBJ2-1,viral
CASSQGTGGPGELFF,TRBV3-1,TRBJ2-2,bacterial
CASSQGTGGYGYTF,TRBV4-3,TRBJ1-2,viral
CASSQGTGNTEAFF,TRBV4-3,TRBJ1-1,viral
CASSQGTGSTDTQYF,TRBV14,TRBJ2-3,viral
CASSQGTGTATGELF,,TRBJ2-2,autoimmune
CASSQGTISYEQYF,TRBV14,TRBJ2-7,viral
CASSQGTPRDEQYF,TRBV6-1/6-5/6-6,TRBJ2-7,viral
CASSQGTSGGGANVLTF,TRBV4-3,TRBJ2-6,bacterial
CASSQGTSGNEQFF,TRBV4-3,TRBJ2-1,viral
CASSQGTSGSYEQYF,TRBV4-1,TRBJ2-7,viral
CASSQGTSGTTGELF,,TRBJ2-2,autoimmune
CASSQGTSQFNEQF,TRBV7,TRBJ2-1,cancer
CASSQGTTDTQYF,TRBV6-6,TRBJ2-3,viral
CASSQGTVDEQFF,TRBV4-3,TRBJ2-1,viral
CASSQGVIESGELFF,TRBV4-2-1,TRBJ2-2-1,viral
CASSQGVLTEAFF,TRBV12-3,TRBJ1-1,viral
CASSQGVNQPQHF,TRBV4-3,TRBJ1-5,viral
CASSQGVPYQPQHF,TRBV4-3,TRBJ1-5,viral
CASSQGVSGVYEQYF,TRBV7-6,TRBJ2-7,viral
CASSQGVTTGGFLNYGYTF,TRBV3-1,TRBJ1-2,viral
CASSQGWSYEQYF,TRBV7-9,TRBJ2-7,viral
CASSQGYEQYF,TRBV25-1,TRBJ2-7,bacterial
CASSQGYRDNSPLHF,TRBV4-1,TRBJ1-6,viral
CASSQGYTLNTEAFF,TRBV3-1,TRBJ1-1,autoimmune
CASSQHGLEGYNEQFF,TRBV7-9,TRBJ2-1,viral
CASSQHYTGENTEAFF,TRBV4-2,TRBJ1-1,viral
CASSQIDSNQPQHF,TRBV4-2,TRBJ1-5,viral
CASSQIGGSDYGYTF,TRBV14,TRBJ1-2,viral
CASSQIGMGTRNTGELFF,TRBV4-1,TRBJ2-2,bacterial
CASSQKGDPFYEQYF,TRBV25-1,TRBJ2-7,bacterial
CASSQKLTGELF,,TRBJ2-2,autoimmune
CASSQKTGKNTEAFF,TRBV4-1,TRBJ1-1,viral
CASSQLAAGTDSYEQYF,TRBV4-2,TRBJ2-7,cancer
CASSQLAGAYNEQFF,TRBV14,TRBJ02-1,autoimmune
CASSQLAGGPWNEQFF,TRBV4-1,TRBJ2-1,viral
CASSQLAGVETQYF,TRBV4-1,TRBJ2-5,viral
CASSQLAGVVTQYF,TRBV4-1,TRBJ2-3,viral
CASSQLAQGRGAYNEQFF,TRBV4-1,TRBJ2-1,viral
CASSQLAVSYNEQFF,TRBV13,TRBJ2-1,viral
CASSQLAYSYNEQFF,TRBV14,TRBJ2-1,viral
CASSQLDSYEQYF,TRBV4-2,TRBJ2-7,viral
CASSQLGGDTQYF,TRBV4-1,TRBJ2-3,viral
CASSQLGGISNQPQHF,TRBV12-3,,viral
CASSQLGGKEQYF,TRBV16,TRBJ2-7,autoimmune
CASSQLGGNTEAFF,TRBV4-1,TRBJ1-1,viral
CASSQLGNEQFF,TRBV7-8,TRBJ2-1,viral
CASSQLGQGNTGELFF,TRBV4-1,TRBJ2-2,viral
CASSQLGTATYEQYF,TRBV4-3,TRBJ2-7,viral
CASSQLHYEQYF,TRBV7-9,TRBJ2-7,viral
CASSQLIPGLLYGYAF,TRBV4-1,TRBJ1-2,viral
CASSQLIPGLLYGYTF,TRBV4-1,TRBJ1-2,viral
CASSQLIPGLLYGYTL,TRBV4-1,TRBJ1-2,viral
CASSQLIPGLLYGYTY,TRBV4-1,TRBJ1-2,viral
CASSQLPGPEAFF,TRBV4-1,TRBJ1-1,viral
CASSQLQGPTEAFF,TRBV4-1,TRBJ1-1,viral
CASSQLRLNTEAF,TRBV4-1,TRBJ1-1,cancer
CASSQLTGGVHEQYF,TRBV4-1,TRBJ2-7,viral
CASSQMEGVLYGYTF,TRBV4-1,TRBJ1-2,viral
CASSQMEQLEQYF,TRBV4-1,TRBJ2-7,viral
CASSQMPGTTDTQYF,TRBV4-1,TRBJ2-3,viral
CASSQMTGLNTEAFF,TRBV2-1,TRBJ1-1-1,viral
CASSQNNAANTGELFF,TRBV4-1,TRBJ2-2,viral
CASSQNPGLAGGYEQYF,TRBV4-1,TRBJ2-7,viral
CASSQNQGAGGNQPQHF,,TRBJ1-5,autoimmune
CASSQNSGNTDTQYF,TRBV6-1/6-5/6-6,TRBJ2-3,viral
CASSQPAAPTGRRETQYF,TRBV6-2,TRBJ2-5,viral
CASSQPDRNQETQYF,TRBV7-6,TRBJ2-5,viral
CASSQPGLAVEQYF,TRBV4-1,TRBJ2-7,viral
CASSQPGQGDGYTF,TRBV5-4,TRBJ1-2,bacterial
CASSQPKGPNEKLFF,TRBV7-8,TRBJ1-4,viral
CASSQPPDRGYGYTF,TRBV11-2,TRBJ1-2,viral
CASSQPPGGTQYF,TRBV14,TRBJ2-3,viral
CASSQPPIPEQYF,TRBV4-3,TRBJ2-7,viral
CASSQPQAGVNEQFF,TRBV7-9,TRBJ2-1,viral
CASSQPQYSGANVLTF,TRBV7-9,TRBJ2-6,viral
CASSQPTGREQYF,TRBV3-1,TRBJ2-7,viral
CASSQPTSGYEQYF,TRBV4-3,TRBJ2-7,viral
CASSQQAGEGDEQYF,TRBV7-2,TRBJ2-7,viral
CASSQQEGTSGFYEQYF,TRBV4-1,TRBJ2-7,viral
CASSQQGLGTEAF,TRBV28,TRBJ1-1,cancer
CASSQQGPEQFF,TRBV19,TRBJ2-1,viral
CASSQQGSGNQPQHF,TRBV7-2,TRBJ1-5,viral
CASSQQLRVINTEAFF,TRBV4-1,TRBJ1-1,viral
CASSQQQGPSGYTF,TRBV4-1,TRBJ1-2,viral
CASSQQRGGADYEQYF,TRBV4-3,TRBJ2-7,viral
CASSQQRTGGYYEQYF,TRBV4-3,TRBJ2-7,viral
CASSQQTGTGGRMNTEAFF,TRBV4-3,TRBJ1-1,viral
CASSQQTGTIGGYTF,TRBV6-5,TRBJ1-2,viral
CASSQRASYEQYF,TRBV19,TRBJ2-7,viral
CASSQRDLSSGNTIYF,TRBV7-2,TRBJ1-3,viral
CASSQRDRGTDTEAF,TRBV4-1,TRBJ1-1,viral
CASSQRDSQETQYF,TRBV7-9,TRBJ2-5,viral
CASSQRGADTEAF,TRBV14,TRBJ2-5,viral
CASSQRGHASYEQYF,TRBV4-3,TRBJ2-7,viral
CASSQRGRSSTDTQYF,TRBV7-2,TRBJ2-3,viral
CASSQRGVQETQYF,TRBV4-1,TRBJ2-5,viral
CASSQRIALGDGNQPQHF,TRBV4-1,TRBJ1-5,viral
CASSQRMGLSETQYF,TRBV4-2,,viral
CASSQRPGGQQFF,TRBV1-1,TRBJ2-1-1,viral
CASSQRPVGQGLRNTEAFF,TRBV4-3,TRBJ1-1,viral
CASSQRQDSSYNEQF,TRBV7-9,TRBJ2-1,viral
CASSQRQGNNSPLHF,TRBV3-1,TRBJ1-6,viral
CASSQRQGPDTQYF,TRBV9,TRBJ2-3,viral
CASSQRQGSGANVLTF,TRBV2-6-1,TRBJ1-1,viral
CASSQRSGQGNSPLHF,TRBV3-1,TRBJ1-6,viral
CASSQRSLSGANVLTF,TRBV14,TRBJ2-6,viral
CASSQRSQETQYF,TRBV19,TRBJ2-5,viral
CASSQRSSTEAFF,TRBV19,TRBJ1-1,viral
CASSQRSTDTQYF,TRBV19,,viral
CASSQRSTGELF,TRBV19,TRBJ2-2,viral
CASSQRTGDPGYTF,TRBV4-1,TRBJ1-2,viral
CASSQRTGELF,TRBV27,TRBJ2-2,viral
CASSQRTGGADGYTF,TRBV4-3,TRBJ1-2,viral
CASSQRTGNYGYTF,TRBV4-1,TRBJ1-2,viral
CASSQRTGSSYEQYF,TRBV7-9,TRBJ2-7,viral
CASSQRTSGDYNEQFF,TRBV4-2,TRBJ2-1,bacterial
CASSQRTSGRSYEQYF,TRBV7-8,TRBJ2-7,viral
CASSQRTSPLEQYF,TRBV14,TRBJ2-7,viral
CASSQSENDPYEQYF,TRBV4-3,TRBJ2-7,viral
CASSQSGGDVGELFF,TRBV7-9,,viral
CASSQSGLGDEQYF,TRBV4-3,TRBJ2-7,viral
CASSQSGNTEAFF,TRBV14,TRBJ1-1,viral
CASSQSGQLDTQYF,TRBV7-8,TRBJ2-3,viral
CASSQSGTEAFF,TRBV4-2,TRBJ1-1,viral
CASSQSGTSTDTQYF,TRBV4-1,TRBJ2-3,viral
CASSQSLGEGYEQYF,TRBV4-3,TRBJ2-7,bacterial
CASSQSLGGTQYF,TRBV14,TRBJ2-3,viral
CASSQSMGGTQYF,TRBV16,TRBJ2-5,autoimmune
CASSQSMGLEGSTF,TRBV4-1,TRBJ1-2,viral
CASSQSPGDTQYF,TRBV14,TRBJ2-3,viral
CASSQSPGGAQYF,TRBV14,TRBJ2-3,viral
CASSQSPGGEQFF,TRBV9,TRBJ2-1,viral
CASSQSPGGEQYF,TRBV1-1,TRBJ2-7-1,viral
CASSQSPGGFQFF,TRBV14,TRBJ2-1,viral
CASSQSPGGFQYF,TRBV14,TRBJ2-4,viral
CASSQSPGGIAF,TRBV16-1,TRBJ1-1,viral
CASSQSPGGIQYF,TRBV14,TRBJ2-4,viral
CASSQSPGGKQYF,TRBV14,TRBJ2-3,viral
CASSQSPGGLTFF,TRBV14,TRBJ1-2,viral
CASSQSPGGMQYF,TRBV14,TRBJ2-3,viral
CASSQSPGGPQYF,TRBV14,TRBJ2-3,viral
CASSQSPGGQQFF,TRBV1-1,TRBJ2-1-1,viral
CASSQSPGGTPYF,TRBV14,TRBJ2-3,viral
CASSQSPGGTQHF,TRBV14,TRBJ1-5,viral
CASSQSPGGTQNF,TRBV14,TRBJ2-3,viral
CASSQSPGGTQSF,TRBV14,TRBJ2-3,viral
CASSQSPGGTQYL,TRBV14,TRBJ2-3,viral
CASSQSPGGTQYS,TRBV14,TRBJ2-3,viral
CASSQSPGGTRYF,TRBV14,TRBJ2-3,viral
CASSQSPGGVQYF,TRBV14,TRBJ2-7,viral
CASSQSPGGYQF,TRBV16-1,TRBJ2-1,viral
CASSQSPGQGVGEQF,TRBV4-1,TRBJ2-1,viral
CASSQSPGSTQYF,TRBV14,TRBJ2-3,viral
CASSQSPGWGTEAF,TRBV7,TRBJ1-1,autoimmune
CASSQSPSGTQYF,TRBV14,TRBJ2-3,viral
CASSQSPVGTQYF,TRBV14,TRBJ2-3,viral
CASSQSQGWAYEQYF,TRBV14,TRBJ2-7,viral
CASSQSQTDTQYF,TRBV4-1,TRBJ2-3,viral
CASSQSRGLAVSGELF,TRBV3,TRBJ2-2,autoimmune
CASSQSRGSGNTIYF,TRBV4-1,TRBJ1-3,viral
CASSQSRQGAQPQHF,TRBV23-1,TRBJ1-5,viral
CASSQSRSSYNEQFF,TRBV4-1,TRBJ2-1,viral
CASSQSSGGTQYF,TRBV14,TRBJ2-3,viral
CASSQSSGRATDEQFF,TRBV4-3,TRBJ2-1,viral
CASSQSTGANVLTF,TRBV4-3,TRBJ2-6,viral
CASSQSTGQPQHF,TRBV4-2-1,TRBJ1-5-1,viral
CASSQSTGSSYEQYF,TRBV4-1,TRBJ2-7,viral
CASSQSYHEQFF,TRBV16,TRBJ2-1,viral
CASSQTDSYNEQFF,TRBV6-1/6-5/6-6,TRBJ2-1,viral
CASSQTEEQYF,TRBV4-2,TRBJ2-7,viral
CASSQTETDNQPQHF,TRBV4-2,TRBJ1-5,autoimmune
CASSQTGAGQPQHF,TRBV4-1,TRBJ1-5,viral
CASSQTGFGNQPQHF,TRBV25-1,,viral
CASSQTGLHEQYF,TRBV7-2,TRBJ2-7,viral
CASSQTGLNTEAFF,TRBV18,TRBJ1-1,viral
CASSQTGNQPQHF,TRBV6-2,TRBJ1-1,viral
CASSQTGQLDEQYF,TRBV7-8,TRBJ2-7,viral
CASSQTGSTDTQYF,TRBV7-6,TRBJ2-3,viral
CASSQTGTDYNYGYTF,TRBV13,TRBJ1-2,autoimmune
CASSQTGTGAYEQYF,TRBV6-6,TRBJ2-7,viral
CASSQTGVGQPQHF,TRBV14,TRBJ1-5,cancer
CASSQTGYSNQPQHF,TRBV4-1,TRBJ1-5,viral
CASSQTLNTEAFF,TRBV4-3,TRBJ1-1,viral
CASSQTPDILWGEQYF,TRBV4-3,TRBJ2-7,viral
CASSQTQLWETQYF,TRBV7-2,TRBJ2-5,viral
CASSQTRTSGLQETQYF,TRBV4-1,TRBJ2-5,viral
CASSQTSAGVTYNEQFF,TRBV7-2,TRBJ2-7,viral
CASSQTSGQETQYF,TRBV7-2,TRBJ2-5,autoimmune
CASSQTSGTGREQFF,TRBV4-1,TRBJ2-1,viral
CASSQTTGDFGYTF,TRBV14,TRBJ1-2,viral
CASSQTVAYEQYF,TRBV7-9,TRBJ2-7,viral
CASSQTVMNTEAFF,TRBV4-1,TRBJ1-1,viral
CASSQTVSSPYTF,TRBV7-2,TRBJ1-2,viral
CASSQTYEQYF,TRBV1-1,TRBJ2-7-1,viral
CASSQVAFGTYNEQFF,TRBV14,TRBJ2-1,viral
CASSQVAGANTGELFF,TRBV4-1,TRBJ2-2,viral
CASSQVAGASFNEQFF,TRBV4-1,TRBJ2-1,viral
CASSQVAGGAELFF,TRBV4-1,TRBJ1-4,viral
CASSQVAGGPDTQYF,TRBV4-3,TRBJ2-3,bacterial
CASSQVAKMAKDNYGYTF,TRBV4-3,TRBJ1-2,viral
CASSQVDFRADRSSYNEQFF,TRBV14,TRBJ2-1,viral
CASSQVDLRYEQFF,TRBV4-3,TRBJ2-1,viral
CASSQVDLSYEQYF,TRBV4-3,TRBJ2-7,viral
CASSQVDSRLVQVGNEQFF,TRBV4-3,TRBJ2-1,viral
CASSQVEAFYEQYF,TRBV4-1,TRBJ2-7-1,viral
CASSQVESSGANVLTF,TRBV4-2,TRBJ2-6,bacterial
CASSQVFPPPSQYF,TRBV4-3,TRBJ2-3,viral
CASSQVGALEQYF,TRBV7-9,TRBJ2-7,viral
CASSQVGEAGNTIYF,TRBV4-2,TRBJ1-3,viral
CASSQVGGDEQFF,TRBV14,TRBJ2-1,viral
CASSQVGGPDTQYF,TRBV14,TRBJ2-3,viral
CASSQVGKQMNTEAFF,TRBV4-3,TRBJ1-1,viral
CASSQVGLGRGSQYF,TRBV4-3,TRBJ2-3,viral
CASSQVGTGSINEQFF,TRBV4-3,TRBJ2-1,viral
CASSQVHDSSNSPLHF,TRBV4-3,TRBJ1-6,viral
CASSQVIDQETQYF,TRBV27,TRBJ2-2,viral
CASSQVIQTEAFF,TRBV3-1,TRBJ1-1,cancer
CASSQVKGYEQYF,TRBV4-1,TRBJ2-7,viral
CASSQVKVGAVDGYTF,TRBV4,TRBJ1-2,cancer
CASSQVKWGGAYNEQFF,TRBV14,TRBJ2-1,viral
CASSQVLAGGYTEQFF,TRBV4-3,TRBJ2-1,viral
CASSQVLDTEAFF,TRBV4-2,TRBJ1-1,viral
CASSQVLGLSVTGELFF,TRBV6-3,TRBJ2-2,viral
CASSQVLRGPSSYNEQFF,TRBV4-3,TRBJ2-1,viral
CASSQVLRGVYGYTF,TRBV4-3,TRBJ1-2,viral
CASSQVLRVLSYNEQF,TRBV4-3,TRBJ2-1,viral
CASSQVLTGLDEQFF,TRBV4-2,TRBJ2-1,viral
CASSQVNSNQPQHF,TRBV4-2,TRBJ1-5,viral
CASSQVPGQGDYGYTF,TRBV4-1,TRBJ1-2,viral
CASSQVQGASNQPQHF,TRBV4-2,TRBJ1-5,viral
CASSQVQGAYEQYF,TRBV4-1,TRBJ2-7,viral
CASSQVQGTDTQYF,TRBV4-1,TRBJ2-3,viral
CASSQVRTEIRQPQHF,TRBV4-1,TRBJ1-5,autoimmune
CASSQVSGDEAFF,TRBV4-2,TRBJ1-1,viral
CASSQVSGKSYEQYF,TRBV4-2,TRBJ2-7,viral
CASSQVSGLAGGQNTGELFF,TRBV4-1,TRBJ2-2,viral
CASSQVSPVVLDRDNEQFF,TRBV4-1,TRBJ2-1,viral
CASSQVSRSFDEQYF,TRBV4-1,TRBJ2-7,viral
CASSQVSTGETQYF,TRBV14,TRBJ2-5,viral
CASSQVSTYEQYF,TRBV4-1,TRBJ2-7,viral
CASSQVSVGYEQYF,TRBV4-1,TRBJ2-7,viral
CASSQVTGGGNEQFF,TRBV4-1,TRBJ2-1,viral
CASSQVTGRTYEQYF,TRBV6-2,TRBJ2-7,viral
CASSQVTGSTDTQYF,TRBV14,TRBJ2-3,autoimmune
CASSQVTNSGANVLTF,TRBV4-2,TRBJ2-6,bacterial
CASSQVTRTEYQETQYF,TRBV4-2,TRBJ2-5,bacterial
CASSQVTSTDTQYF,TRBV14,TRBJ2-3,viral
CASSQVYDSNQPQHF,TRBV4-1,TRBJ1-5,viral
CASSQVYGGYTF,TRBV4-1,TRBJ1-2,viral
CASSQWAGANNEQFF,TRBV4-1,TRBJ2-1,viral
CASSQWDLQETQYF,TRBV4-2,TRBJ2-5,viral
CASSQWERDPQYF,TRBV4-3,TRBJ2-3,viral
CASSQWGLLTDTQYF,TRBV4-1,TRBJ2-3,cancer
CASSQWTGELF,TRBV27,TRBJ2-2,viral
CASSQWTGGGGQPQHF,TRBV27,TRBJ1-5,viral
CASSQWTSGGQETQYF,TRBV7-8,TRBJ2-5,viral
CASSQWVITANEKLFF,TRBV4-1,TRBJ1-4,viral
CASSQYDNEQYF,,TRBJ2-7,autoimmune
CASSQYRATQETQYF,TRBV4-3,TRBJ2-5,viral
CASSQYRPGANTGELFF,TRBV4-3,TRBJ2-2,viral
CASSQYWGSGEQYF,TRBV4-3,TRBJ2-7,viral
CASSRAGAYNEQF,TRBV12-3,TRBJ2-1,viral
CASSRAGTGGSETQYF,TRBV7-9,TRBJ2-5,viral
CASSRALGVDNEQFF,TRBV7-8,TRBJ2-1,viral
CASSRAPGPLYEQYF,TRBV7-9,TRBJ2-7,viral
CASSRATGELF,TRBV27,TRBJ2-2,viral
CASSRDFAYEQYF,TRBV12-3,TRBJ2-7,viral
CASSRDFYAYNEQFF,TRBV7-3,TRBJ24-1,viral
CASSRDPDGDTEAFF,TRBV4-1,TRBJ1-1,viral
CASSRDPTDNEQFF,TRBV7-9,TRBJ2-1,viral
CASSRDRDLNQPQHF,TRBV6-3,TRBJ1-5,viral
CASSRDRERYEQYF,TRBV18,TRBJ2-7,viral
CASSRDRGLYEQYF,TRBV7-8,TRBJ2-7,viral
CASSRDRGPIGEQYF,TRBV7-9,TRBJ2-7,viral
CASSRDRPDEQYF,TRBV4-1,TRBJ2-7,viral
CASSRDRSYNEQFF,TRBV7-8,TRBJ2-1,viral
CASSRDSALWISTDTQYF,TRBV6,TRBJ2-3,cancer
CASSRDSGANVLTF,TRBV6-2,TRBJ2-6,bacterial
CASSRDSGGNEQFF,TRBV6-2,TRBJ2-1,viral
CASSRDSNEQF,TRBV7-9,TRBJ2-1,viral
CASSRDSSYEQYF,TRBV6-1,TRBJ2-7,cancer
CASSRDSTGELFF,TRBV6-4,TRBJ2-2,viral
CASSRDVSGANVLTF,TRBV3-1,TRBJ1-59,bacterial
CASSREEGRGNTEAFF,TRBV4-3,TRBJ1-1,bacterial
CASSREETESRNEQYF,TRBV4-2,TRBJ2-7,bacterial
CASSREGAFTEAFF,TRBV7-3,TRBJ1-1,viral
CASSREGGNTEAFF,TRBV4-1,TRBJ1-1,viral
CASSREGYSNQPQHF,TRBV5-1,TRBJ1-1,viral
CASSREPNPNYGYTF,TRBV7-3,TRBJ1-2,viral
CASSREVYGYTF,TRBV19,TRBJ1-2,viral
CASSRGAKLWGYTF,TRBV25-1,TRBJ1-2,viral
CASSRGDVQETQYF,,TRBJ2-5,autoimmune
CASSRGEAGELFF,TRBV10-1,TRBJ2-2,bacterial
CASSRGEGGNEQFF,TRBV6-5,TRBJ2-1,viral
CASSRGETQYF,TRBV4-3,TRBJ2-5,viral
CASSRGGMSGELFF,TRBV7-9,TRBJ2-2,viral
CASSRGGQGGGYTF,TRBV3-1,TRBJ1-2,autoimmune
CASSRGGRGLTDTQYF,TRBV7-3,TRBJ2-3,viral
CASSRGGWETQYF,,TRBJ2-5,autoimmune
CASSRGHALDQPQHF,TRBV7-8,TRBJ1-5,viral
CASSRGLAANTGELFF,TRBV7-6,TRBJ2-2,viral
CASSRGNQPQHF,TRBV27,TRBJ1-5,autoimmune
CASSRGNTIYF,TRBV2,TRBJ1-3,viral
CASSRGPNQPQHF,TRBV6-4,TRBJ1-5,bacterial
CASSRGQGEQYF,TRBV14,TRBJ2-7,viral
CASSRGQLYEQYF,TRBV7-1,TRBJ2-7-1,viral
CASSRGQQPSYEQY,TRBV5-4,TRBJ2-7,autoimmune
CASSRGQRSTDTQYF,,TRBJ2-3,autoimmune
CASSRGTGDNSPLHF,TRBV4-1,TRBJ1-6,viral
CASSRGTPNYGYTF,TRBV12-3,TRBJ1-2,viral
CASSRGTRGRSETQYF,TRBV6-5-1,TRBJ2-5-1,viral
CASSRGYLMYEQYF,TRBV6-5,TRBJ2-7,viral
CASSRGYNEQF,TRBV6-1,TRBJ2-1,cancer
CASSRGYTGELFF,TRBV7-9,TRBJ2-2,viral
CASSRHPGGDDYNEQFF,TRBV4-3,TRBJ2-1,viral
CASSRHRAGGPYEQYF,TRBV4-3,TRBJ2-7,viral
CASSRIGGTGELF,TRBV9,TRBJ2-2,cancer
CASSRLAGADTQYF,TRBV7-2,TRBJ2-3,viral
CASSRLAGETYNEQFF,TRBV6-1,TRBJ2-1,bacterial
CASSRLAGGTGELF,TRBV7-3,TRBJ2-2,viral
CASSRLAGLADTQYF,,TRBJ2-3,autoimmune
CASSRLAGSTDTQYF,TRBV7-3,TRBJ2-3,viral
CASSRLAPPDEQFF,TRBV7-8,TRBJ2-1,viral
CASSRLAVGGNEQFF,TRBV7-8,TRBJ2-1,viral
CASSRLGDGDSNQPQHF,TRBV6-6,,viral
CASSRLGGGHRGAVF,TRBV7-3,TRBJ2-2,viral
CASSRLGGRNQPQHF,TRBV4-1,TRBJ1-5,viral
CASSRLGGTRALDEQFF,TRBV7-2,TRBJ2-1,viral
CASSRLTVDRSDTGELF,TRBV4-1,TRBJ2-2,viral
CASSRLYGNTGELFF,TRBV5-8,TRBJ1-6,viral
CASSRLYNEQFF,TRBV7-8,TRBJ2-1,viral
CASSRLYPGTDPDGYTF,,TRBJ1-2,autoimmune
CASSRNLETGELFF,TRBV5-6,TRBJ2-2,viral
CASSRNSGRESDTQYF,TRBV4-3,TRBJ2-3,viral
CASSRPEDYNEQFF,TRBV6-2,TRBJ2-1,bacterial
CASSRPGLAGGPYEQYF,TRBV7-7,TRBJ2-7,viral
CASSRPGLAGRNEQFF,,,viral
CASSRPGLAREELFF,TRBV7-9,TRBJ2-2,viral
CASSRPGQGDTEAFF,TRBV4-1,TRBJ1-1,viral
CASSRPGQGGYEQYF,TRBV27,TRBJ2-7,viral
CASSRPSGTQYF,,TRBJ2-5,autoimmune
CASSRPTGGNYGYTF,TRBV4-3,TRBJ1-2,viral
CASSRPTGNTEAFF,TRBV7-9,TRBJ1-1,viral
CASSRQAPWGRDTEAFF,TRBV7-9,TRBJ1-1,viral
CASSRQDYNEQFF,TRBV4-3,TRBJ2-1,viral
CASSRQGAGPRETQYF,,TRBJ2-5,autoimmune
CASSRQGAPGGANVLTF,TRBV25-1,TRBJ2-6,bacterial
CASSRQGFTF,TRBV28,TRBJ1-2,viral
CASSRQGGGGNQPQHF,TRBV14,TRBJ1-5,viral
CASSRQGGYGYTF,TRBV6-5,TRBJ1-2,viral
CASSRQGSTDTQYF,TRBV6-4,TRBJ2-3,bacterial
CASSRQLEGHGGAFF,TRBV4-1,TRBJ1-1,viral
CASSRQTEAFF,TRBV7-9,TRBJ1-1,viral
CASSRQVYEQDTQYF,TRBV7-9,TRBJ2-3,viral
CASSRRDYRCETQYF,TRBV14,TRBJ2-5,cancer
CASSRRGATTSTDTQYF,TRBV11-2,TRBJ2-3,viral
CASSRRGESSYNEQF,TRBV27,TRBJ2-1,viral
CASSRRGQNTEAFF,TRBV7-3,TRBJ1-1,viral
CASSRRGRDDEKLF,TRBV11-2,TRBJ1-4,viral
CASSRRGTGELFF,TRBV7-9,TRBJ2-3,viral
CASSRRPGLGETQYF,TRBV12-3,TRBJ2-5,viral
CASSRRQGAMRETQYF,TRBV11-3,TRBJ2-5,viral
CASSRRRRAGNPNTGELFF,TRBV09-1,TRBJ02-2,autoimmune
CASSRRSGSGNEQF,,TRBJ2-1,autoimmune
CASSRRSNQPQHFT,TRBV19,TRBJ2-7,viral
CASSRRSSDEQYF,TRBV19,TRBJ2-7,viral
CASSRRSTDTQYF,TRBV1-1,TRBJ2-3-1,viral
CASSRRSTGELFF,TRBV19,TRBJ2-2,viral
CASSRRSTQPQHF,TRBV19,TRBJ2-7,viral
CASSRRTGGTEAFF,TRBV11-1,TRBJ1-1,cancer
CASSRRTTDTQYF,TRBV6-2,TRBJ2-3,bacterial
CASSRSGGTDTQYF,TRBV6-4,TRBJ2-3,bacterial
CASSRSGLYEQY,TRBV5-5,TRBJ2-7,viral
CASSRSGNYGYTF,TRBV5-6,TRBJ1-2,viral
CASSRSGTGFLEQYF,,TRBJ2-7,cancer
CASSRSGWSSDSPLHF,TRBV7-2,TRBJ1-6,cancer
CASSRSLVTATTLFDNTEAFF,TRBV7-9,TRBJ1-1,viral
CASSRSPGGTQYF,TRBV14,TRBJ2-5,viral
CASSRSRGPGSTDTQYF,TRBV7-2,TRBJ2-3,bacterial
CASSRTATHGYTF,TRBV19-1,TRBJ1-2-1,viral
CASSRTEREPQPQHF,TRBV12-4,TRBJ1-5,cancer
CASSRTGAGETQYF,TRBV6-5,TRBJ2-5,viral
CASSRTGGADTQYF,TRBV6-4,TRBJ2-3,bacterial
CASSRTGGIYEQYF,TRBV02,TRBJ02-7,autoimmune
CASSRTGGNTEAF,TRBV19,TRBJ1-1,cancer
CASSRTGGNTGELFF,TRBV6-4,TRBJ2-2,bacterial
CASSRTGGTDTQYF,TRBV6-4,TRBJ2-3,bacterial
CASSRTGLWTGGGYTF,TRBV23,TRBJ1-2,autoimmune
CASSRTGMGETQYF,TRBV6-2,TRBJ2-5,viral
CASSRTGQGQETQYF,TRBV7-9,TRBJ2-5,viral
CASSRTGTYEQYF,TRBV4-1,TRBJ2-7,viral
CASSRTGYYGYTF,TRBV05-1,TRBJ01-2,autoimmune
CASSRTLDSLREAFF,TRBV6-5,TRBJ1-1,viral
CASSRTLNTEAFF,TRBV4-3,TRBJ1-1,viral
CASSRTMNTEAFF,TRBV19,TRBJ1-1,bacterial
CASSRTQGPNTDTQYF,TRBV5-1,TRBJ2-3,viral
CASSRTSATGELF,TRBV28,TRBJ2-2,viral
CASSRTSDTQYF,TRBV7-9,TRBJ2-3,viral
CASSRTSDYQETQYF,TRBV7-9,TRBJ2-5,viral
CASSRTSGGGDEQFF,TRBV6-4,TRBJ2-1,bacterial
CASSRTSGTDTQYF,TRBV6-4,TRBJ2-3,bacterial
CASSRTTGELF,TRBV27,TRBJ2-2,viral
CASSRTTGLDGYTF,TRBV12-3,TRBJ1-2,viral
CASSRTVYEQYF,TRBV6-6,TRBJ2-7,viral
CASSRVGTTYEQYF,TRBV1-1,TRBJ2-7-1,viral
CASSRWENEQFF,TRBV11-3,TRBJ2-1,viral
CASSRWGQGTRGYTF,TRBV9,TRBJ2-2,viral
CASSRWSGRQETQYF,TRBV7-8,TRBJ2-5,viral
CASSRYGLSSTDTQYF,TRBV7-3,TRBJ2-3,viral
CASSRYRQYNQPQHF,TRBV4-1,TRBJ1-5,viral
CASSRYTGTSGNNEQFF,TRBV4-3,TRBJ2-1,viral
CASSSAASNQPQHF,TRBV7-9,TRBJ1-5,viral
CASSSAFYGYTF,TRBV8,TRBJ2-1,viral
CASSSAGAAYEQYF,TRBV6-3,TRBJ2-7,viral
CASSSAGAGSYEQYF,TRBV7-8,TRBJ2-7,viral
CASSSAGAKNIQYF,TRBV19,TRBJ2-4,cancer
CASSSAGGFGELF,TRBV6,TRBJ2-2,cancer
CASSSAGGPAETQYF,,TRBJ2-5,autoimmune
CASSSAGGRDEQFF,TRBV4-2,TRBJ2-1,viral
CASSSAGGRTDTQYF,TRBV7-2,TRBJ2-3,viral
CASSSAGGRTGELFF,TRBV7-8,TRBJ2-2,viral
CASSSAGTQETQYF,TRBV5-6,TRBJ2-5,viral
CASSSAHPNTEAFF,TRBV28,TRBJ1-1,viral
CASSSAHYGYTF,TRBV8,TRBJ1-2,viral
CASSSAITGMGDSGNTIYF,TRBV27,TRBJ1-5,viral
CASSSANYGYTF,TRBV8,TRBJ1-2,viral
CASSSAQPNTEAFF,TRBV6-2/6-3,TRBJ1-1,viral
CASSSASNEQFF,TRBV7-9,TRBJ2-1,viral
CASSSASPSWDEQFF,TRBV28,TRBJ2-1,viral
CASSSATGEETQYF,TRBV6-5,TRBJ2-5,viral
CASSSAVDFSGANVLTF,TRBV6-2,TRBJ2-6,autoimmune
CASSSAVIRGLDGGYTF,TRBV5-8-1,TRBJ1-2-1,viral
CASSSAVIRGLDWCYTF,TRBV5-8-1,TRBJ1-2-1,viral
CASSSAWDYYNEQFF,TRBV7-9,TRBJ2-1,viral
CASSSAWTGYEQYF,TRBV27,TRBJ2-7,cancer
CASSSAYYGYTF,TRBV12-4,TRBJ1-2,viral
CASSSDGDRHGYTF,TRBV7-9,TRBJ1-2,viral
CASSSDGGLWDTEAFF,TRBV28,TRBJ2-5,viral
CASSSDIEQYF,,,viral
CASSSDIFNYGYTF,TRBV7-9,TRBJ1-2,viral
CASSSDIGGGSYGYTF,TRBV28,TRBJ1-2,viral
CASSSDLSSYNEQFF,TRBV13,TRBJ2-1,viral
CASSSDNTAGELFF,TRBV5-4,TRBJ2-2,cancer
CASSSDPSGGGYNEQFF,TRBV2-1,TRBJ2-1-1,viral
CASSSDPVAVTNQPQHF,TRBV7-8,TRBJ1-5,viral
CASSSDRARDGYT,TRBV7-9,TRBJ1-2,viral
CASSSDRARSNYGYTF,TRBV7-2,TRBJ1-2,viral
CASSSDRDQPQHF,TRBV7-6,TRBJ1-5,autoimmune
CASSSDRGGYNEQFF,TRBV28,,viral
CASSSDRGLTYNQPQHF,TRBV29-1,TRBJ2-2,viral
CASSSDRGYAYEQYF,TRBV7-9,TRBJ2-7,viral
CASSSDRLDSPLHF,TRBV7-8,TRBJ1-6,viral
CASSSDRQETQYF,TRBV7-7,TRBJ2-5,viral
CASSSDSYNEQFF,TRBV7-2,TRBJ2-1,viral
CASSSEEEAYGYTF,TRBV5-1,TRBJ1-2,viral
CASSSEFGDTAYNEQF,TRBV7-3,TRBJ2-1,viral
CASSSEGGNEKLFF,TRBV7-9,TRBJ1-4,viral
CASSSELNTEAFF,TRBV12-3,TRBJ1-1,viral
CASSSEPGGFPEAFF,TRBV7-8,TRBJ1-1,viral
CASSSEPGWAYGYTF,TRBV7-6,TRBJ1-2,viral
CASSSERTDGASGANVLTF,TRBV7-9,TRBJ2-6,viral
CASSSETELLYYGYTF,TRBV6-6,TRBJ1-2,viral
CASSSETGPFGEKLFF,TRBV7-8,TRBJ1-4,viral
CASSSETTSPLHF,TRBV7-3,,viral
CASSSEVPRLPEGGETQYF,TRBV25-1,TRBJ2-5,bacterial
CASSSEYRSGANVLTF,,,viral
CASSSFCGRSYEQYF,TRBV7-7,TRBJ2-7,viral
CASSSFEGAHEQYF,TRBV28,TRBJ2-7,viral
CASSSFGNREYEQYF,TRBV11-2,TRBJ2-7,viral
CASSSFGTDTQYF,TRBV19,,viral
CASSSFLSSGETQYF,TRBV28,TRBJ2-5,viral
CASSSFRDGGTDTQYF,TRBV5-1,TRBJ2-3,viral
CASSSFYTDTQYF,TRBV19,TRBJ2-3,viral
CASSSGAGEANEQYF,TRBV25-1,TRBJ2-7,viral
CASSSGAGLDEQFF,TRBV2-1,TRBJ2-1-1,viral
CASSSGATGANVLTF,TRBV27,,viral
CASSSGDETQYF,TRBV6-5,TRBJ2-5,viral
CASSSGDTGDTEAFF,TRBV7-6,TRBJ1-1,viral
CASSSGDTYYEQYF,TRBV7-9,TRBJ2-7,viral
CASSSGELSAGELF,TRBV9,TRBJ2-2,viral
CASSSGERETQYF,TRBV6-2,TRBJ2-5,bacterial
CASSSGFVGPYQPQHF,TRBV7-3,TRBJ1-5,viral
CASSSGGAFYEQYF,TRBV6,TRBJ2-7,cancer
CASSSGGLFTQYF,TRBV6-2,TRBJ2-3,bacterial
CASSSGGLSSGNTIYF,TRBV9,TRBJ1-3,viral
CASSSGGNEQFF,TRBV6-5,TRBJ2-1,viral
CASSSGGPRAEQFF,TRBV7-9,TRBJ2-1,viral
CASSSGGTEAFF,TRBV20-1,TRBJ2-1,viral
CASSSGGVYEQYF,TRBV27,TRBJ2-7,viral
CASSSGIGDTQYF,TRBV12,TRBJ2-3,cancer
CASSSGIGYEQYF,TRBV7-7,TRBJ2-7,viral
CASSSGIPKYNEQFF,TRBV6-1/6-5/6-6,TRBJ2-1,viral
CASSSGLAKGEQYF,TRBV7-7,TRBJ2-7,viral
CASSSGLATGSYEQYF,TRBV7-8,TRBJ2-7,viral
CASSSGLGGPETQYF,TRBV7-8,TRBJ2-5,viral
CASSSGLLMGSPLHF,TRBV7-2,TRBJ1-6,viral
CASSSGLLSNTGELF,TRBV1-1,TRBJ2-2,viral
CASSSGLQETQYF,TRBV7-8,TRBJ2-5,viral
CASSSGLTNTEAFF,TRBV6-1/6-5/6-6,TRBJ1-1,viral
CASSSGLYSVF,TRBV28,TRBJ2-1,cancer
CASSSGNGNSPLHF,TRBV03,TRBJ01-6,autoimmune
CASSSGNNEQFF,TRBV19,TRBJ2-1,viral
CASSSGNTGELFF,TRBV6-4,TRBJ2-2,bacterial
CASSSGPADTQYF,TRBV5-1,TRBJ2-3,cancer
CASSSGPAEQFF,TRBV7-3,TRBJ2-1,viral
CASSSGPAYEQYF,TRBV6-5,TRBJ2-7,viral
CASSSGQEAF,TRBV27,TRBJ1-1,viral
CASSSGQEKLFF,TRBV7-9,TRBJ1-4,viral
CASSSGQGAAGYTF,TRBV7-8,TRBJ1-2,viral
CASSSGQGLNIQYF,TRBV4,TRBJ2-4,cancer
CASSSGQGWDTQYF,TRBV11-2,TRBJ2-3,cancer
CASSSGQGYEQYF,TRBV7-9,TRBJ2-7,viral
CASSSGQHNSPLHF,TRBV6-1/6-5/6-6,TRBJ1-6,viral
CASSSGQKNEKLFF,TRBV6-1/6-5/6-6,TRBJ1-4,viral
CASSSGQKNTEAFF,TRBV6-1/6-5/6-6,TRBJ1-1,viral
CASSSGQLSNTGELF,TRBV9,TRBJ2-2,viral
CASSSGQMYEQYF,TRBV7-7,TRBJ2-7,viral
CASSSGQNYGYTF,TRBV7-9,TRBJ1-2,viral
CASSSGQPNTEAFF,TRBV7-8,TRBJ1-1,viral
CASSSGQRNSPLHF,TRBV28,TRBJ1-6,viral
CASSSGQSYEQYF,TRBV7-2,TRBJ2-7,viral
CASSSGQVNNEQFF,TRBV7-9,TRBJ2-1,viral
CASSSGRASGANVLTF,TRBV7-9,TRBJ2-6,viral
CASSSGRDSAANVLTF,TRBV7-9,TRBJ2-6,viral
CASSSGRDSGANVLTF,TRBV7-9,TRBJ2-6,viral
CASSSGRDSGANVLTL,TRBV7-9,TRBJ2-6,viral
CASSSGRDTGELF,TRBV6-2/TRBV6-3,TRBJ2-2,cancer
CASSSGRGGTEAFF,TRBV7-2,TRBJ1-1,viral
CASSSGRGLVQYF,TRBV7-9,TRBJ2-7,viral
CASSSGRNTEAFF,TRBV6-2/6-3,TRBJ1-1,viral
CASSSGRTAFYEQYF,TRBV6-1,TRBJ2-7,viral
CASSSGRVYEQYF,TRBV7-2,TRBJ2-7,viral
CASSSGSFYEQYF,TRBV7-8,TRBJ2-7,viral
CASSSGSGGYYNEQF,TRBV27,TRBJ2-1,viral
CASSSGSPGSYGYTF,TRBV6-1,TRBJ1-2,viral
CASSSGSSYNEQFF,TRBV7-9,TRBJ2-1,viral
CASSSGSTSYNEQF,TRBV7-6,TRBJ2-1,autoimmune
CASSSGSYEQYF,TRBV7-9,TRBJ2-7,viral
CASSSGSYGYTF,TRBV19,TRBJ2-7,viral
CASSSGTFYGYTF,TRBV12-5,TRBJ1-2,viral
CASSSGTGDTDTQYF,TRBV6-2,TRBJ2-3,bacterial
CASSSGTGDYEQYF,TRBV7-6,TRBJ2-7,viral
CASSSGTGHTGELFF,TRBV13,TRBJ1-2,viral
CASSSGTGNSGELFF,TRBV7-8,TRBJ2-2,viral
CASSSGTIGANVLTF,TRBV27,,viral
CASSSGTINTGELF,TRBV9,,viral
CASSSGTNNEQFF,TRBV4-1,TRBJ2-1,viral
CASSSGTPNEQFF,TRBV6-4,TRBJ2-1,bacterial
CASSSGTSGETQYF,TRBV7-2,TRBJ2-5,viral
CASSSGTSGSSYEQYF,TRBV7-9,TRBJ2-7,viral
CASSSGTSGSVETQYF,TRBV7-9,TRBJ2-5,viral
CASSSGTSGYEQYF,TRBV5-7,TRBJ2-7,viral
CASSSGTSGYYNEQF,TRBV27,TRBJ2-1,viral
CASSSGTSQISGANVLTF,TRBV7-8,TRBJ2-6,viral
CASSSGTSSYEQYF,TRBV6-2,TRBJ2-7,bacterial
CASSSGTSVNDEQFF,TRBV7-9,TRBJ2-1,viral
CASSSGTTYEQYF,,TRBJ2-7,autoimmune
CASSSGTVNTGELF,TRBV2,,viral
CASSSGTVSYEQYF,TRBV18,TRBJ2-7,viral
CASSSGVSGANVLTF,TRBV27,,viral
CASSSGWGVGAFF,TRBV5-1,TRBJ2-7,viral
CASSSGYGYTF,TRBV5-1,TRBJ1-2,viral
CASSSHDKQGARSPLHF,TRBV27,TRBJ1-6,viral
CASSSHDKTGSGSPLHF,TRBV7-9,TRBJ1-6,viral
CASSSHDLAGVKSEQF,TRBV27,TRBJ2-1,viral
CASSSHDLQGFNSPLHF,TRBV7-9,TRBJ1-6,viral
CASSSHDLRGAASPLHF,TRBV7-9,TRBJ1-6,viral
CASSSHDLTGMNTEAFF,TRBV7-9,TRBJ1-1,viral
CASSSHDMGGGRSPLHF,TRBV7-9,TRBJ1-6,viral
CASSSHDREGVSSPLHF,TRBV7-9,TRBJ1-6,viral
CASSSHDSRGSGSPLHF,TRBV7-9,TRBJ1-6,viral
CASSSHDWTGMNTEAFF,TRBV7-9,TRBJ1-1,viral
CASSSHDWTGSNSPLHF,TRBV7-9,TRBJ1-6,viral
CASSSHDWTGVDSPLHF,TRBV7-9,TRBJ1-6,viral
CASSSHEDRGSSSPLHF,TRBV27,TRBJ1-6,viral
CASSSHEGGGASSPLHF,TRBV7-9,TRBJ1-6,viral
CASSSHEREGQGSPLHF,TRBV7-9,TRBJ1-6,viral
CASSSHETEGQNSPLHF,TRBV7-9,TRBJ1-6,viral
CASSSHETGGARSPLHF,TRBV7-9,TRBJ1-6,viral
CASSSHETGGISSPLHF,TRBV7-9,TRBJ1-6,viral
CASSSHHGSPLGQYF,TRBV19,,viral
CASSSHPGTSYEQYF,TRBV4-1,TRBJ2-7,viral
CASSSHRGEGAFF,TRBV7-9,TRBJ1-1,viral
CASSSHYRGPYEQYF,TRBV4-3,TRBJ2-7,viral
CASSSIAGPIEQFF,TRBV7-9,TRBJ2-1,viral
CASSSIATGANVLTF,TRBV27,,viral
CASSSIDGDNYGYTF,TRBV7-9,TRBJ1-2,viral
CASSSIDRAYGYTF,TRBV7-9,TRBJ1-2,viral
CASSSIFPGELFF,TRBV27,TRBJ2-2,viral
CASSSIGAGGANVLTF,TRBV27,TRBJ2-6,autoimmune
CASSSIGQGTNSPLHF,TRBV7-9,TRBJ1-6,viral
CASSSIIGPGDEQFF,TRBV7-8,TRBJ2-1,viral
CASSSIPGGPTSGNTIYF,TRBV7-6,TRBJ1-3,viral
CASSSIQGAAGELF,TRBV7,TRBJ2-2,viral
CASSSIQGLGKTQYF,TRBV5-5,TRBJ2-5,autoimmune
CASSSIQTESNYGYTF,TRBV7-9,TRBJ1-2,viral
CASSSISSGTDTQYF,TRBV7-9,TRBJ2-3,viral
CASSSIVETGYTF,TRBV25-1,TRBJ1-2,bacterial
CASSSIWTSGREETQYF,TRBV7-8,TRBJ2-5,viral
CASSSKDGQSQY,TRBV7-9,TRBJ2-3,viral
CASSSKDRSSTYEQYF,TRBV7-2,TRBJ2-7,viral
CASSSKGLVESTTEQFF,TRBV7-9,TRBJ2-1,viral
CASSSKLADQETQYF,TRBV7-9,TRBJ2-5,viral
CASSSKMGQEIF,TRBV7-8,TRBJ1-3,viral
CASSSKPYEQYF,TRBV7-9,TRBJ2-7,viral
CASSSKRDRRTDTQYF,TRBV11-1,TRBJ2-3,viral
CASSSKRGPYNEQFF,TRBV7-8,TRBJ2-1,viral
CASSSKTGAYEQYF,TRBV27,TRBJ2-7,viral
CASSSKTGELF,TRBV27,TRBJ2-2,viral
CASSSLADQETQYF,TRBV12-3,TRBJ2-5,viral
CASSSLAGDLGEQYF,TRBV7-6,TRBJ2-7,viral
CASSSLAGELFF,TRBV27,TRBJ2-2,viral
CASSSLAGGKWNEQFF,TRBV27,TRBJ2-1,viral
CASSSLAGQIDEQFF,TRBV11-2,TRBJ2-1,cancer
CASSSLAGVLETQYF,TRBV7-9,TRBJ2-5,viral
CASSSLDTEAF,TRBV29-1,TRBJ1-1,viral
CASSSLERGWETQYF,TRBV4-1,TRBJ2-5,viral
CASSSLGDTTRNF,TRBV7-8,TRBJ2-7,viral
CASSSLGGAAYEQYF,TRBV7-8,TRBJ2-7,viral
CASSSLGGAGTGELF,TRBV13,TRBJ2-2,viral
CASSSLGGDEQFF,TRBV7-2,TRBJ2-1,viral
CASSSLGGKNYGYTF,TRBV6-2,TRBJ1-2,viral
CASSSLGGQETQYF,,TRBJ2-5,autoimmune
CASSSLGLGPPSTDTQYF,TRBV27,TRBJ2-3,viral
CASSSLGPPGEQY,TRBV6-1,TRBJ2-7,viral
CASSSLGQGAPEAF,TRBV3-1,TRBJ1-1,viral
CASSSLGQGDTEAFF,TRBV7-9,TRBJ1-1,viral
CASSSLGQLETQYF,TRBV7-8,TRBJ2-5,viral
CASSSLGTEAFF,TRBV27,TRBJ1-1,viral
CASSSLGTGGSRETQYF,,TRBJ2-5,autoimmune
CASSSLGTRSPLHF,TRBV4-1,TRBJ1-6,viral
CASSSLGVPYYEQYF,TRBV19,TRBJ2-7,cancer
CASSSLIRGLGNQPQHF,TRBV28,TRBJ1-5,viral
CASSSLLTGSSYNSPLHF,TRBV7-2,TRBJ1-6,viral
CASSSLNSNQPQHF,TRBV28,TRBJ1-5,viral
CASSSLNTEAF,TRBV27,TRBJ1-1,viral
CASSSLQGAFADTQYF,TRBV5-1,TRBJ2-3,cancer
CASSSLQGELFF,TRBV27,TRBJ2-2,viral
CASSSLRDYRPGQFF,TRBV7-6,TRBJ2-1,viral
CASSSLRGGGAPDTQYF,TRBV11-2,TRBJ2-3,bacterial
CASSSLRTPNSPLHF,TRBV28,TRBJ1-6,cancer
CASSSLRVETQYF,TRBV7-8,TRBJ2-5,viral
CASSSLSADTQYF,TRBV7-2,TRBJ2-3,viral
CASSSLSGLYEQYF,TRBV7-2,TRBJ2-7,viral
CASSSLSGYNEQFF,TRBV7-6,TRBJ2-1,viral
CASSSLSTEAF,TRBV27,TRBJ1-1,viral
CASSSLTGAQSRRGTDTQYF,TRBV6-1/6-5/6-6,TRBJ2-3,viral
CASSSLTSGRQETQYF,,TRBJ2-5,autoimmune
CASSSLTVLLGGNTIYF,TRBV07-9,TRBJ01-3,autoimmune
CASSSLVGRDTEAFF,TRBV4-1,TRBJ1-1,viral
CASSSLVNTGELF,TRBV6-5,TRBJ2-1,viral
CASSSLYGDTGELF,TRBV6-5,TRBJ2-2,viral
CASSSMGGGTDTQYF,TRBV7-6,TRBJ2-3,viral
CASSSNAYNEQFF,TRBV7-6,TRBJ2-1,viral
CASSSNDANSPLHF,TRBV19,TRBJ1-6,autoimmune
CASSSNIGGSPLHF,TRBV7-2,,viral
CASSSNIIRGSSYEQYF,TRBV5-4,TRBJ2-7,viral
CASSSNQGAGGNQPQHF,TRBV7-8,TRBJ1-5,viral
CASSSNQGATQYF,TRBV7,TRBJ2-3,viral
CASSSNQGHNYGYTF,TRBV27,TRBJ1-2,viral
CASSSNRAGELFF,TRBV7-7,TRBJ2-2,viral
CASSSNRGKETQYF,TRBV7-2,TRBJ2-5,viral
CASSSPDRTYGYT,TRBV5-1,TRBJ1-2,viral
CASSSPEPNTEAFF,TRBV6-2/6-3,TRBJ1-1,viral
CASSSPESGLDEQYF,TRBV7-8,TRBJ2-7,viral
CASSSPGENYNEQFF,TRBV7-2,TRBJ2-5,viral
CASSSPGGVTEAF,TRBV6-6,TRBJ1-1,viral
CASSSPGQAYNEQFF,TRBV19,TRBJ2-1,autoimmune
CASSSPGQFATNEKLFF,TRBV5-8,TRBJ1-4,viral
CASSSPGQGFHEQYF,TRBV7-9,TRBJ2-7,viral
CASSSPGQGNYEQYF,,,viral
CASSSPGQGYGYTF,TRBV28,TRBJ1-2,viral
CASSSPGQRAYEQYF,TRBV7-9,TRBJ2-7,viral
CASSSPGTGLNTIYF,TRBV5-1,TRBJ1-3,autoimmune
CASSSPGTGSWGYTF,TRBV12-3,TRBJ1-2,cancer
CASSSPHRGRFEQYF,TRBV7-6,TRBJ2-7,viral
CASSSPKGAKYEQYF,TRBV28,TRBJ2-7,viral
CASSSPLGTSFQVEKLFF,TRBV9,TRBJ1-4,viral
CASSSPLIAGATDTQYF,TRBV7-8,TRBJ2-3,viral
CASSSPLIAGATTDTQYF,TRBV7-8,TRBJ2-3,viral
CASSSPLIAGTIDTQYF,TRBV7-8,TRBJ2-3,viral
CASSSPLLSSDTQYF,TRBV7-2,TRBJ2-3,viral
CASSSPNTEAF,TRBV27,TRBJ1-1,viral
CASSSPPAEQFF,TRBV27,TRBJ2-1,cancer
CASSSPPDRGPNTGELFF,TRBV7-9,TRBJ2-2,viral
CASSSPPGSGYTF,TRBV7-8,TRBJ1-2,viral
CASSSPPGTGGYYEQYF,TRBV25-1,TRBJ2-7,bacterial
CASSSPPGVVEQYF,TRBV7-9,TRBJ2-7,viral
CASSSPPVGGGNEQFF,TRBV28,TRBJ2-1,viral
CASSSPQAYNEQFF,TRBV7-6,TRBJ2-1,viral
CASSSPQGGLLDSPLHF,TRBV6-1/6-5/6-6,TRBJ1-6,viral
CASSSPQGNYEQYF,TRBV7-9,TRBJ2-7,viral
CASSSPQRATDTQYF,TRBV12-3,TRBJ2-3,viral
CASSSPRDLSSPLHF,TRBV7-9,TRBJ1-6,viral
CASSSPRESTDTQYF,TRBV27,TRBJ2-3,viral
CASSSPRIAGVDEQFF,TRBV7-9,TRBJ2-1,viral
CASSSPRLAGGPSGTGELF,TRBV6-5,TRBJ2-2,viral
CASSSPSGVSTDTQYF,TRBV7-8,TRBJ2-3,viral
CASSSPTERGQPQHF,TRBV18,TRBJ1-5,autoimmune
CASSSPTGAEGNTEAFF,TRBV7-9,TRBJ1-1,viral
CASSSPTGQGYTF,TRBV6-1/6-5/6-6,TRBJ1-2,viral
CASSSPTGTGGNEQYF,TRBV4-2,TRBJ2-7,bacterial
CASSSPTSGDYEQYF,TRBV2-1,TRBJ2-7-1,viral
CASSSPVGANVLTF,TRBV7-6,TRBJ2-6,viral
CASSSPWGDATEAFF,TRBV28,TRBJ1-1,viral
CASSSPYLGEQYF,TRBV7-9,TRBJ2-5,viral
CASSSQEGIEAFF,TRBV6-5,TRBJ1-1,viral
CASSSQETQYF,TRBV2,TRBJ2-5,cancer
CASSSQGASEQFF,TRBV7-9,TRBJ2-1,viral
CASSSQGAYGYTF,TRBV7-2,TRBJ1-2,viral
CASSSQGLHEQFF,TRBV7-6,TRBJ2-1,viral
CASSSQGLSTEAFF,TRBV12-4,TRBJ1-1,viral
CASSSQGNQPQHF,TRBV7-2,TRBJ1-5,viral
CASSSQLWREEIEQFF,TRBV7-2,TRBJ2-1,viral
CASSSQQGGGYTF,TRBV7-7,TRBJ1-2,viral
CASSSQRESSDTQYF,TRBV7-2,TRBJ2-3,viral
CASSSQSNQPQHF,TRBV2-1,TRBJ1-5-1,viral
CASSSQTARVGGYTF,TRBV7-2,TRBJ1-2,viral
CASSSQTGERKTQYF,TRBV7-2,TRBJ2-5,viral
CASSSQTSGLFANTGELF,TRBV12-3/4,TRBJ1-3,viral
CASSSQVALAMRAYNEQFF,TRBV28,TRBJ2-1,autoimmune
CASSSQVPTDTQYF,TRBV7-9,TRBJ2-3,viral
CASSSRAAQQYF,TRBV9,TRBJ2-7,viral
CASSSRAGGGEQYF,TRBV6-2/6-3,TRBJ2-7,viral
CASSSRASYEQYF,TRBV19,TRBJ2-7,viral
CASSSRATGELFF,TRBV1-1,TRBJ2-2-1,viral
CASSSRAVDEQYF,TRBV19,TRBJ2-7,viral
CASSSRDFGNTEAFF,TRBV7-9,TRBJ1-1,viral
CASSSRDGQEQY,TRBV7-9,TRBJ2-7,viral
CASSSRDIGFYEQYF,TRBV7-9,TRBJ2-7,viral
CASSSRDKPQETQYF,TRBV3-1,TRBJ1-6,viral
CASSSRDPGGEETQYF,TRBV7-8,TRBJ2-5,viral
CASSSRDRGAYEQYF,TRBV27,TRBJ2-7,viral
CASSSRDRGHYEQYF,TRBV7-9,TRBJ2-7,viral
CASSSRDRGYEQYF,TRBV11-2,TRBJ02-7,autoimmune
CASSSRDRVAHEQYF,TRBV7-9,TRBJ2-7,viral
CASSSRDSYSEQYF,TRBV6-6,TRBJ2-7,bacterial
CASSSRDWGTYEQYF,TRBV7-9,TRBJ2-7,viral
CASSSREVTGELF,TRBV5-1,TRBJ2-2,viral
CASSSRFEGAFEMEQFF,TRBV7-9,TRBJ2-1,viral
CASSSRGDSWAETQYF,TRBV5-6,TRBJ2-5,viral
CASSSRGGQEQY,TRBV7-9,TRBJ2-7,viral
CASSSRGNYEQFF,TRBV7-9,TRBJ2-1,viral
CASSSRGQLDTQYF,TRBV11-2,TRBJ2-3,viral
CASSSRGTVNTEAFF,TRBV7-2,TRBJ1-1,viral
CASSSRGTYEQYF,TRBV7-8,TRBJ2-7,viral
CASSSRIGTYGYTF,TRBV7-9,TRBJ1-2,viral
CASSSRLADEQFF,TRBV7-6,TRBJ2-1,viral
CASSSRLAGGSETQYF,,TRBJ2-5,autoimmune
CASSSRLAGGTDTQYF,,TRBJ2-3,autoimmune
CASSSRLAGYNEQFF,TRBV7-9,TRBJ2-1,viral
CASSSRNTGELFF,TRBV7-9,TRBJ2-2,viral
CASSSRPFWDRAMEGANVLTF,TRBV6-5,TRBJ2-6,viral
CASSSRPGELFF,TRBV6-5,TRBJ2-2,viral
CASSSRPGLDSLDEQFF,TRBV11-2,TRBJ2-1,autoimmune
CASSSRQGAANEKLFF,TRBV1-1,TRBJ1-4-1,viral
CASSSRQGALRETQYF,TRBV6-1,TRBJ2-5,autoimmune
CASSSRQGDNEQFF,TRBV28,TRBJ2-1,autoimmune
CASSSRQGFTTGELFF,TRBV7-9,TRBJ2-2,viral
CASSSRQGGTGELF,TRBV5-1,TRBJ2-2,viral
CASSSRQGGVNTEAFF,TRBV7-6,TRBJ1-1,viral
CASSSRQGKEAF,TRBV7-9,TRBJ1-1,viral
CASSSRQGKEQY,TRBV7-9,TRBJ2-7,viral
CASSSRQGNLIDEQFF,TRBV9,TRBJ2-1,viral
CASSSRQGNLIDEQYF,TRBV9,TRBJ2-7,viral
CASSSRQGPTGELFF,TRBV7-8,TRBJ2-2,viral
CASSSRQNYGYTF,TRBV19,TRBJ1-2,viral
CASSSRQSKEAF,TRBV7-9,TRBJ1-1,viral
CASSSRRREWTGGYDEAFF,TRBV7-2,TRBJ1-1,viral
CASSSRSAGELFF,TRBV1-1,TRBJ2-2-1,viral
CASSSRSAIEQFF,TRBV19-1,TRBJ2-1-1,viral
CASSSRSANEQFF,TRBV19-2,TRBJ2-1-1,viral
CASSSRSAYEQYF,TRBV1-1,TRBJ2-7-1,viral
CASSSRSGEKLF,TRBV19,TRBJ2-7,viral
CASSSRSGETQYF,TRBV19,TRBJ2-5,viral
CASSSRSGHEQYF,TRBV19,TRBJ2-7,viral
CASSSRSGIEQFF,TRBV19,TRBJ2-1,viral
CASSSRSGNEKLFF,TRBV19-2,TRBJ1-4-1,viral
CASSSRSGVEQYF,TRBV19,TRBJ2-7,viral
CASSSRSGYEQYF,TRBV19,TRBJ2-7,viral
CASSSRSPYEQYF,TRBV19-5,TRBJ2-7-1,viral
CASSSRSRQYRGSSYEQYF,TRBV5-1,TRBJ2-7-1,viral
CASSSRSSGEQYF,TRBV19,TRBJ2-7,viral
CASSSRSTDTQYF,TRBV1-1,TRBJ2-3-1,viral
CASSSRSTGELFF,TRBV19,,viral
CASSSRTDLLTQYF,TRBV14,TRBJ2-3,viral
CASSSRTGAQETQYF,TRBV7-6,TRBJ2-5,viral
CASSSRTGDTQYF,TRBV9,TRBJ2-3,viral
CASSSRTGELF,TRBV27,TRBJ2-2,viral
CASSSRTGGEQYF,TRBV7-9,TRBJ2-7,viral
CASSSRTGGRNTEAFF,TRBV3-1,TRBJ1-1,viral
CASSSRTGGYGYTF,TRBV19,TRBJ1-2,viral
CASSSRTRYNEQFF,TRBV19,TRBJ2-1,viral
CASSSRTSGINEQFF,TRBV5-4,,viral
CASSSRTVSGDTQYF,TRBV11-2,TRBJ2-3,autoimmune
CASSSRVSTDTQYF,TRBV7-9,TRBJ2-3,viral
CASSSRWVGGSSYEQYF,TRBV7-8,TRBJ2-7,viral
CASSSRYEQYF,TRBV11-2,TRBJ2-7,bacterial
CASSSSASGRALYEQYF,TRBV28,TRBJ2-7,viral
CASSSSEDAPGLATDTQYF,TRBV5-1,TRBJ2-3,viral
CASSSSERAQGPDTQYF,TRBV3-1/3-2,TRBJ2-3,viral
CASSSSFLADEQF,TRBV27,TRBJ2-1,cancer
CASSSSGDNQPQHF,TRBV7-8,TRBJ1-5,viral
CASSSSGGAGDTQYF,TRBV28,TRBJ2-3,viral
CASSSSGGEYNEQFF,TRBV7-2,,viral
CASSSSGGVSSYEQYF,TRBV7-8,TRBJ2-7,viral
CASSSSGKADTQYF,TRBV7-6,TRBJ2-3,viral
CASSSSGPRDEQF,TRBV7,TRBJ2-1,cancer
CASSSSGQLDEQF,TRBV11-2,TRBJ2-1,viral
CASSSSGQVYEQYF,TRBV7-9,TRBJ2-7,viral
CASSSSGRDYEQYF,TRBV2-1,TRBJ2-7-1,viral
CASSSSGTAYGYTF,TRBV6-2,TRBJ1-2,viral
CASSSSGTGAYEQYF,TRBV7-9,TRBJ2-7,viral
CASSSSGTGLYGYTF,TRBV7-2,TRBJ1-2,autoimmune
CASSSSGTQISEQFF,TRBV6-2,TRBJ2-1,bacterial
CASSSSGTSGYEQYF,TRBV7-8,TRBJ2-7,viral
CASSSSGTSVPDTQYF,TRBV7-6,TRBJ2-3,viral
CASSSSGVGNEF,TRBV12,TRBJ2-1,cancer
CASSSSGYNEQFF,TRBV7-8,TRBJ2-1,viral
CASSSSHEQFF,TRBV13,TRBJ2-1,autoimmune
CASSSSIFRSYNEQFF,TRBV7-6,TRBJ2-1,viral
CASSSSLFYEQYF,TRBV7-9,TRBJ2-7,viral
CASSSSMESGNTIYF,,TRBJ1-3,viral
CASSSSNNEQFF,TRBV7-8,TRBJ2-1,viral
CASSSSNQPQHF,TRBV12-3,TRBJ1-5,viral
CASSSSPDAGEQYF,TRBV6-1/6-5/6-6,TRBJ2-7,viral
CASSSSPTLPPDTQYF,TRBV27,TRBJ2-3,viral
CASSSSQADEQFF,TRBV7-9,TRBJ2-1,viral
CASSSSQADEQYF,TRBV7-9,TRBJ2-7,viral
CASSSSRGGASEQYF,TRBV7-9,TRBJ2-7,viral
CASSSSRTGFIYNEQFF,TRBV7-9,TRBJ2-1,viral
CASSSSRVGRETQYF,TRBV28,TRBJ2-5,viral
CASSSSSEGSQETQYF,TRBV5-1,TRBJ2-5,viral
CASSSSSGEQFF,TRBV7-9,TRBJ2-1,viral
CASSSSSGRFDEQYF,TRBV7-2,TRBJ2-7,viral
CASSSSSGRTTDTQYF,TRBV7-3,TRBJ2-3,viral
CASSSSSNPGPPLHF,TRBV6,TRBJ1-6,cancer
CASSSSSQGAQETQYF,TRBV5-1,TRBJ2-5,viral
CASSSSSVNEQFF,TRBV6-5,TRBJ2-1,viral
CASSSSSWDRPQHF,TRBV27,TRBJ1-5,viral
CASSSSTEAF,,TRBJ1-1,autoimmune
CASSSSTGDDYTF,TRBV7-3,TRBJ1-2,viral
CASSSSTGQQPQHF,TRBV27,TRBJ1-5,viral
CASSSSTSGNTGELFF,TRBV5-1,TRBJ2-5,viral
CASSSSWEDPNEQFF,TRBV7-3,TRBJ2-1,viral
CASSSSYEQYF,TRBV5-1,TRBJ2-7,viral
CASSSTASRNTGELFF,TRBV7-9,TRBJ2-2,viral
CASSSTATYEQYF,TRBV7-8,TRBJ2-7,viral
CASSSTAYEQYF,TRBV4-3,TRBJ2-7,viral
CASSSTDEATEAFF,TRBV7-6,TRBJ1-1,viral
CASSSTDPGLPYNEQF,,TRBJ2-1,autoimmune
CASSSTDRGGSNEQFF,TRBV7-8,TRBJ2-1,viral
CASSSTDSLWEKLFF,TRBV7-2,TRBJ1-4,viral
CASSSTDSNQPQHF,TRBV25-1,TRBJ1-5,bacterial
CASSSTDTGANVLTF,TRBV27,,viral
CASSSTETGTEAFF,TRBV7-9,TRBJ1-1,viral
CASSSTFGTGGRYEQYF,TRBV7-6,TRBJ2-7,viral
CASSSTGAGTDTQYF,TRBV7-9,TRBJ2-3,viral
CASSSTGASNSPLHF,TRBV5-1,TRBJ1-6,viral
CASSSTGDFSYEQYF,TRBV7-6,TRBJ2-7,viral
CASSSTGEGTDTQDF,TRBV7-9,TRBJ2-3,viral
CASSSTGELFF,TRBV7-6,TRBJ2-2,viral
CASSSTGESYEQYF,TRBV7-2,TRBJ2-7,viral
CASSSTGETQYF,TRBV12-3/12-4,TRBJ2-5,viral
CASSSTGGALDTQYF,TRBV7-2,TRBJ2-3,viral
CASSSTGGDYEQYF,TRBV7-9,TRBJ2-7,viral
CASSSTGGGGAEAF,TRBV7,TRBJ1-1,viral
CASSSTGGGGELFF,,,viral
CASSSTGGVYGYTF,TRBV7-2,TRBJ1-2,viral
CASSSTGIAFF,TRBV7-9,TRBJ1-1,viral
CASSSTGLNTEAFF,TRBV12-3,TRBJ1-1,viral
CASSSTGNTNTGELFF,TRBV7-2,TRBJ2-2,viral
CASSSTGPSGTDTDTQYF,TRBV28,TRBJ2-3,autoimmune
CASSSTGQGAGEQYF,TRBV7-8,TRBJ2-7,viral
CASSSTGTDDTDTQYF,TRBV7-9,TRBJ2-3,viral
CASSSTGTGITGELFF,TRBV7-9,TRBJ2-2,viral
CASSSTGTGVYEQYF,TRBV25-1,TRBJ2-7,bacterial
CASSSTGTLDGYTF,TRBV7-9,TRBJ1-2,viral
CASSSTGYEQYF,TRBV7-9,TRBJ2-7,viral
CASSSTIESYNEQFF,TRBV11-2,TRBJ2-1,bacterial
CASSSTITGMGDSGNTIYF,TRBV7-9,TRBJ1-3,viral
CASSSTITGMGVSGNTIYF,TRBV6-1,TRBJ1-3,viral
CASSSTLAALANYGYTF,TRBV7-9,TRBJ1-2,viral
CASSSTLAGGPYEQF,TRBV12-3,TRBJ2-1,viral
CASSSTLGTQYF,TRBV7-9,TRBJ2-5,viral
CASSSTPLSTDTQYF,TRBV5-1,TRBJ2-3,viral
CASSSTQGAAYGYTF,TRBV27,TRBJ1-2,viral
CASSSTQGRYGYTF,TRBV7-9,TRBJ1-2,viral
CASSSTRGTEAF,TRBV7-2,TRBJ1-1,viral
CASSSTRQGTNEKLFF,TRBV7-9,TRBJ1-4,viral
CASSSTRQSPYNEQF,TRBV5-5,TRBJ2-1,viral
CASSSTSGSYEQYF,TRBV7-9,TRBJ2-7,viral
CASSSTSQGAQEKLFF,TRBV5-1,TRBJ1-4,viral
CASSSTSSTTSYEQYF,TRBV7-9,TRBJ2-7,viral
CASSSTSVQETQYF,TRBV7-8,TRBJ2-5,viral
CASSSTTGNAEQYF,TRBV7-2,TRBJ2-7,viral
CASSSTTGSSYNEQFF,TRBV7-6,TRBJ2-1,viral
CASSSTTSGYEQYF,TRBV7-9,TRBJ2-7,viral
CASSSTWGTGELF,TRBV11-3,TRBJ2-2,viral
CASSSTYEQFF,TRBV7-2,TRBJ2-1,viral
CASSSTYEQYF,TRBV7-8,TRBJ2-7,viral
CASSSVAGGFFSYEQYF,TRBV6-5,TRBJ1-1,viral
CASSSVAGTSYEQYF,TRBV28,TRBJ2-7,autoimmune
CASSSVDRNSYEQYF,TRBV7-9,TRBJ2-7,viral
CASSSVDRSSYEQYF,TRBV7-2,TRBJ1-5,viral
CASSSVFRTGATEAFF,TRBV28-1,TRBJ01-1,autoimmune
CASSSVGPPGELF,TRBV5-5,TRBJ2-2,viral
CASSSVGSPYEQYF,TRBV18,TRBJ2-7,viral
CASSSVLFSDTQYF,TRBV11-2,TRBJ2-3,viral
CASSSVLSYEQYF,TRBV12-3,TRBJ2-7,viral
CASSSVNEQF,TRBV12-3,TRBJ2-1,viral
CASSSVNEQFF,TRBV12-3,TRBJ2-1,viral
CASSSVNEQYF,TRBV12-3,,viral
CASSSVPNNEAFF,TRBV17,TRBJ1-1,viral
CASSSVQGLYYEQYF,TRBV7-9,TRBJ2-7,viral
CASSSVSGGAFNEQFF,TRBV7-8,TRBJ2-1,viral
CASSSVSGGAFNEQYF,TRBV7-8,TRBJ2-5,viral
CASSSVSGYTF,TRBV1-1,TRBJ1-2-1,viral
CASSSVTEAF,TRBV12-4,TRBJ1-1,viral
CASSSVWGQNEKLFF,TRBV7-2,TRBJ1-4,viral
CASSSWADTQYF,TRBV11-3,TRBJ2-3,viral
CASSSWAGNQPQHF,TRBV6-6,TRBJ1-5,viral
CASSSWDTGELF,TRBV7-9,,viral
CASSSWEDTQYF,TRBV11-3,TRBJ2-3,viral
CASSSWEGLDTQY,TRBV7-6,TRBJ2-3,viral
CASSSWNNEQFF,TRBV11-3,TRBJ2-1,viral
CASSSWSSGTDTQYF,,TRBJ2-3,autoimmune
CASSSWTGQDEQF,TRBV7-6,TRBJ2-1,viral
CASSSWTSGYEQYF,TRBV7-2,TRBJ2-7,viral
CASSSYDPGGTGELFF,TRBV13,TRBJ2-2,cancer
CASSSYGAGNNEQFF,TRBV7-3,TRBJ2-1,viral
CASSSYGGSNQPQHF,TRBV6-1,TRBJ1-5,viral
CASSSYGGYEQYF,TRBV7-2,TRBJ2-7,viral
CASSSYLQDRGTGELFF,TRBV6-2,TRBJ2-2,viral
CASSSYSGGNIFHTDTQYF,TRBV7-8,TRBJ2-3,viral
CASSTAFDSSNQPQHF,TRBV19,TRBJ1-5,viral
CASSTAGGTLPGEQYF,TRBV2,TRBJ2-7,viral
CASSTAGIGYNEQFF,TRBV19,TRBJ2-1,viral
CASSTALRTGNYGYTF,TRBV19,TRBJ1-2,viral
CASSTATPNTEAFF,TRBV6-2/6-3,TRBJ1-1,viral
CASSTDRQDIQYF,TRBV25-1,TRBJ2-4,bacterial
CASSTDRVSGELFF,TRBV6-2,TRBJ2-2,bacterial
CASSTDSVDEQF,TRBV5-1,TRBJ2-1,viral
CASSTDTNEQFF,TRBV5-5,TRBJ2-1,viral
CASSTEETQYF,TRBV9,TRBJ1-4,viral
CASSTEGDSSSGANVLTF,TRBV25-1,TRBJ2-6,bacterial
CASSTEGLLSTDTQYF,TRBV7-8,TRBJ2-3,viral
CASSTEMDSSGQPQHF,TRBV19,TRBJ1-5,viral
CASSTENRADTQYF,TRBV7-6,TRBJ2-3,viral
CASSTFGANVLTF,TRBV19,TRBJ2-6,viral
CASSTFGATQEIQYF,TRBV5-1,TRBJ2-5,viral
CASSTFGATQETQYF,TRBV5-1,TRBJ2-5,viral
CASSTGATGSNNEQFF,TRBV6-1,TRBJ2-1,viral
CASSTGAYGYTF,TRBV19,TRBJ1-2,viral
CASSTGDHSNQPQHF,TRBV27,TRBJ1-5,viral
CASSTGDHTGELFF,TRBV19,TRBJ2-2,bacterial
CASSTGDRGLELGNQPQHF,TRBV2,TRBJ1-5,viral
CASSTGHPNTEAFF,TRBV7-8,TRBJ1-1,viral
CASSTGLAGGLETQYF,TRBV9,TRBJ2-5,viral
CASSTGLEQYF,TRBV22,TRBJ2-7,cancer
CASSTGLTEAFF,TRBV7-8,TRBJ1-1,viral
CASSTGLYGYPF,TRBV19-1,TRBJ1-2-1,viral
CASSTGLYGYTF,TRBV19,TRBJ1-2,viral
CASSTGNEQFF,TRBV7-9,TRBJ2-1,viral
CASSTGPSFTGELF,,TRBJ2-2,autoimmune
CASSTGPSYEQYF,TRBV6-2,TRBJ2-7,bacterial
CASSTGQAYEQYF,TRBV7-8,TRBJ2-7,viral
CASSTGQGALSGANVLTF,TRBV19,TRBJ2-6,cancer
CASSTGQGMDTEAFF,TRBV6-5,TRBJ1-1,viral
CASSTGQGSAFF,TRBV7-6,TRBJ1-1,viral
CASSTGQGWGSF,TRBV14,TRBJ1-2,cancer
CASSTGQKNEKLFF,TRBV6-1/6-5/6-6,TRBJ1-4,viral
CASSTGQKNTEAFF,TRBV6-1/6-5/6-6,TRBJ1-1,viral
CASSTGSSYEQYF,TRBV6-5,TRBJ2-7,viral
CASSTGSYGYTF,TRBV19-1,TRBJ1-2-1,viral
CASSTGTAAYEQYF,TRBV6-3,TRBJ2-7,viral
CASSTGTENSPLHF,TRBV6-1,TRBJ1-6,bacterial
CASSTGTGEYQPQHF,TRBV6-5,TRBJ1-5,bacterial
CASSTGTGQPQHF,TRBV25-1,TRBJ1-5,viral
CASSTGTGSAGYTF,TRBV9,TRBJ1-2,viral
CASSTGTGTPYEQYF,TRBV7-8,TRBJ2-7,viral
CASSTGTRQPQHF,TRBV4-1,TRBJ1-5,viral
CASSTGTSGETQYF,TRBV7-8,TRBJ2-5,viral
CASSTGTSNTGELF,TRBV2,,viral
CASSTGTSRVYRSYNEQFF,TRBV7-8,TRBJ2-1,viral
CASSTGTYNEQFF,TRBV6-5,TRBJ2-1,cancer
CASSTGVRSYEQYF,TRBV7-9,TRBJ2-7,viral
CASSTGYMGSNQPQHF,TRBV6-2,TRBJ1-5,viral
CASSTHDRAGANSPLHF,TRBV7-9,TRBJ1-6,viral
CASSTHDRDGGGSAQHF,TRBV7-9,TRBJ1-5,viral
CASSTHSGNEQFF,TRBV19,,viral
CASSTHSSGDYNEQFF,TRBV11-3,TRBJ2-1,bacterial
CASSTHTDTQYF,TRBV4-1,TRBJ2-3,viral
CASSTHTLAEQFF,TRBV17,TRBJ2-1,viral
CASSTIEGQGGRHTQYF,TRBV9-1,TRBJ2-3-1,viral
CASSTIGQGYGYTF,TRBV28,TRBJ1-2,viral
CASSTKDGGTGELFF,TRBV1-1,TRBJ2-2-1,viral
CASSTKEGGTGELFF,TRBV1-1,TRBJ2-2-1,viral
CASSTKVGGTGELFF,TRBV1-1,TRBJ2-2-1,viral
CASSTLAGVHYNEQF,TRBV12-4,TRBJ2-1,viral
CASSTLDRTSGFDTQYF,TRBV7-8,TRBJ2-3,viral
CASSTLDSGGDTQYF,TRBV28,TRBJ2-3,viral
CASSTLGDRGPDGELFF,TRBV7-6,TRBJ2-2,viral
CASSTLGDSREKLF,TRBV9,TRBJ1-4,viral
CASSTLPNMNTEAFF,TRBV5-1,TRBJ1-1,viral
CASSTLPRQGPQETQYF,TRBV14,TRBJ2-5,viral
CASSTLRDSREKLF,TRBV9,TRBJ1-4,viral
CASSTLRLRNIQYF,TRBV12-3,TRBJ2-4,bacterial
CASSTLTGEDSGPQHF,TRBV6-5,TRBJ1-5,viral
CASSTLTGGHQPQHF,TRBV19,TRBJ2-7,viral
CASSTLTSGTYNEQFF,TRBV19,TRBJ2-1,cancer
CASSTLVSGDTQYF,TRBV28,TRBJ2-3,viral
CASSTNNEQF,TRBV5-1,TRBJ2-1,viral
CASSTNREVSEQFF,TRBV25-1,TRBJ2-1,bacterial
CASSTNTEAFF,TRBV17,TRBJ1-1,viral
CASSTPDRHTSGNTIYF,TRBV28,TRBJ1-3,viral
CASSTPGAKLGDTGELFF,TRBV28,,viral
CASSTPGQGAYEQYF,,,viral
CASSTPGTLSVRYGYTF,TRBV28,TRBJ1-2,viral
CASSTPIGGLLDNEQFF,TRBV6-1/6-5/6-6,TRBJ2-1,viral
CASSTPKGGVSYEQYF,TRBV7-6,TRBJ2-7,viral
CASSTPSGLLETQYF,TRBV25-1,TRBJ2-5,bacterial
CASSTPSGTDSSYEQYF,TRBV25-1,TRBJ2-7,bacterial
CASSTPSNNEQFF,TRBV7-3,TRBJ2-1,viral
CASSTPWGGTSGATDTQYF,TRBV7-2,TRBJ2-3,viral
CASSTQAQETQYF,TRBV6-2,TRBJ2-5,viral
CASSTQDLQGARSPLHF,TRBV7-9,TRBJ1-6,viral
CASSTQGGNQPQHF,TRBV27,TRBJ1-5,viral
CASSTQGSQPQHF,TRBV19-1,TRBJ1-5-1,viral
CASSTQLAGATMDTQYF,TRBV7-9,TRBJ2-3,cancer
CASSTRAADTQYF,TRBV19-2,TRBJ2-3-1,viral
CASSTRAAGELF,TRBV19,TRBJ2-7,viral
CASSTRAANEQFF,TRBV19,,viral
CASSTRAAYEQYF,TRBV1-1,TRBJ2-7-1,viral
CASSTRAGETQYF,TRBV19,TRBJ2-7,viral
CASSTRATETQYF,TRBV19,TRBJ2-5,viral
CASSTRATGELFF,TRBV19,TRBJ2-2,viral
CASSTRDRREKTQYF,TRBV6-2,TRBJ2-5,viral
CASSTRDSNTGELFF,TRBV10-1,TRBJ2-1,viral
CASSTRGGWVEAF,TRBV27,TRBJ1-1,viral
CASSTRGREQYF,TRBV23-1,TRBJ2-7,viral
CASSTRGTVYGYTF,TRBV6-1,TRBJ1-2,viral
CASSTRLAGGTDTQYF,,TRBJ2-3,autoimmune
CASSTRPSYEQYF,TRBV19-1,TRBJ2-7-1,viral
CASSTRQGTYGYTF,,TRBJ1-2,autoimmune
CASSTRRSGLTGELFF,TRBV03,TRBJ02-2,autoimmune
CASSTRRYEQYF,TRBV28,TRBJ2-7,cancer
CASSTRSAAPLHF,TRBV19,,viral
CASSTRSADTQYF,TRBV19,TRBJ2-3,viral
CASSTRSAYEQYF,TRBV19,TRBJ2-7,viral
CASSTRSGDTQYF,TRBV19,TRBJ2-7,viral
CASSTRSGETQYF,TRBV19,TRBJ2-5,viral
CASSTRSGTEQYF,TRBV19,TRBJ2-7,viral
CASSTRSGWIQYF,TRBV19,TRBJ2-7,viral
CASSTRSGYEQYF,TRBV19-2,TRBJ2-7-1,viral
CASSTRSQETQYF,TRBV19,TRBJ2-7,viral
CASSTRSSSEQYF,TRBV19,,viral
CASSTRSSSPQHFT,TRBV19,TRBJ2-7,viral
CASSTRSSYEQYF,TRBV19,TRBJ2-7,viral
CASSTRSTDTQYF,TRBV19,TRBJ2-7,viral
CASSTRSTGELFF,TRBV19,TRBJ2-2,viral
CASSTRSTYEQYF,TRBV19,TRBJ2-7,viral
CASSTRTGTGNTGELFF,TRBV4-2,TRBJ2-2,viral
CASSTSEVRGGYTF,TRBV7-2,TRBJ1-2,viral
CASSTSGQISPSAIYF,TRBV2,TRBJ1-3,viral
CASSTSLGGGARQYF,TRBV7-8-3,TRBJ2-7-1,viral
CASSTSLGGGGRQSF,TRBV7-2-1,TRBJ2-7-1,viral
CASSTSLLAGNNEQF,TRBV6-1,TRBJ2-1,viral
CASSTSPDRGNQPQHF,TRBV6-2,TRBJ1-5,bacterial
CASSTSRSGGIDTQYF,TRBV7-9,TRBJ2-3,viral
CASSTSSGNTIYF,TRBV19-1,TRBJ1-3-1,viral
CASSTSSTDTQYF,TRBV19,TRBJ2-7,viral
CASSTSYGYTF,TRBV19,TRBJ1-2,viral
CASSTTGGGTTDTQYF,TRBV9,TRBJ2-3,viral
CASSTTGIYEQYF,TRBV7-6,TRBJ2-7,viral
CASSTTLAGYEQYF,TRBV4-2,TRBJ2-7,viral
CASSTTRESGSPLHF,TRBV7-9,TRBJ1-6,viral
CASSTTSGARIGNEQFF,TRBV7-2,TRBJ2-1,viral
CASSTTSGGVETQYF,TRBV12-3,,viral
CASSTTSGLAKNIQYF,TRBV7-2,TRBJ2-4,viral
CASSTTSGNTGELFF,TRBV9,TRBJ2-2,viral
CASSTTSGRYEQYF,TRBV12-4,TRBJ2-7,viral
CASSTTSSTTSYEQYF,TRBV7-8,TRBJ2-7,viral
CASSTTTGNTEAF,TRBV7-9,TRBJ1-1,viral
CASSTTTYNEQFF,TRBV7-7,TRBJ2-1,viral
CASSTVDPMLSEAFF,TRBV6-2,TRBJ1-1,viral
CASSTVGPYLQETQYF,TRBV7-8,TRBJ2-5,viral
CASSTVNNQPQHF,TRBV7-8,TRBJ1-5,viral
CASSTVSSYEQYF,TRBV7-2,,viral
CASSTWGLPRETQYF,TRBV7-9,TRBJ2-5,cancer
CASSTWSTDTQYF,TRBV19,TRBJ2-7,viral
CASSTWTAPQETQYF,TRBV9,TRBJ2-5,viral
CASSTYANTEAFF,TRBV19,TRBJ1-1,viral
CASSTYQGQQETQYF,TRBV7-9,TRBJ2-5,viral
CASSTYSGQSYGYTF,TRBV9-2,TRBJ1-2-1,viral
CASSTYSQDTQYF,TRBV19,TRBJ2-3,viral
CASSTYSTDTQYF,TRBV19,,viral
CASSTYYGQSYGYTF,TRBV9-2,TRBJ1-2-1,viral
CASSVADATREQYF,TRBV25-1,TRBJ2-7,bacterial
CASSVADGGSSYEQYF,TRBV9,TRBJ2-7,viral
CASSVADNPYNEQFF,TRBV27,TRBJ1-1,viral
CASSVADRGFADTQYF,TRBV9,TRBJ2-3,viral
CASSVAELAGGTDTQYF,TRBV1-1,TRBJ2-3,viral
CASSVAGGAYEQYF,TRBV9,TRBJ2-7,viral
CASSVAGGDEQFF,TRBV9-1,TRBJ2-1-1,viral
CASSVAGGQVTDTQYF,TRBV9,TRBJ2-3,viral
CASSVAGLAGGNPNEQFF,TRBV9,TRBJ2-1,viral
CASSVAGSATGELF,TRBV6-1,TRBJ2-2,viral
CASSVAGSVRNEQFF,TRBV7-3,TRBJ2-1,viral
CASSVAGTPNTEAFF,TRBV7-2,TRBJ1-1,viral
CASSVAHVDEQF,TRBV9,TRBJ2-1,cancer
CASSVAISGEETQYF,TRBV9,TRBJ2-5,cancer
CASSVALGLNYEQYF,TRBV9,TRBJ2-7,viral
CASSVALGVDGTDTQYF,TRBV9,TRBJ2-3,viral
CASSVALQGVHTQYF,TRBV9,TRBJ2-3,bacterial
CASSVAPGRDGYTF,TRBV12-4,TRBJ1-2,viral
CASSVAQLAGGTDTQYF,TRBV9-1,TRBJ2-3-1,viral
CASSVAQVDEQFF,TRBV9,TRBJ2-5,viral
CASSVASGGADEQFF,TRBV6-4,TRBJ2-1,bacterial
CASSVASGRAHEQYF,TRBV9-1,TRBJ2-7-1,viral
CASSVATDEQFF,TRBV25-1,TRBJ2-1,viral
CASSVATEGYEQYF,TRBV9,TRBJ2-7,viral
CASSVAWDGNQPQHF,,TRBJ1-5,autoimmune
CASSVAYRTPEQFF,TRBV9,TRBJ2-1,autoimmune
CASSVDAGGAGELF,TRBV9,TRBJ2-2,cancer
CASSVDAGGYNEQFF,TRBV7-3-1,TRBJ2-7-1,viral
CASSVDGGGGGYNEQFF,TRBV9,TRBJ2-1,viral
CASSVDGGGTEAFF,TRBV9,TRBJ1-1,viral
CASSVDGSGVTYEQYF,TRBV9,TRBJ2-7,viral
CASSVDGTNTEAFF,TRBV9,TRBJ1-1,autoimmune
CASSVDHSTDTQYF,TRBV9,TRBJ2-3,autoimmune
CASSVDKGGADEQF,TRBV9,TRBJ2-1,viral
CASSVDKGGADTQYF,TRBV9,TRBJ2-3,viral
CASSVDKGGPDTQYF,TRBV9,TRBJ2-3,viral
CASSVDKGGTDAQYF,TRBV9,TRBJ2-3,viral
CASSVDKGGTDEQF,TRBV9,TRBJ2-3,viral
CASSVDKGGTDTQYF,TRBV9,TRBJ2-3,viral
CASSVDKGGVDEQF,TRBV9,TRBJ2-3,viral
CASSVDLLAVTQYF,TRBV9,TRBJ2-3,bacterial
CASSVDLSGNEQFF,TRBV09,TRBJ02-1,autoimmune
CASSVDNTGELFF,TRBV6-4,TRBJ2-2,bacterial
CASSVDPAGGSSYEQYF,TRBV9,TRBJ2-7,viral
CASSVDQGTEAFF,TRBV9,TRBJ1-1,viral
CASSVDREGETQYF,TRBV27,TRBJ2-5,viral
CASSVDRGSGEQYF,TRBV25-1,TRBJ2-7,bacterial
CASSVDRQPGNTIYF,TRBV5-1,TRBJ1-3,viral
CASSVDRSNQPQHF,TRBV25-1,TRBJ1-5,bacterial
CASSVDTYTEAFF,TRBV7-6,TRBJ1-1,viral
CASSVDVGGLEAF,TRBV9,TRBJ1-1,cancer
CASSVDVSNEQFF,TRBV9,TRBJ2-1,viral
CASSVEAALNTEAFF,TRBV9,TRBJ1-1,autoimmune
CASSVEASGDEQFF,TRBV9,TRBJ2-1,viral
CASSVEDGTGGYEQYF,TRBV6-1,TRBJ2-7,bacterial
CASSVEDYGSVSYGYTF,TRBV9-1,TRBJ1-2-1,viral
CASSVEGGGAWTDTQYF,TRBV9,TRBJ2-3,cancer
CASSVEGLRVTGELF,TRBV1-1,TRBJ2-2,viral
CASSVEGQGATDTQYF,TRBV9,TRBJ2-3,viral
CASSVEGRGRETQYF,TRBV9,TRBJ2-5,viral
CASSVEGTGVSPLHF,TRBV9,TRBJ1-6,viral
CASSVEGTIHTDTQYF,TRBV9,TRBJ2-3,viral
CASSVEGTILTDTQYF,TRBV9,TRBJ2-3,viral
CASSVEGTSGRSYNEQFF,TRBV9-1,TRBJ2-1-1,viral
CASSVEQGISEAFF,TRBV9,TRBJ1-1,viral
CASSVESGGLSYEQYF,TRBV9,TRBJ2-7,viral
CASSVEVTPYEQYF,TRBV9,TRBJ2-7,viral
CASSVFGDAQDTQYF,TRBV9,TRBJ2-3,viral
CASSVFGGPDQPQHF,TRBV7-2,TRBJ1-5,viral
CASSVGAGVFTDTQYF,TRBV6-1,TRBJ2-3,viral
CASSVGELAGGIDTQYF,TRBV1-1,TRBJ2-3,viral
CASSVGFAGDEAF,TRBV9,TRBJ1-1,cancer
CASSVGGEAYEQYF,TRBV9-1,TRBJ2-7-1,viral
CASSVGGGREQFF,TRBV9,TRBJ2-1,viral
CASSVGGGSGANVLTF,TRBV6-1,TRBJ2-6,bacterial
CASSVGGLADYEQYF,TRBV7-6,TRBJ2-7,viral
CASSVGGLGSTDTQYF,TRBV9,TRBJ2-3,viral
CASSVGGSNQPQHF,TRBV9,TRBJ1-5,viral
CASSVGGVPYNEQFF,TRBV9,TRBJ2-1,viral
CASSVGGVTYNEQFF,TRBV9,TRBJ2-1,viral
CASSVGKHEAFF,TRBV25-1,TRBJ1-1,viral
CASSVGLETGELF,,TRBJ2-2,autoimmune
CASSVGLGLYEQYF,TRBV9,TRBJ2-7,viral
CASSVGLHGQPTNEKLFF,TRBV12-3,TRBJ1-2,viral
CASSVGLPYEQYF,TRBV8,TRBJ2-7,viral
CASSVGLYNEQF,,TRBJ2-1,autoimmune
CASSVGPGNTIYF,TRBV27,TRBJ1-3,viral
CASSVGPNEQF,TRBV12-3/4,TRBJ2-1,viral
CASSVGPQETQYF,TRBV10-2,TRBJ2-5,viral
CASSVGQAAEAF,TRBV9,TRBJ1-1,cancer
CASSVGQDTGELFF,TRBV6-1,TRBJ2-2,bacterial
CASSVGQGKTYEQYF,TRBV4-3,TRBJ2-7,viral
CASSVGQGVTYEQYF,TRBV9,TRBJ2-7,viral
CASSVGQHNEQFF,TRBV6-1,TRBJ2-1,bacterial
CASSVGRFQETQYF,TRBV9,TRBJ2-5,cancer
CASSVGSEAYTYEQYF,TRBV6-1,TRBJ2-7,viral
CASSVGSGTEAFF,TRBV9,TRBJ1-1,viral
CASSVGSYGYTF,TRBV19,TRBJ2-7,viral
CASSVGTSEVDEQFF,TRBV7-8,TRBJ2-1,viral
CASSVGTSGELF,,TRBJ2-2,autoimmune
CASSVGVAEAFF,TRBV19,TRBJ1-1,viral
CASSVGVAGFNEKLFF,TRBV9,TRBJ1-4,viral
CASSVGVEGNTIYF,TRBV6-1,TRBJ1-3,bacterial
CASSVGVSYEQYF,TRBV9,TRBJ2-7,viral
CASSVHDRGLGTEAFF,TRBV7-9,TRBJ1-1,viral
CASSVIGATYEQYF,TRBV6-1,TRBJ2-7,viral
CASSVKAGGNEQYF,TRBV9,TRBJ2-7,viral
CASSVLGGDTEAFF,TRBV6-2,TRBJ1-1,viral
CASSVLGNQPQHF,TRBV7-9,TRBJ1-5,viral
CASSVLGTSGGAEQF,TRBV9,TRBJ2-1,viral
CASSVLGVADTQYF,TRBV9,TRBJ2-3,viral
CASSVLRTSGSYNEQFF,TRBV6-1,TRBJ2-1,viral
CASSVMATDTQYF,TRBV7-2,TRBJ2-3,viral
CASSVNDGVQEDEQYF,TRBV6-1/6-5/6-6,TRBJ2-7,viral
CASSVNPGGNTEAFF,TRBV6-5,TRBJ1-1,viral
CASSVNYSNQPQHF,TRBV12,TRBJ01-5,autoimmune
CASSVPASGGLNYEQYF,TRBV25-1,TRBJ2-7,bacterial
CASSVPGAGEETQYF,,,viral
CASSVPGFVEQFF,TRBV4-1,TRBJ2-1,viral
CASSVPRTDTQYF,TRBV7-9,TRBJ2-5,viral
CASSVQALLAGDWADTQYF,TRBV4-1,TRBJ2-3,viral
CASSVQGAGPRETQYF,,TRBJ2-5,autoimmune
CASSVQGFTEAF,TRBV28,TRBJ1-1,viral
CASSVQGLGQPQHF,TRBV28,TRBJ1-5,cancer
CASSVQGTDTQYF,TRBV25-1,TRBJ2-3,bacterial
CASSVQGYTEAF,TRBV28,TRBJ1-1,viral
CASSVRAAWEQYF,TRBV19,TRBJ2-7,viral
CASSVRAGETQYF,TRBV1-1,TRBJ2-5-1,viral
CASSVRDNQETQYF,TRBV7-9,TRBJ2-5,viral
CASSVRELRIGNQPQHF,TRBV2,TRBJ1-5,viral
CASSVRGNEQFF,TRBV9,TRBJ2-1,viral
CASSVRGQGNYGYTF,TRBV5-4,TRBJ1-2,viral
CASSVRGRGTQTDTQYF,TRBV9,TRBJ2-3,viral
CASSVRGSPLHF,TRBV9-1,TRBJ1-6,viral
CASSVRQEPYNEQF,TRBV7-8,TRBJ2-1,viral
CASSVRQGVTYEQYF,TRBV9,TRBJ2-7,viral
CASSVRSADTQYF,TRBV19,,viral
CASSVRSAYEQYF,TRBV19,TRBJ2-7,viral
CASSVRSGDTQYF,TRBV19,TRBJ2-7,viral
CASSVRSSYEQYF,TRBV19,TRBJ2-7,viral
CASSVRSTDTQYF,TRBV19,,viral
CASSVRSTGALF,TRBV19,TRBJ2-7,viral
CASSVRSTGELFF,TRBV19,,viral
CASSVRSTGGLF,TRBV19,TRBJ2-7,viral
CASSVRTGYTEAFF,TRBV2-1,TRBJ1-1-1,viral
CASSVRTSGSTDTQYF,TRBV4-3,TRBJ2-3,viral
CASSVSAIYNEQF,TRBV6-1,TRBJ2-1,viral
CASSVSDTQYF,TRBV25-1,TRBJ2-3,bacterial
CASSVSGATADTQYF,TRBV9-1,TRBJ2-3-1,viral
CASSVSGGASNEQF,TRBV6,TRBJ2-1,viral
CASSVSGGQVTDTQYF,TRBV9,TRBJ2-3,viral
CASSVSGQSFYNEQFF,TRBV7-6,TRBJ2-1,viral
CASSVSGQTSNEQFF,TRBV09,TRBJ02-1,autoimmune
CASSVSGVYNEQFF,TRBV9,TRBJ2-1,viral
CASSVSLATEAFF,TRBV11,TRBJ01-1,autoimmune
CASSVSLRGAEPSTDTQYF,TRBV9,TRBJ2-3,cancer
CASSVSRAGTGELFF,TRBV29-1,TRBJ2-1,viral
CASSVSRLAGPNTGELFF,TRBV9,TRBJ2-2,viral
CASSVSSGGRGRAFF,TRBV6-4,TRBJ1-1,bacterial
CASSVSSYEQYF,TRBV7-6,TRBJ2-7,viral
CASSVTAGGPFLLYNSPLHF,TRBV18,TRBJ2-2,viral
CASSVTAQETQYF,TRBV6-4,TRBJ2-5,bacterial
CASSVTGDVEKLFF,TRBV6-1,TRBJ1-4,bacterial
CASSVTGGWPYEQYF,TRBV7-2,TRBJ2-7,bacterial
CASSVTGTGIGGYTF,TRBV9,TRBJ1-2,viral
CASSVTGTGKWEQYF,TRBV7-9,TRBJ2-7,viral
CASSVTPSSYNEQFF,TRBV6-4-2,TRBJ2-1-1,viral
CASSVTSATGELF,TRBV28,TRBJ2-2,viral
CASSVTSGDYNEQFF,TRBV6-1,TRBJ2-1,bacterial
CASSVTSGGADTQYF,TRBV6-1,TRBJ2-3,bacterial
CASSVTSGNDEQFF,TRBV9,TRBJ2-1,viral
CASSVTSGPSYNEQFF,TRBV9,TRBJ2-1,viral
CASSVTSPGSCFF,TRBV7-2,TRBJ2-2,viral
CASSVVALSYEQYF,TRBV6-5,TRBJ2-7,viral
CASSVVASSYNEQFF,TRBV9-1,TRBJ2-1-1,viral
CASSVVDSGSNYGYTF,TRBV9,TRBJ1-2,viral
CASSVVDSNEQFF,TRBV9,TRBJ2-1,viral
CASSVVERAFF,TRBV12-3,,viral
CASSVVGAADTQYF,TRBV9,TRBJ2-3,viral
CASSVVGDSRETQYF,TRBV9,TRBJ2-5,viral
CASSVVGGDEQYF,TRBV9,TRBJ2-7,viral
CASSVVGGGAADTQYF,TRBV9,TRBJ2-3,viral
CASSVVGGGAANEQFF,TRBV7-3,TRBJ2-1,viral
CASSVVGGGQGFNEAFF,TRBV9,TRBJ1-1,autoimmune
CASSVVGGNEQFF,TRBV9-1,TRBJ2-1-1,viral
CASSVVGNEQFF,TRBV9,TRBJ2-1,viral
CASSVVGNEQYF,TRBV9,TRBJ2-7,viral
CASSVVGSDEQF,TRBV1-1,TRBJ2-1,viral
CASSVVHGVTYEQYF,TRBV9,TRBJ2-7,viral
CASSVVLAGANEQFF,TRBV6-4,TRBJ2-1,bacterial
CASSVVLEWTGGDGYTF,TRBV9,TRBJ1-2,bacterial
CASSVVNEAFF,TRBV1-1,TRBJ1-1-1,viral
CASSVVNEQF,TRBV12-4,TRBJ2-1,viral
CASSVVPTVGFAGELF,TRBV9,TRBJ2-2,cancer
CASSVVRGNPNEQF,TRBV6-4,TRBJ2-1,viral
CASSVVSGTSGRGNEQFF,TRBV9,TRBJ2-1,viral
CASSVWGDPSYEQYF,TRBV9,TRBJ2-7,viral
CASSVWGHGYTF,TRBV9,TRBJ1-2,cancer
CASSVWGTDTQYF,TRBV7-2,TRBJ2-3,viral
CASSVWTGHDEQFF,TRBV6-4-2,TRBJ2-1-1,viral
CASSVYSNQPQHF,TRBV19,,viral
CASSVYSNQPQHFT,TRBV19,TRBJ2-7,viral
CASSWAAGVDYEQYF,TRBV7-3,TRBJ2-7,viral
CASSWAGEPRDEQYF,TRBV6-1,TRBJ2-7,viral
CASSWAGGPRDEQYF,TRBV6-1,TRBJ2-7,viral
CASSWDGTLGQPQHF,TRBV5-1,TRBJ1-5,cancer
CASSWDKTYEQYF,TRBV5-1,TRBJ2-7,viral
CASSWDRTSYEQYF,TRBV25-1,TRBJ2-7,bacterial
CASSWDSSYEQYF,TRBV7-9,TRBJ2-7,viral
CASSWDSSYNEQFF,TRBV13,TRBJ2-1,viral
CASSWDTPGDEQYF,TRBV7-8,TRBJ2-7,viral
CASSWDYRETQYF,TRBV6-2,TRBJ2-5,bacterial
CASSWEGINYGYTF,TRBV5-1,TRBJ1-2-1,viral
CASSWENNQPQHF,TRBV2,TRBJ1-5,autoimmune
CASSWETETEAFF,TRBV12-3-1,TRBJ1-1-1,viral
CASSWETSGNTGELFF,TRBV6-5,TRBJ2-2,viral
CASSWFGGGARDTQYF,TRBV7-9,TRBJ2-3,viral
CASSWGAGQPQHF,TRBV6-2,TRBJ1-5,viral
CASSWGDSPLHF,TRBV6-5,TRBJ1-6,viral
CASSWGGAYEQYF,TRBV5-4,TRBJ2-7,viral
CASSWGGDTEAF,TRBV13,TRBJ1-1,cancer
CASSWGGTSGNTIYF,TRBV28,TRBJ1-3,cancer
CASSWGINEQFF,TRBV05,TRBJ02-1,autoimmune
CASSWGKITEAFF,TRBV11-2,TRBJ1-1,viral
CASSWGLAGEEQFF,TRBV28,TRBJ2-1,viral
CASSWGLAGESYNEQFF,TRBV7-9,TRBJ2-1,viral
CASSWGLDNEQFF,TRBV7-6,TRBJ2-1,viral
CASSWGLTYEQYF,TRBV12-3,TRBJ2-7,viral
CASSWGNTEAFF,TRBV21,TRBJ01-1,autoimmune
CASSWGPPSEQYF,,TRBJ2-7,autoimmune
CASSWGPTGYTPLHF,TRBV7-2,TRBJ1-6,viral
CASSWGQGDGYTF,TRBV6-2/3,TRBJ1-2,cancer
CASSWGQHNSPLHF,TRBV6-1/6-5/6-6,TRBJ1-6,viral
CASSWGRGGRGNEQFF,TRBV27,TRBJ2-1,viral
CASSWGRIYGYTF,TRBV10-2,TRBJ1-2,viral
CASSWGRTNTEAFF,TRBV12-3,TRBJ1-1,viral
CASSWGRTYEQYF,TRBV7-8,TRBJ2-7,viral
CASSWGSEVVADTQYF,TRBV7-9,TRBJ2-3,viral
CASSWGSGGNQPQHF,TRBV06,TRBJ01-5,autoimmune
CASSWGTANTEAFF,TRBV7-9,TRBJ1-1,viral
CASSWGTELLMNTEAFF,TRBV7-2,TRBJ1-1,viral
CASSWGVGDTGELFF,TRBV6-5,TRBJ2-2,bacterial
CASSWIPGGSEAFF,TRBV20-1,TRBJ2-3,viral
CASSWKQSAGELF,,TRBJ2-2,autoimmune
CASSWKTGTGGTGYTF,TRBV6-1,TRBJ1-2-1,viral
CASSWKTRLAGGPTQYF,TRBV7-2,TRBJ2-5,viral
CASSWLAPSYNEQFF,TRBV27,TRBJ2-1,viral
CASSWLMGTTYNEQF,TRBV27,TRBJ2-1,viral
CASSWMTGEGTEAFF,TRBV5-1,TRBJ1-1,viral
CASSWPGGGARDTQHF,TRBV7-9,TRBJ2-3,viral
CASSWPSGEGEQYF,TRBV5-5,TRBJ2-7,viral
CASSWQGNQPQHF,TRBV12-3,,viral
CASSWQRDNEQFF,TRBV7-6,TRBJ2-1,viral
CASSWRGGDEQYF,TRBV7-2,TRBJ2-7,viral
CASSWRGGNEQFF,TRBV19,TRBJ2-1,autoimmune
CASSWSAGGPYEQYF,TRBV7-3,TRBJ2-7,viral
CASSWSGGAARDTQYF,TRBV7-9,TRBJ2-3,viral
CASSWSGGARDTQYF,TRBV7-9,TRBJ2-3,viral
CASSWSGGGARATQYF,TRBV7-9,TRBJ2-3,viral
CASSWSGGGARDMQYF,TRBV7-9,TRBJ2-3,viral
CASSWSGGGARDTKNF,TRBV7-9,TRBJ2-3,viral
CASSWSGGGARDTQDV,TRBV7-9,TRBJ2-3,viral
CASSWSGGGARDTQHF,TRBV7-9,TRBJ2-3,viral
CASSWSGGGARDTQNF,TRBV7-9,TRBJ2-3,viral
CASSWSGGGARDTQYF,TRBV7-9,TRBJ2-3,viral
CASSWSGGGARVPQYF,TRBV7-9,TRBJ2-3,viral
CASSWSGGGASDTPYF,TRBV7-9,TRBJ2-3,viral
CASSWSGGGGARDTQYF,TRBV7-9,TRBJ2-3,viral
CASSWSGGGPRDTQNF,TRBV7-9,TRBJ2-3,viral
CASSWSGGGTTDTQYF,TRBV7-9,TRBJ2-3,viral
CASSWSGGQRGYT,TRBV7-9,TRBJ1-2,viral
CASSWSGGRASDTQYF,TRBV7-9,TRBJ2-3,viral
CASSWSGRAYEQYF,TRBV7-9,TRBJ2-7,viral
CASSWSGTSYGYTF,TRBV6-6,TRBJ1-2,viral
CASSWSLAGAYEQYF,TRBV5-4,TRBJ2-7,autoimmune
CASSWSQLVHEQF,TRBV28,TRBJ2-1,cancer
CASSWTENTEAFF,TRBV07,TRBJ01-1,autoimmune
CASSWTESDTQYF,TRBV6-5,TRBJ2-3,viral
CASSWTETGELF,TRBV5-5,TRBJ2-1,viral
CASSWTGDNQPQHF,TRBV11-2,TRBJ1-5,viral
CASSWTGGGARDTQYF,TRBV7-9,TRBJ2-3,viral
CASSWTGGSYNEQFF,TRBV7-2,TRBJ2-1,viral
CASSWTGGSYNEQYF,TRBV7-6,TRBJ2-5,viral
CASSWTGGVDTQYF,TRBV7-2,TRBJ2-3,viral
CASSWTGPPGEQF,TRBV5-5,TRBJ2-1,viral
CASSWTGPSYEQYF,TRBV5-1,TRBJ2-7,viral
CASSWTGSNYGYTF,TRBV5-1,TRBJ1-2,cancer
CASSWTGTSGANVLTF,TRBV6-5,TRBJ2-6,bacterial
CASSWTPLGTEAFF,TRBV7-9,TRBJ1-1,viral
CASSWTVGTGANVLTF,TRBV3-1,TRBJ2-6,bacterial
CASSWTVYYEQYF,TRBV6-1,TRBJ2-7,viral
CASSWVGGSNNNEQFF,TRBV07,TRBJ02-1,autoimmune
CASSWVGNEQFF,TRBV4-2,TRBJ2-1,viral
CASSWVGQGAFEAF,TRBV19,TRBJ1-1,cancer
CASSWVGVTDTQYF,TRBV7-8,TRBJ2-3,viral
CASSWVSLDTQYF,TRBV1-1,TRBJ2-3-1,viral
CASSWVVPPNEQFF,TRBV7-3,,viral
CASSWWANTDTQYF,TRBV7-9,TRBJ2-3,viral
CASSYAASGANVLTF,TRBV6-2,TRBJ2-6,bacterial
CASSYANTGWETQYF,TRBV06,TRBJ02-5,autoimmune
CASSYAPEPGELFF,TRBV6-1/6-5/6-6,TRBJ2-2,viral
CASSYAPNNEQFF,TRBV6-1/6-5/6-6,TRBJ2-1,viral
CASSYASGSYEQYF,TRBV6-2,TRBJ2-7,bacterial
CASSYATGIGNYGYTF,TRBV6-5,TRBJ1-2,viral
CASSYATGSGANVLTF,TRBV6-6,TRBJ2-6,viral
CASSYAVGLAVNNEQFF,TRBV6-5,TRBJ2-1,viral
CASSYAYDGSYEQYF,TRBV1-1,TRBJ2-7-1,viral
CASSYDEGASGEQYF,TRBV6-6,TRBJ2-7,bacterial
CASSYDFTDTQYF,TRBV6-2,TRBJ2-3,bacterial
CASSYDRGDYEQYF,TRBV7-9,TRBJ2-7,viral
CASSYDRGYEQYF,TRBV11-2,TRBJ2-7,viral
CASSYDRSYEQYF,TRBV11-2,TRBJ2-7,viral
CASSYDSLYEQYF,TRBV6-2,TRBJ2-7,bacterial
CASSYEAGGVNTGELFF,TRBV6-5,TRBJ2-2,viral
CASSYEDGRYNEQFF,TRBV6-6,TRBJ2-1,viral
CASSYEFPNTEAFF,TRBV6-2/6-3,TRBJ1-1,viral
CASSYELRTGVFDTQYF,TRBV27,TRBJ2-7,viral
CASSYESGAEAFF,TRBV6-5,TRBJ1-1,viral
CASSYETGGNEQF,,TRBJ2-1,autoimmune
CASSYETTSSYEQYF,TRBV6-2,TRBJ2-7,bacterial
CASSYEWPDSEQYF,TRBV6-2/6-3,TRBJ2-7,viral
CASSYFDEKLFF,TRBV2-1,TRBJ1-4-1,viral
CASSYFDSSYNEQFF,TRBV7-8,TRBJ2-1,viral
CASSYFGGNTEAF,TRBV6-5,TRBJ1-1,viral
CASSYFGGSNDEQYF,TRBV6-2,TRBJ2-7,viral
CASSYFGLAFQETQYF,TRBV6-6,TRBJ2-5,viral
CASSYFGQGSDTQYF,,TRBJ2-3,autoimmune
CASSYFGSQSEQYF,TRBV6-5,TRBJ2-7,viral
CASSYFMGLYNEQF,TRBV6,TRBJ2-1,autoimmune
CASSYFPLADTQYF,TRBV6-2/3,TRBJ2-3,viral
CASSYFRDRVGDQPQHF,TRBV7-6,,viral
CASSYFRQENTGELFF,TRBV6-5,TRBJ2-2,bacterial
CASSYFRRLPGQVFYEQYF,TRBV6-2,TRBJ2-7,viral
CASSYGAGNQPQHF,TRBV6-2/6-3,TRBJ1-5,viral
CASSYGAGTGELF,TRBV6-5,TRBJ2-2,viral
CASSYGAGTPYEQYF,TRBV10-2,TRBJ2-7,viral
CASSYGAQWNEQFF,TRBV6-2/6-3,TRBJ2-1,viral
CASSYGDGKAFF,TRBV6-2/6-3,TRBJ1-1,viral
CASSYGDKYGYTF,TRBV6-5,TRBJ1-2,viral
CASSYGDLYTGELF,TRBV6,TRBJ2-2,cancer
CASSYGDTQYF,TRBV28,TRBJ2-3,viral
CASSYGGAVDTQYF,TRBV6-2,TRBJ2-3,bacterial
CASSYGGGASYEQYF,,TRBJ2-7,autoimmune
CASSYGGGEDYGYTF,TRBV13,TRBJ1-2,viral
CASSYGGGFYGYTF,TRBV6,TRBJ1-2,cancer
CASSYGGGGDEQFF,TRBV6-5,TRBJ2-1,viral
CASSYGGGGYEQFF,TRBV6-5,TRBJ2-1,viral
CASSYGGGNTGELF,TRBV6-5,TRBJ2-2,cancer
CASSYGGGTYEQYF,TRBV6-6,TRBJ2-7,viral
CASSYGGLGQPQHF,TRBV6,TRBJ1-5,cancer
CASSYGGLYNEQF,,TRBJ2-1,autoimmune
CASSYGGPLADTQYF,TRBV6-5,TRBJ2-3,viral
CASSYGGPLEEQYF,TRBV6-5,TRBJ2-7,viral
CASSYGGQEQYF,TRBV7-8,TRBJ2-7,viral
CASSYGGQGSEKLF,TRBV6,TRBJ1-4,cancer
CASSYGGRGYTF,TRBV6-5,TRBJ1-2,viral
CASSYGGYEQYF,TRBV6-5,TRBJ2-7,viral
CASSYGIAGKETQYF,TRBV7-1,TRBJ2-5-1,viral
CASSYGLAEQFF,TRBV5-6-1,TRBJ2-1-1,viral
CASSYGLAGEEEYF,TRBV6-1/6-5/6-6,TRBJ2-7,viral
CASSYGLAGQETQYF,TRBV6-5,TRBJ2-5,viral
CASSYGLEQFF,TRBV6-1,TRBJ2-1-1,viral
CASSYGLNTEAFF,TRBV6-5,TRBJ1-1,viral
CASSYGNIQYF,,TRBJ2-4,autoimmune
CASSYGNTEAFF,TRBV6-6,TRBJ1-1,autoimmune
CASSYGPAGYEQYF,TRBV6-5,TRBJ2-7,viral
CASSYGPEAHNEQFF,TRBV7-9,TRBJ1-2,viral
CASSYGPGHGEQYF,,TRBJ2-7,autoimmune
CASSYGPVETEAF,TRBV6-6,TRBJ1-1,viral
CASSYGQALLADEQFF,TRBV6-5,TRBJ2-1,viral
CASSYGQGAGGYTF,,TRBJ1-2,autoimmune
CASSYGQGLYEQYF,TRBV6-5,TRBJ2-4,viral
CASSYGQGNTEAF,,TRBJ1-1,autoimmune
CASSYGQGTGELF,TRBV6-5,TRBJ2-2,viral
CASSYGQGTGIQYF,TRBV6-5,TRBJ2-2,viral
CASSYGQGYEQYV,TRBV6-1/6-5/6-6,TRBJ2-7,viral
CASSYGQNTGELF,TRBV6-5,TRBJ2-2,viral
CASSYGQVATGELFF,TRBV06,TRBJ02-2,autoimmune
CASSYGRDGYEQYF,TRBV13,TRBJ2-7,cancer
CASSYGREAFF,TRBV7-2,TRBJ1-1,viral
CASSYGSGINHEQFF,TRBV6-5,TRBJ2-1,viral
CASSYGSYNEQFF,TRBV6-5,TRBJ2-1,cancer
CASSYGTAAYEQYF,TRBV6-2/6-3,TRBJ2-7,viral
CASSYGTGGADHYGYTF,TRBV6-1/6-5/6-6,TRBJ1-2,viral
CASSYGTGGNEQF,TRBV6-5,TRBJ2-1,cancer
CASSYGTGGREQYF,TRBV6-5,TRBJ2-7,viral
CASSYGTGQPQHF,TRBV6-2/3,TRBJ1-5,cancer
CASSYGTGRTGELF,,TRBJ2-2,autoimmune
CASSYGTGSSEQYF,TRBV6-5,TRBJ2-7,viral
CASSYGTIYEQYF,TRBV6-5,TRBJ2-7,viral
CASSYGTPGDEQYF,TRBV6-1/6-5/6-6,TRBJ2-7,viral
CASSYGTSGSSGEQYF,TRBV13,TRBJ2-7,cancer
CASSYGTSTDTQYF,TRBV6-2,TRBJ2-3,bacterial
CASSYGTSWDEQYF,TRBV6-2/6-3,TRBJ2-7,viral
CASSYGVAYEQYF,TRBV6-5,TRBJ2-7,viral
CASSYGVGTEAFF,TRBV6-5,TRBJ1-1,viral
CASSYGWDEQFF,TRBV6-1/6-5/6-6,TRBJ2-1,viral
CASSYGYPAYEQYF,TRBV6-5,TRBJ2-7,viral
CASSYHGAADGYTF,TRBV27,TRBJ01-2,autoimmune
CASSYHLAGIYNEQFF,TRBV7-2,TRBJ2-1,viral
CASSYHQGRGYTF,TRBV6-5,TRBJ1-2,viral
CASSYHRGLAGYEQYF,TRBV7-8,TRBJ2-7,viral
CASSYIDPAAEAFF,TRBV6-1/6-5/6-6,TRBJ1-1,viral
CASSYIPGEQYF,TRBV6-2/6-3,TRBJ2-7,viral
CASSYIPGKQFF,TRBV6-2/6-3,TRBJ2-1,viral
CASSYKGSSPPTEAFF,TRBV7-3,TRBJ1-1,viral
CASSYLAEQQNEQFF,TRBV6-2,TRBJ2-1,autoimmune
CASSYLAGASYNEQFF,TRBV06,TRBJ02-1,autoimmune
CASSYLAGEGYEQYF,TRBV6-5,TRBJ2-7,viral
CASSYLAGEITDTQYF,TRBV6-6,TRBJ2-3,viral
CASSYLAGGGEQFF,TRBV6-2/6-3,TRBJ2-1,viral
CASSYLAGSGNEQYF,TRBV28,TRBJ2-7,viral
CASSYLATYEQYF,TRBV6-6,TRBJ2-7,viral
CASSYLEGSETQETQYF,TRBV6-1,TRBJ2-5-1,viral
CASSYLGQGSDIQYF,,TRBJ2-4,autoimmune
CASSYLGWDMNTEAFF,TRBV6-2/6-3,TRBJ1-1,viral
CASSYLLGAGELFF,TRBV6-5,TRBJ2-2,viral
CASSYLLSYEQYF,TRBV6-5,TRBJ2-7,viral
CASSYLNTDTQYF,TRBV7-3,TRBJ2-3,viral
CASSYLNTIYF,TRBV7-9,TRBJ1-3,viral
CASSYLQGFNSPLHF,TRBV7-2,TRBJ1-6,viral
CASSYLRAGDNEQFF,TRBV6-6,TRBJ2-1,viral
CASSYLREYEQF,,TRBJ2-1,autoimmune
CASSYLRQGGGNEQFF,TRBV6-5,TRBJ2-1,bacterial
CASSYLTGMNQPQHF,TRBV6-6,TRBJ1-5,viral
CASSYLTPHEQYF,TRBV7-8,TRBJ2-7,viral
CASSYLTSGIYGEQFF,TRBV28,TRBJ2-1,viral
CASSYLVTGLTGELFF,TRBV6-2,TRBJ2-2,autoimmune
CASSYLYRIGQLEAFF,TRBV6-5,,viral
CASSYMETGGETQYF,TRBV6-2,TRBJ2-5,autoimmune
CASSYMGSAFF,TRBV6-5,TRBJ1-1,viral
CASSYNGAYNEQF,,TRBJ2-1,autoimmune
CASSYNLGPNNEQFF,TRBV6-1/6-5/6-6,TRBJ2-1,viral
CASSYNSANNEKLFF,TRBV6-1/6-5/6-6,TRBJ1-4,viral
CASSYNVRDGDYGYTF,TRBV6-5,,viral
CASSYPDEAFF,TRBV6-2/6-3,TRBJ1-1,viral
CASSYPDTQYF,TRBV6-2/6-3,TRBJ2-3,viral
CASSYPEPSIQYF,TRBV6-2,TRBJ2-4,viral
CASSYPGELFF,TRBV6-2/6-3,TRBJ2-2,viral
CASSYPGQEAF,,TRBJ1-1,autoimmune
CASSYPGQGEHEQYF,,,viral
CASSYPIQGTSNQPQHF,TRBV6-6,TRBJ1-5,viral
CASSYPKGGRAFF,TRBV6-5,TRBJ1-1,viral
CASSYPLGLGGTEAFF,TRBV6-6,TRBJ1-1,viral
CASSYPLLYSGANTGELFF,TRBV6-1,TRBJ2-2-1,viral
CASSYPNQPQHF,TRBV6-2,TRBJ1-5,viral
CASSYPPGRGTDTQYF,TRBV6-2,TRBJ2-3,bacterial
CASSYPPPEAFF,TRBV6-2/6-3,TRBJ1-1,viral
CASSYPPPEQYF,TRBV6-2/6-3,TRBJ2-7,viral
CASSYPQGHYKAFF,TRBV6-2,TRBJ1-1,viral
CASSYPQGKLF,,TRBJ2-2,autoimmune
CASSYPRDAGTSLDIQYF,TRBV6-2,TRBJ2-4,viral
CASSYPRNGYTF,TRBV6-2/6-3,TRBJ1-2,viral
CASSYPSNPGGTEAFF,TRBV7-8,TRBJ1-1,viral
CASSYPSRTGTSRDEQFF,TRBV6-2,TRBJ2-1,viral
CASSYPTDRGDTGELFF,TRBV6-2,TRBJ2-2,viral
CASSYPTGGDQPQHF,TRBV6-2,TRBJ1-5,viral
CASSYQGGNYGYTF,TRBV6-5,TRBJ17-1,viral
CASSYQHEQYF,TRBV6-6-1,TRBJ2-7-1,viral
CASSYQPFSQYF,TRBV6-2,TRBJ2-3,viral
CASSYQPSEQYF,TRBV6-2/6-3,TRBJ2-7,viral
CASSYQSSYNEQFF,TRBV6-2,TRBJ2-1,bacterial
CASSYQTGAAYGYTF,TRBV6-5,TRBJ1-2,viral
CASSYQTGAGGYGYTGF,TRBV13,TRBJ2-1,viral
CASSYQTGAIYGYTF,TRBV6-5,TRBJ1-2,viral
CASSYQTGASYGYTF,TRBV6-1,TRBJ2-1,viral
CASSYQTGTGVYGYTF,TRBV6-1,TRBJ1-2-1,viral
CASSYQTGTIYGNTF,TRBV6-5,TRBJ1-2,viral
CASSYQTGTIYGYTF,TRBV6-5,TRBJ1-2,viral
CASSYRANTEAFF,TRBV6-6,TRBJ1-1,viral
CASSYRASGANVLTF,TRBV12-3/12-4,TRBJ2-6,viral
CASSYRATDTQYF,TRBV6-2,TRBJ2-3,bacterial
CASSYRDGKGNTIYF,TRBV6-6,TRBJ1-3,viral
CASSYRDRDTQYF,TRBV6-2,TRBJ2-3,bacterial
CASSYRDRENIQYF,TRBV7-8,TRBJ2-4,viral
CASSYRDRETQYF,TRBV6-2,TRBJ2-5,bacterial
CASSYRDSYEQYF,TRBV7-9,TRBJ2-7,viral
CASSYREDTEAFF,TRBV6-2,TRBJ1-1,autoimmune
CASSYREGEQFF,TRBV11-2,TRBJ2-1,viral
CASSYREQETQYF,TRBV6-2,TRBJ2-5,bacterial
CASSYRGDRPEAFF,TRBV6-2,TRBJ1-1,viral
CASSYRGGAGELFF,TRBV7-3,TRBJ2-2,viral
CASSYRGHLRDYGYTF,TRBV6-5,TRBJ1-2,viral
CASSYRGLAFDEQFF,TRBV6-2,TRBJ2-1,bacterial
CASSYRGQLNEQF,TRBV11-2,TRBJ2-1,viral
CASSYRGQSNQPQHF,TRBV6,TRBJ1-5,cancer
CASSYRGSVYNSPLHF,TRBV6-5,TRBJ1-6,viral
CASSYRHGRVDGELF,TRBV6-2/6-3,TRBJ2-2,cancer
CASSYRITYEQYF,TRBV13,TRBJ2-7,cancer
CASSYRLHEKLFF,TRBV6-2,TRBJ1-4,viral
CASSYRNTIYF,TRBV6-5,TRBJ1-3,viral
CASSYRQAQETQYF,TRBV6-2,TRBJ2-5,bacterial
CASSYRQENTEAF,TRBV6-5,TRBJ1-1,viral
CASSYRQGAPGANVLTF,TRBV7-9,TRBJ2-6,viral
CASSYRRPSGILYEQYF,TRBV6-5,TRBJ2-7,viral
CASSYRSEADTQYF,TRBV6-6,TRBJ2-3,bacterial
CASSYRSTQPQHF,TRBV19,,viral
CASSYRTGGGEQFF,TRBV6-2/6-3,TRBJ2-1,viral
CASSYRTGGLEFF,TRBV6-5,TRBJ2-1,bacterial
CASSYRTGHVIGELFF,TRBV19,TRBJ2-2,viral
CASSYRTSGEYEQYF,TRBV7-2,TRBJ2-7,viral
CASSYRVGPLHF,TRBV7-6,TRBJ1-6,viral
CASSYRVTEAF,TRBV6-2/3,TRBJ1-2,viral
CASSYRVTEAFF,TRBV6-2,TRBJ1-1,viral
CASSYSAASGHGYTF,TRBV13-2,TRBJ1-2,cancer
CASSYSAGDHTGELFF,TRBV6-2,TRBJ2-2,bacterial
CASSYSAGGPYEQYF,TRBV7-3,TRBJ2-7,viral
CASSYSALAGDADTQYF,TRBV6-1/6-5/6-6,TRBJ2-3,viral
CASSYSASGGEQFF,TRBV6-5,TRBJ2-1,viral
CASSYSDGNEAF,TRBV6-6,TRBJ1-1,viral
CASSYSDPRDMNTEAFF,TRBV06,TRBJ01-1,autoimmune
CASSYSDRVGGYEQYF,TRBV7-8,TRBJ2-7,viral
CASSYSDSNYEQYF,TRBV6-5,TRBJ2-7,viral
CASSYSDSPYNEQFF,TRBV6-5,TRBJ2-1,viral
CASSYSDTYEQYF,TRBV6-2,TRBJ2-7,bacterial
CASSYSDWETQYF,TRBV6-2,TRBJ2-5,bacterial
CASSYSEGTEAFF,TRBV7-8,TRBJ1-1,viral
CASSYSEGYEQYF,TRBV6-5,TRBJ2-7,viral
CASSYSEQGYGYTF,TRBV6-5,TRBJ1-2,viral
CASSYSESTDTQYF,TRBV6-2,TRBJ2-3,bacterial
CASSYSETYEQYF,TRBV6-2,TRBJ2-7,bacterial
CASSYSEVTEAFF,TRBV6-5,TRBJ1-1,viral
CASSYSFLVIGDNTEAFF,TRBV6-2,TRBJ1-1,viral
CASSYSGAGGLQETQYF,,TRBJ2-5,autoimmune
CASSYSGDDTQYF,TRBV6-5,TRBJ2-3,viral
CASSYSGDEKLFF,TRBV6-5,TRBJ1-4,viral
CASSYSGDYNEQFF,TRBV6-5,TRBJ2-1,viral
CASSYSGEGSDTQYF,TRBV6-2,TRBJ2-3,bacterial
CASSYSGEHTGELFF,TRBV6-2,TRBJ2-2,bacterial
CASSYSGGDYNEQFF,TRBV6-2,TRBJ2-1,bacterial
CASSYSGGGNQPQHF,TRBV12-4,TRBJ1-5,viral
CASSYSGGLDTEAFF,TRBV6-2,TRBJ1-1,viral
CASSYSGGNRKNTQNF,TRBV6-5-1,TRBJ2-3-1,viral
CASSYSGGSGANVLTF,TRBV6-2,TRBJ2-6,bacterial
CASSYSGGSYNEQFF,TRBV6-2,TRBJ2-1,bacterial
CASSYSGHVNTEAFF,TRBV6-1,TRBJ1-1-1,viral
CASSYSGLGTGEDGYTF,TRBV6-1/6-5/6-6,TRBJ1-2,viral
CASSYSGNTEAFF,TRBV6-2/6-3,TRBJ1-1,viral
CASSYSGPAAGQETQYF,TRBV6-5,TRBJ2-5,viral
CASSYSGQGIYGYTF,TRBV06,TRBJ01-2,autoimmune
CASSYSGQGPSYTF,TRBV6-2/6-3,TRBJ1-2,viral
CASSYSGSGANVLTF,TRBV6-2,TRBJ2-6,bacterial
CASSYSGSGGDTQYF,TRBV6-2,TRBJ2-3,bacterial
CASSYSGSGYTF,TRBV6-5,TRBJ1-2,autoimmune
CASSYSGSRNEKLFF,TRBV6-1/6-5/6-6,TRBJ1-4,viral
CASSYSGTGANVLTF,TRBV6-2,TRBJ2-6,bacterial
CASSYSGTGAYEQYF,TRBV6-6,TRBJ2-7,viral
CASSYSGTGGYEQYF,TRBV6-6,TRBJ2-7,bacterial
CASSYSGTSGEETQYF,TRBV6-5,TRBJ2-5,bacterial
CASSYSGYGYTF,,TRBJ1-2,autoimmune
CASSYSGYYEQYF,TRBV6-6,TRBJ2-7,autoimmune
CASSYSHRLGLHEQYF,TRBV6-2,TRBJ2-7,viral
CASSYSIEGADTQYF,TRBV6-6,TRBJ2-3,bacterial
CASSYSIGALEAFF,TRBV25-1,TRBJ2-5,viral
CASSYSIGTGVNNYGYTF,TRBV6-6,TRBJ1-2,viral
CASSYSIGVVSEQYF,TRBV6-5,TRBJ2-7,viral
CASSYSIHEQFF,TRBV06,TRBJ02-1,autoimmune
CASSYSKGANTEAFF,TRBV6-5,TRBJ1-1,viral
CASSYSLAAAYNEQFF,TRBV6-2,TRBJ2-1,viral
CASSYSLAGTSYEQYF,TRBV6-5,TRBJ2-7,viral
CASSYSLSVGEKLF,,TRBJ1-4,autoimmune
CASSYSLTGNTEAFF,TRBV6-1/6-5/6-6,TRBJ1-1,viral
CASSYSMAGGYEQFF,TRBV6-2,TRBJ2-1,bacterial
CASSYSMEAGGETQYF,TRBV6-5,TRBJ2-5,viral
CASSYSNPRAHNSPLHF,TRBV6,TRBJ1-6,cancer
CASSYSPGNEQYF,TRBV6-2,TRBJ2-7,viral
CASSYSPGPITDTQYF,TRBV7-8,TRBJ2-3,viral
CASSYSPLDGNTEAFF,TRBV6-1/6-5/6-6,TRBJ1-1,viral
CASSYSPPIPGQGIDEQYF,TRBV6-5,TRBJ2-7,viral
CASSYSPVNTEAFF,TRBV6-2/6-3,TRBJ1-1,viral
CASSYSRAPKLENIQY,TRBV6-2/3,TRBJ2-4,viral
CASSYSRDNEQF,TRBV6,TRBJ2-1,cancer
CASSYSRQGSHEQYF,,TRBJ2-7,autoimmune
CASSYSRQWNTEAFF,TRBV12-3,TRBJ1-2,viral
CASSYSRSDGHLGNTIYF,TRBV6-5,,viral
CASSYSRTANEKLFF,TRBV29-1,TRBJ1-3,viral
CASSYSRTDLKNIQYF,TRBV6-2/3,TRBJ2-4,viral
CASSYSSAFNEQFF,TRBV6-6,TRBJ2-1,viral
CASSYSSALSNQPQHF,TRBV6-2,TRBJ1-5,viral
CASSYSSEYNEQFF,TRBV6-2,TRBJ2-1,bacterial
CASSYSSFRDLGYGYTF,TRBV6-2,TRBJ1-2,viral
CASSYSSGELFF,TRBV6-6,TRBJ2-2,viral
CASSYSSGGADTQYF,TRBV6-5,TRBJ2-3,bacterial
CASSYSSGGAETQYF,TRBV6-2/TRBV6-3,TRBJ2-5,cancer
CASSYSSGVETQYF,TRBV6-1/6-5/6-6,TRBJ2-5,viral
CASSYSSLAGLNTEAFF,TRBV6-6,TRBJ1-1,viral
CASSYSSQGNEQFF,TRBV6-2,TRBJ2-1,bacterial
CASSYSSSGGAYEQYF,TRBV6-5,TRBJ2-7,viral
CASSYSSSSYNEQFF,TRBV6-6,TRBJ2-1,viral
CASSYSSSTGELFF,TRBV6-2,,viral
CASSYSSSYNEQFF,TRBV12-3,TRBJ2-1,viral
CASSYSTAGELF,TRBV6-2,TRBJ2-2,viral
CASSYSTEAYEQYF,TRBV6-6,TRBJ2-7,viral
CASSYSTGAGETQYF,TRBV13,TRBJ2-5,viral
CASSYSTGGYEQYF,TRBV6-2,TRBJ2-7,bacterial
CASSYSTGIGGGYTF,TRBV6-1,TRBJ2-1,viral
CASSYSTGNSPLHF,TRBV6-1/6-5/6-6,TRBJ1-6,viral
CASSYSTGNTGELFF,TRBV6-5,TRBJ2-2,viral
CASSYSTGQGRSTDTQYF,,TRBJ2-3,autoimmune
CASSYSTGQLQHF,TRBV6-2,TRBJ1-5,viral
CASSYSTGTPGIYTF,TRBV6-5,TRBJ1-2,viral
CASSYSTNTEAF,,TRBJ1-1,autoimmune
CASSYSTPNGELFF,TRBV6-2/6-3,TRBJ2-2,viral
CASSYSTPSGGEVWDEQFF,TRBV6-1/6-5/6-6,TRBJ2-1,viral
CASSYSTSSYEQYF,TRBV6-2,TRBJ2-7,bacterial
CASSYSTSTDTQYF,TRBV6-2,TRBJ2-3,bacterial
CASSYSTVNEQF,TRBV27,TRBJ2-1,viral
CASSYSVGTPTGELFF,TRBV6-5,TRBJ2-2,bacterial
CASSYSVGTQITYTQYF,TRBV6-2/6-3,TRBJ2-3,viral
CASSYSVPGELFF,TRBV6-1/6-5/6-6,TRBJ2-2,viral
CASSYSVVEAAAEAF,TRBV6-6,TRBJ1-1,viral
CASSYSWGFQETQYF,TRBV6-5,,viral
CASSYSWPPETYEQYF,TRBV6-5,TRBJ2-7,viral
CASSYSWTGSNYGYTF,TRBV6-1,TRBJ1-2-1,viral
CASSYSYEQYF,TRBV13,TRBJ2-7,cancer
CASSYTDAGSYEQYF,TRBV6-2,TRBJ2-7,bacterial
CASSYTGELFF,TRBV7-9,TRBJ2-2,viral
CASSYTGGGYNGELF,TRBV6,TRBJ2-2,cancer
CASSYTGGLMAFF,TRBV6-5,TRBJ1-1,viral
CASSYTGGRAYNEQFF,TRBV06,TRBJ02-1,autoimmune
CASSYTGGTTDTQYF,TRBV7-2,TRBJ2-3,viral
CASSYTGLATNEQF,TRBV28,TRBJ2-1,cancer
CASSYTGQSRANVLTF,TRBV25,TRBJ02-6,autoimmune
CASSYTGSEAF,TRBV6-2,TRBJ1-1,viral
CASSYTGTGGTEAFF,TRBV6-1/6-5/6-6,TRBJ1-1,viral
CASSYTGTGSQPQHF,TRBV6-3,TRBJ1-5,viral
CASSYTGTSLSYEQYF,TRBV3-1,TRBJ2-7,bacterial
CASSYTLASYEQYF,TRBV6-1,TRBJ2-7-1,viral
CASSYTLDSLYGYTF,TRBV7-6,TRBJ1-2,viral
CASSYTLPGTVPQRNQPQHF,TRBV6-2,TRBJ1-5,viral
CASSYTNNSPLHF,TRBV6-6,TRBJ1-6,viral
CASSYTSGGADTQYF,TRBV6-5,TRBJ2-3,bacterial
CASSYTSGGYTGELFF,TRBV7-8,TRBJ2-2,viral
CASSYTTSSYNEQFF,TRBV6-2/6-3,TRBJ2-1,viral
CASSYVAGGYEQYF,TRBV6-2/6-3,TRBJ2-7,viral
CASSYVASGSSNYGYTF,TRBV6-6,TRBJ1-2,viral
CASSYVDPTNEQFF,TRBV6-2,TRBJ2-1,bacterial
CASSYVESGANVLTF,TRBV6-2,TRBJ2-6,bacterial
CASSYVGAAGELF,TRBV6,TRBJ2-2,cancer
CASSYVGGDYTF,TRBV6-1/6-5/6-6,TRBJ1-2,viral
CASSYVGGGYTF,TRBV6-1/6-5/6-6,TRBJ1-2,viral
CASSYVGGLDEQFF,TRBV6-5,TRBJ2-1,viral
CASSYVGQLDEQF,TRBV11-2,TRBJ2-1,viral
CASSYVPPGGLDYEQYF,TRBV6-5,TRBJ2-1,cancer
CASSYVRASYGYTF,TRBV6-5,TRBJ1-2,viral
CASSYVTGTGSYGYTGF,TRBV13,TRBJ2-3,viral
CASSYWGTTGELFF,TRBV6-1/6-5/6-6,TRBJ2-2,viral
CASSYWLAYLQETQYF,TRBV6-2/6-3,TRBJ2-5,viral
CASSYYDGYGYTF,TRBV6-6,TRBJ1-2,viral
CASSYYDLAGTYNEQFF,TRBV6-1/6-5/6-6,TRBJ2-1,viral
CASSYYDPSVNTGELF,,TRBJ2-2,autoimmune
CASSYYGGRADTQYF,,TRBJ2-3,autoimmune
CASSYYPGRGNEQF,,TRBJ2-1,autoimmune
CASSYYSGGSSYNEQF,TRBV6-2/3,TRBJ2-1,viral
CASSYYSGGTTYNEQF,TRBV6-2/3,TRBJ2-1,viral
CASSYYSNQPQHF,TRBV19,,viral
CASSYYSSNYGYTF,TRBV6-5,TRBJ1-2,viral
CASTAGGFGEQFF,TRBV7-9,TRBJ2-1,viral
CASTAGGTLPGEQYF,TRBV2,TRBJ2-7,cancer
CASTAGGTYEQYF,TRBV12-3,TRBJ2-7,bacterial
CASTAGTGGSGYTF,TRBV7-2,TRBJ1-2,viral
CASTAPRGPLHF,TRBV28,TRBJ1-6,viral
CASTASYGYTF,TRBV28,TRBJ1-2,viral
CASTATGAADTQYF,,TRBJ2-3,autoimmune
CASTATGTLTEAFF,TRBV12-3,TRBJ1-1,viral
CASTDDRPNTEAFF,TRBV12-3/12-4,TRBJ1-1,viral
CASTDGGDSYTQYF,TRBV6-3,TRBJ2-3,viral
CASTDGTAFTEAFF,TRBV19,TRBJ1-1,viral
CASTDGTEAFF,TRBV6-2,TRBJ1-1,autoimmune
CASTDHDSGGVGTEAFF,TRBV7-9,TRBJ1-1,viral
CASTDLSYGYTF,TRBV19,TRBJ1-2,cancer
CASTDRAGYEQYF,TRBV6-6,TRBJ2-7,viral
CASTDRATEQFF,TRBV7-8,TRBJ2-1,viral
CASTDSYGYTF,TRBV19,TRBJ1-2,viral
CASTDTGDYGYTF,TRBV7-9,TRBJ1-2,viral
CASTDTGYYGYTF,TRBV7-9,TRBJ1-2,viral
CASTEETGTSYEQYF,TRBV6-1,TRBJ2-7,bacterial
CASTEGTGSSYEQYF,TRBV6-1,TRBJ1-163,bacterial
CASTEGTVAPGTQYF,TRBV2,TRBJ2-3,viral
CASTEMGREGYNEQFF,TRBV7-2,TRBJ2-1,viral
CASTENEQGNEQYF,TRBV6-2,TRBJ2-7,bacterial
CASTEQGGFAEAFF,TRBV6-5,TRBJ1-1,viral
CASTETSGSSYNEQF,TRBV11-2,TRBJ2-1,viral
CASTFGGTGSGYTF,TRBV28,TRBJ1-2,cancer
CASTGAGEGPFF,TRBV9-1,TRBJ20-1,viral
CASTGFGQPQHF,TRBV28,TRBJ1-5,viral
CASTGFRTSGISYNEQFF,TRBV19,TRBJ2-1,cancer
CASTGGAGAGANVLTF,TRBV6-1,TRBJ2-6,bacterial
CASTGGDTSYNEQFF,TRBV19,TRBJ2-1,viral
CASTGGGYGYTF,TRBV19,TRBJ1-2,viral
CASTGGLAGGRTTQETQYF,TRBV7-8,TRBJ2-5,viral
CASTGGLYNEQFF,TRBV12-3,TRBJ2-1,autoimmune
CASTGGQYGYTF,TRBV19,TRBJ1-2,viral
CASTGGRGSPLHF,TRBV13-6,TRBJ1-6,viral
CASTGGSRRLRVGEQYF,TRBV6,TRBJ2-7,cancer
CASTGGSYGYTF,TRBV19,TRBJ1-2,viral
CASTGQGGMGQETQYF,TRBV25-1,TRBJ2-5,bacterial
CASTGSGYGYTF,TRBV19,TRBJ1-2,viral
CASTGTANLNTEAFF,TRBV7-8,TRBJ1-1,viral
CASTGTARFTGELFF,TRBV6-2,,viral
CASTGTAYGYTF,TRBV19,TRBJ1-2,viral
CASTGTDYGYTF,TRBV19,TRBJ1-2,viral
CASTGTGGFSYNEQFF,TRBV25-1,TRBJ2-1,viral
CASTGTGLNEQFF,TRBV6-1,TRBJ2-1,viral
CASTGTSGALYNEQF,TRBV14,TRBJ2-3,viral
CASTHAGRPYEQFF,TRBV7-8,TRBJ2-1,viral
CASTHAGRPYEQYF,TRBV7-2,TRBJ2-7,viral
CASTHGDEQFF,TRBV25-1,TRBJ2-1,viral
CASTHLRDKTFF,TRBV12-3,TRBJ1-1,viral
CASTHNENTEAFF,TRBV6-1,TRBJ1-1,bacterial
CASTHSGLGAYEQYF,TRBV6,TRBJ1-7,cancer
CASTIAGAWTEAF,TRBV6,TRBJ1-1,cancer
CASTIGGGETQYF,TRBV12-3,TRBJ2-5,viral
CASTIQGLGQPQHF,TRBV28,TRBJ1-5,cancer
CASTITGAGTDTQYF,TRBV6-2,TRBJ2-3,viral
CASTITGELFF,TRBV7-6,TRBJ2-2,viral
CASTIVSGYTF,TRBV12-3,TRBJ1-2,viral
CASTKGNEQFF,TRBV1-3,TRBJ2-1,autoimmune
CASTKMAGSNTEAF,TRBV5-1,TRBJ1-1,cancer
CASTKWGPNTNEQFF,TRBV27,TRBJ2-1,viral
CASTLAGGTDTQYF,TRBV7-9,TRBJ1-2,viral
CASTLAQGSQTEAFF,TRBV6-5,TRBJ1-1,viral
CASTLDRERRSNQPQHF,,TRBJ1-5,autoimmune
CASTLDRLAF,TRBV6-1,TRBJ1-1,viral
CASTLERQYF,TRBV25-1,TRBJ2-3,cancer
CASTLESGLQYNTDTQYF,TRBV28,TRBJ2-3,viral
CASTLGDEQYF,TRBV25-1,TRBJ2-7,viral
CASTLGEGLGYTF,TRBV25-1,TRBJ1-2,viral
CASTLGGDWGGQETQYF,TRBV7-8,TRBJ2-5,viral
CASTLGGENEQYF,TRBV7-2,TRBJ2-7,viral
CASTLGGGYEQYF,TRBV7-9,TRBJ2-7,viral
CASTLGGNTGELFF,TRBV9,TRBJ2-2,viral
CASTLGQGVLNTEAF,TRBV28,TRBJ1-1,cancer
CASTLGSAGPQFNEQF,TRBV27,TRBJ2-1,viral
CASTLIGLAGQDTQYF,TRBV7-9,TRBJ2-3,viral
CASTLLAGGRPSGNEQFF,TRBV7-8,TRBJ2-1,viral
CASTLLASGSEGANVLTF,TRBV6-4,TRBJ2-6,bacterial
CASTLLGGKYEQYF,TRBV7-9,TRBJ2-7,viral
CASTLNWGYALEAFF,TRBV7-8,TRBJ1-1,viral
CASTLQGLGQPQHF,TRBV12,TRBJ1-5,cancer
CASTLTTDPYEQYF,TRBV7-8,TRBJ2-7,viral
CASTLWSATNEKLFF,TRBV2-1,TRBJ1-4-1,viral
CASTLYGNEQFF,TRBV7-9,TRBJ2-1,cancer
CASTMLAKNTGELF,,TRBJ2-2,autoimmune
CASTNDGTGNTYEQYF,,TRBJ2-7,autoimmune
CASTNRGSEQYF,TRBV21,TRBJ2-7,viral
CASTNSPAFRAEAF,TRBV4,TRBJ1-1,cancer
CASTNVGTGSNEQF,,TRBJ2-1,autoimmune
CASTPAANTEAFF,TRBV7-9,TRBJ1-1,autoimmune
CASTPAGGAPGELF,TRBV27,TRBJ2-2,viral
CASTPAGGRDEQYF,TRBV4-2,TRBJ2-7,viral
CASTPALGAKQYF,TRBV6-5,TRBJ2-3,viral
CASTPAQAGGITDTQYF,TRBV11-1,TRBJ2-3,viral
CASTPASGNTGELFF,TRBV7-9,TRBJ2-2,viral
CASTPDRVAKNIQYF,TRBV7-9,TRBJ2-4,viral
CASTPDSEIYEQYF,TRBV9,TRBJ2-7,viral
CASTPDTDRGTGELFF,TRBV6-1,TRBJ2-2,bacterial
CASTPFRGGRGANVLTF,TRBV11-2,TRBJ2-6,viral
CASTPGATTGELFF,TRBV7-8,TRBJ2-2,viral
CASTPGDEQFF,TRBV25-1,TRBJ2-1,viral
CASTPGDEQYF,TRBV25-1,TRBJ2-7,viral
CASTPGDRATYEQYF,TRBV07,TRBJ02-7,autoimmune
CASTPGEGAGHGYTF,TRBV6,TRBJ1-2,cancer
CASTPGELAGGGETQYF,TRBV20-1,TRBJ1-5,viral
CASTPGGGEYSPLHF,TRBV4-1,TRBJ1-6,viral
CASTPGLAVNNEQFF,TRBV9,TRBJ2-1,viral
CASTPGLPQETQYF,TRBV11-2,TRBJ2-5,viral
CASTPGNLEQYF,TRBV6-2,TRBJ2-7,viral
CASTPGQALNEQYF,TRBV6-6,TRBJ2-7,viral
CASTPGQKNTEAFF,TRBV6-1/6-5/6-6,TRBJ1-1,viral
CASTPGSSYNEQFF,TRBV4-1,TRBJ2-1,viral
CASTPGTGAYEQYF,TRBV6-6,TRBJ2-7,viral
CASTPGTSGSYEQYF,TRBV7-9,TRBJ2-7,viral
CASTPGTVLPDTQYF,TRBV2-1,TRBJ2-3-1,viral
CASTPHREPGELFF,TRBV12-3,TRBJ2-2,viral
CASTPHRGPSYEQYF,TRBV7-8,TRBJ2-7,viral
CASTPHSGGAGNEQFF,TRBV6-1,TRBJ2-1,bacterial
CASTPLPHNEQFF,TRBV6-1,TRBJ2-1,bacterial
CASTPPDRQETQYF,TRBV28,TRBJ2-5,viral
CASTPPGF,TRBV19,TRBJ1-2,viral
CASTPPGGRGYTF,TRBV7-9,TRBJ1-2,viral
CASTPPGSETQYF,TRBV28,TRBJ2-5,cancer
CASTPPSSPGYEQY,TRBV7-2,TRBJ2-7,autoimmune
CASTPQGAYEQYF,TRBV6-1,TRBJ2-7-1,viral
CASTPQTEAFF,TRBV12-3,TRBJ1-1,bacterial
CASTPQTGTGTYGYTF,TRBV6-1,TRBJ2-1,viral
CASTPSGIFGEKLF,TRBV6,TRBJ1-4,cancer
CASTPSGTASYEQYF,TRBV12,TRBJ2-7,cancer
CASTPSGTPSYEQYF,TRBV6,TRBJ2-7,cancer
CASTPSPSRPPLF,TRBV12-4,TRBJ2-1,viral
CASTPSSGSAGNTIYF,TRBV7-9,TRBJ1-3,viral
CASTPSTGGGTDTQYF,TRBV6-1,TRBJ2-3,bacterial
CASTPSWAGGPTDTQYF,TRBV7-8,TRBJ2-3,viral
CASTPTAANEAFF,TRBV7-9,TRBJ1-1,viral
CASTPTHMNTEAFF,TRBV25-1,TRBJ1-1,bacterial
CASTPTQLDYEQYF,TRBV28,TRBJ2-7,viral
CASTPTSGAPTGEQFF,TRBV7-9,TRBJ2-1,viral
CASTPVTRGFEKLFF,TRBV19,TRBJ1-4,viral
CASTPWGAEAFF,TRBV28,TRBJ1-1,viral
CASTPWGEANEKLFF,TRBV11-2,TRBJ1-4,viral
CASTQAGATEAFF,TRBV6-6,TRBJ1-1,viral
CASTQAGMNTEAFF,TRBV27,TRBJ1-1,viral
CASTQEPGELFF,TRBV6-5,TRBJ2-2,viral
CASTQGDEQFF,TRBV25-1,TRBJ2-1,viral
CASTQGKAKGYEQYF,TRBV6-5,TRBJ2-7,viral
CASTQILRTGTNTQYF,TRBV7-9,TRBJ2-3,viral
CASTQTSENNEQFF,TRBV28,TRBJ2-1,viral
CASTRADTGELF,TRBV18,TRBJ2-2,viral
CASTRAGGITYEQYF,TRBV6,TRBJ2-7,cancer
CASTRFGQSNTGELFF,TRBV5-1,TRBJ2-2,autoimmune
CASTRGLPQETQYF,TRBV11-2,TRBJ2-5,viral
CASTRGVGTEAFF,TRBV27-1,TRBJ1-1-1,viral
CASTRKGQGYNEQFF,TRBV7-9,TRBJ2-1,viral
CASTRMGSYEQYF,TRBV7-8,TRBJ2-7,viral
CASTRPGQGTYNEFQF,TRBV6-9,TRBJ2-1,viral
CASTRQGAYEQYF,TRBV6-2,TRBJ2-7,viral
CASTRTGGGTDTQYF,TRBV7-9,TRBJ2-3,viral
CASTRTGYYNEQFF,TRBV18,TRBJ2-1,autoimmune
CASTSFGQGTNEQF,TRBV28,TRBJ2-1,viral
CASTSGAQSVDEQYF,TRBV6,TRBJ2-7,cancer
CASTSGAYEQYF,TRBV25-1,TRBJ2-7,viral
CASTSGDEQFF,TRBV25-1,TRBJ2-1,viral
CASTSGDSGNTIYF,TRBV6-1,TRBJ1-3,bacterial
CASTSGGLGQPQHF,TRBV28,TRBJ1-5,cancer
CASTSGGTYNEQFF,TRBV27,TRBJ2-1,cancer
CASTSGRDSYEQYF,TRBV9,TRBJ2-7,viral
CASTSLGTGNTEAFF,TRBV2,TRBJ1-1,autoimmune
CASTSPEGTDTQYF,TRBV27,TRBJ2-3,autoimmune
CASTSPTSGGTDTQYF,TRBV25-1,TRBJ2-3,bacterial
CASTSRGVSKVFF,TRBV27-1,TRBJ1-1-1,viral
CASTSRVGEAF,TRBV9,TRBJ1-1,viral
CASTSSANTEAFF,TRBV7-6,TRBJ1-1,viral
CASTSTTYEAFF,TRBV7-9,TRBJ1-1,viral
CASTSWAQASTDTQYF,TRBV12-4,TRBJ2-3,viral
CASTSWGETQCF,TRBV7-2,TRBJ2-5,viral
CASTSWGETQYF,TRBV7-8,TRBJ2-5,viral
CASTSWGLQGPTGELF,TRBV6-2,TRBJ2-2,viral
CASTSWTDTQYF,TRBV7-9,TRBJ2-3,viral
CASTTAADTQYF,TRBV7-9,TRBJ2-3,viral
CASTTDLSSYEQYF,TRBV7-8,TRBJ2-7,viral
CASTTGDEQFF,TRBV25-1,TRBJ2-1,viral
CASTTGLAVMEQYF,TRBV4-2,TRBJ1-1,viral
CASTTGLGTDTQYF,TRBV6-1/6-5/6-6,TRBJ2-3,viral
CASTTGQKNTEAFF,TRBV6-1/6-5/6-6,TRBJ1-1,viral
CASTTGSEQYF,TRBV25-1,TRBJ2-7,bacterial
CASTTGTFTDTQYF,TRBV25-1,TRBJ2-3,bacterial
CASTTGTIGNQPQHF,TRBV19,,viral
CASTTGTVNTEAFF,TRBV6-1,TRBJ1-1-1,viral
CASTTLPENSPLHF,TRBV11-1,TRBJ1-6,viral
CASTTPTTGGYEQYF,TRBV28,TRBJ2-7,viral
CASTTSGALDFTDTQYF,TRBV27,TRBJ2-3,viral
CASTTSGSQEQYF,,TRBJ2-7,autoimmune
CASTTSLGGDTQYF,TRBV4-1,TRBJ2-3,viral
CASTTSNEQF,TRBV27,TRBJ2-1,viral
CASTVDSLDTEAF,TRBV12-4,TRBJ1-1,viral
CASTVGTGELFF,TRBV25-1,TRBJ2-2,viral
CASTVRAFYNSPLHF,TRBV19,TRBJ1-6,autoimmune
CASTVSETSENEQFF,TRBV7-8,TRBJ2-1,viral
CASTWVRTEAFF,TRBV6-1/6-5/6-6,TRBJ1-1,viral
CASVDRGRIEQYF,TRBV7-8,TRBJ2-7,viral
CASVGPGYTGELFF,TRBV6-5-1,TRBJ2-2-1,viral
CASVGSYEQYF,TRBV4-2,TRBJ2-7,viral
CASVNDGATYEQYF,TRBV6-1,TRBJ2-7,viral
CASVPLSGNTEAFF,TRBV07-9,TRBJ01-1,autoimmune
CASVPYGYEQYF,TRBV19,TRBJ2-7,viral
CASVREGGLTDTQYF,TRBV28,TRBJ2-3,viral
CASVSGASTDTQYF,TRBV7-2,TRBJ2-3,viral
CASVSGVGNTIYF,TRBV2,TRBJ1-3,viral
CASWDHSYEQYF,,TRBJ2-7,autoimmune
CASYATGTAYGYTF,TRBV6,TRBJ1-2,viral
CASYNFGQYGYTF,TRBV5-1,TRBJ1-2,viral
CASYRSDRPTEAF,TRBV14,TRBJ1-1,viral
CASYTSDYGYTF,TRBV25-1,TRBJ1-2,viral
CATAARETQETQYF,TRBV15,TRBJ2-5,viral
CATAEGAGELF,TRBV19,TRBJ2-2,viral
CATAGRDTGELFF,TRBV25-1,TRBJ2-2,bacterial
CATAITSTQYF,TRBV1-1,TRBJ2-3-1,viral
CATALRLGELFF,TRBV7-8,TRBJ2-2,viral
CATAPREDRVGNEAF,TRBV3,TRBJ1-1,cancer
CATAQNRLQETQYF,TRBV15,TRBJ2-5,viral
CATARTSVYNEQFF,TRBV6-5,TRBJ1-168,bacterial
CATDARVGNTGELFF,TRBV13,TRBJ2-1,viral
CATDGAGGADGLTF,TRBV17-1,TRBJ45-1,viral
CATDHGGTDEAFF,TRBV7-8,TRBJ1-1,viral
CATDPGEGNTIYF,TRBV7-9,TRBJ1-3,viral
CATDREPGAGNTIYF,TRBV6-1,TRBJ1-3,bacterial
CATDTSGGSSETQYF,,TRBJ2-5,autoimmune
CATEASGNTIYF,TRBV7-9,TRBJ1-3,viral
CATEQGMHEQYF,TRBV2-1,TRBJ2-7-1,viral
CATFGDMNTEAFF,TRBV30,TRBJ1-1,viral
CATFKGDRKAF,,,autoimmune
CATFRDRDTGELFF,TRBV7-9,TRBJ2-2,viral
CATGAASSYEQYF,TRBV15,TRBJ2-7,viral
CATGAGAEAFF,TRBV24-1,TRBJ1-1,autoimmune
CATGAGGHLNTEAFF,TRBV6-5,TRBJ1-1,autoimmune
CATGATGGLETQYF,TRBV15,TRBJ2-5,cancer
CATGDFEAFF,TRBV6-1/6-5/6-6,TRBJ1-1,viral
CATGETGDTGELFF,TRBV25-1,TRBJ2-2,bacterial
CATGQGESLSTDTQYF,TRBV6-6,TRBJ2-3,autoimmune
CATGQGIFNSPLHF,TRBV6-1/6-5/6-6,TRBJ1-6,viral
CATGRGGKIGEQYF,TRBV1-1,TRBJ2-7-1,viral
CATGRGGMIGEQYF,TRBV1-1,TRBJ2-7-1,viral
CATGSGAATLFDGYTF,TRBV6-1/6-5/6-6,TRBJ1-2,viral
CATGSGLLGSGEQYF,TRBV15,TRBJ2-7,viral
CATGTGDSNQPQHF,TRBV10-3,TRBJ1-5,viral
CATGTGGNDYEQYF,TRBV15,TRBJ2-7,cancer
CATGTSRVYEQYF,TRBV10-3,TRBJ2-7,viral
CATHAGTGELF,TRBV6-2/3,TRBJ2-2,viral
CATHLGGTDTQYF,TRBV25-1,TRBJ2-3,bacterial
CATHRAGGFNEQFF,TRBV15,TRBJ2-1,viral
CATIPARSGTEAFF,TRBV15,TRBJ1-1,viral
CATKDLRGPASEQYF,TRBV24,TRBJ02-7,autoimmune
CATKDRSSYEQYF,TRBV7-2,TRBJ2-7,viral
CATKKGIEAF,,TRBJ1-1,autoimmune
CATKTSGETGELFF,TRBV24-1,TRBJ2-2,bacterial
CATKYRVTDTQYF,TRBV19,TRBJ2-3,viral
CATLGGFPDGYTF,TRBV19,TRBJ1-2,viral
CATLKQGAMDWETQYF,TRBV12-3,TRBJ1-4,viral
CATLLDRYNEQFF,TRBV7-9,TRBJ2-1,viral
CATLRASGGADTQYF,TRBV6-1,TRBJ1-195,bacterial
CATLRDRANQPQHF,TRBV6,TRBJ1-5,cancer
CATMSISEETGLAFNEQFF,TRBV15,TRBJ2-1,autoimmune
CATNTGGYTEAFF,TRBV19,TRBJ1-1,viral
CATPGEVLSPNYGYT,TRBV7-9,TRBJ1-2,viral
CATPGEVLSPNYGYTF,TRBV7-9,TRBJ1-2,viral
CATPKGEASTEAFF,TRBV6-6,TRBJ1-1,viral
CATPTNLGGGGGNYF,TRBV7-8-1,TRBJ2-7-1,viral
CATQEGNTEAFF,TRBV6-6,TRBJ1-1,autoimmune
CATQGDNTYEQYF,TRBV1-1,TRBJ2-7-1,viral
CATQGQGSYEQYF,TRBV6-5,TRBJ2-7,autoimmune
CATQPVGTDTQYF,TRBV15,TRBJ2-3,autoimmune
CATQTANTGELFF,,,viral
CATQYGGNQPQHF,TRBV19,TRBJ1-5,viral
CATRDRDRENQPQHF,TRBV24-1,TRBJ2-5,viral
CATRGLSSYEQYF,TRBV15,TRBJ2-7,viral
CATRGQGDTGELFF,TRBV24-1,TRBJ2-2,bacterial
CATRGRGSEETQYF,TRBV24-1,TRBJ2-5,viral
CATRIGWGTDTQYF,TRBV9,TRBJ2-3,viral
CATRLADTGELFF,TRBV15,TRBJ2-2,viral
CATRPGPTRGPSSYEQYF,TRBV07-2,TRBJ02-7,autoimmune
CATRQGNQPQHF,TRBV15,TRBJ1-5,viral
CATRRGEGQEKKQPQHF,TRBV19,TRBJ1-5,viral
CATRRQNEQYF,TRBV7-8,TRBJ2-7,viral
CATRSGRDADTQYF,TRBV6-4,TRBJ1-203,bacterial
CATSAEGGETQYF,TRBV15,TRBJ2-5,viral
CATSAENEKLFF,TRBV15,TRBJ1-4,viral
CATSALDREVGELFF,TRBV24-1,TRBJ1-205,bacterial
CATSALGSDYTF,TRBV24-1,TRBJ1-2,viral
CATSAPGQDTGELFF,TRBV24-1,TRBJ2-2,bacterial
CATSDFEVAGSSYNEQFF,TRBV2-1,TRBJ2-1-1,viral
CATSDFPPGVRGAPQETQYF,TRBV2-1,TRBJ2-5-1,viral
CATSDFRDTGELFF,TRBV24-1,TRBJ2-2,bacterial
CATSDFTGDGGELFF,TRBV24-1,TRBJ2-2,viral
CATSDGGLNTGELFF,TRBV24-1,TRBJ2-2,bacterial
CATSDGLAGGWANVLTF,TRBV2-1,TRBJ2-6-1,viral
CATSDHRDQETQYF,TRBV24-1,TRBJ1-208,bacterial
CATSDLDRDDTQYF,TRBV24-1,TRBJ2-3,viral
CATSDLGAGTSGTGELF,TRBV24,TRBJ2-2,viral
CATSDLGDGEGKETQYF,TRBV24-1,TRBJ2-5,bacterial
CATSDLGQGLDNEQF,TRBV24-1,TRBJ2-1,viral
CATSDLGTDTQYF,TRBV15,TRBJ2-3,autoimmune
CATSDLHGSGGPDEQFF,TRBV24-1,TRBJ2-1,autoimmune
CATSDLHRGDEQFF,TRBV4-1,TRBJ1-1,viral
CATSDLKVHSGNYGYTF,TRBV15,TRBJ2-1,viral
CATSDLMDNEQF,TRBV24-1,TRBJ2-1,viral
CATSDLQDTGELFF,TRBV24-1,TRBJ2-2,bacterial
CATSDLQGGESGELFF,TRBV24-1,TRBJ2-2,bacterial
CATSDLRGGKF,TRBV24-1,TRBJ2-1,viral
CATSDLTGDTGELF,TRBV15,TRBJ2-2,autoimmune
CATSDPGTTLQYF,TRBV24-1,TRBJ2-7,viral
CATSDPLTASYEQF,TRBV15,TRBJ2-1,viral
CATSDQGGTEDEQF,TRBV24,TRBJ2-1,cancer
CATSDQTVQPQHF,TRBV24-1,TRBJ1-5,viral
CATSDRESYEQYF,TRBV15,TRBJ2-7,viral
CATSDRGQGEYNEQFF,TRBV24-1,TRBJ2-2,viral
CATSDRMDNEQF,TRBV24,TRBJ2-1,viral
CATSDRTSATEAFF,TRBV2-1,TRBJ1-1-1,viral
CATSDRWTGEISTEAFF,TRBV24-1,TRBJ1-1,viral
CATSDSGQAFADTQYF,TRBV24-1,TRBJ2-3,viral
CATSDSRQINTGELF,TRBV24-1,TRBJ2-2,cancer
CATSDSSGPYNEQFF,TRBV24-1,TRBJ2-1,viral
CATSDSYEQYF,TRBV24-1,TRBJ2-7,viral
CATSDTHSGANVLTF,TRBV15,TRBJ2-6,viral
CATSDVTGEETQYF,TRBV24-1,TRBJ2-5,viral
CATSDWGLNTGELFF,TRBV24-1,TRBJ2-2,viral
CATSDYVSGTLQETQYF,TRBV2-1,TRBJ2-5-1,viral
CATSEAANTGELF,TRBV24-1,TRBJ2-2,viral
CATSEAASSWTGELF,TRBV24-1,TRBJ2-2,viral
CATSEEGGEKLFF,TRBV15,TRBJ1-4,viral
CATSEGGGLSTDTQYF,TRBV24-1,TRBJ2-3,bacterial
CATSEGTSGTHEQYF,TRBV15,TRBJ2-7,viral
CATSEHPGGFSQYF,,,autoimmune
CATSERGDLNFGTDTQYF,TRBV1-1,TRBJ2-3-1,viral
CATSERGGMETQYF,TRBV15,TRBJ2-5,viral
CATSERGSTDTQYF,TRBV15,TRBJ2-3,viral
CATSESRGGGYGYTF,TRBV15,TRBJ1-2,viral
CATSESSGQTYEQYF,TRBV15,TRBJ2-7,cancer
CATSETGDPYGYTF,TRBV12-5,TRBJ1-2,viral
CATSETGELF,TRBV24-1,TRBJ2-2,viral
CATSETGTTLEQYF,TRBV15,TRBJ2-7,viral
CATSEVDNEQF,TRBV24-1,TRBJ2-1,autoimmune
CATSFPPGGLNGYTF,TRBV15,TRBJ1-2,autoimmune
CATSGEGQGGPYGYTF,TRBV15,TRBJ1-2,viral
CATSGELDTQYF,TRBV5-1,TRBJ2-3,cancer
CATSGGGAYEQYF,TRBV15,TRBJ2-7,viral
CATSGGGTDTQYF,TRBV7-8,TRBJ2-3,viral
CATSGGTSYEQFF,TRBV15,TRBJ2-1,viral
CATSGLDSSYYGYTF,TRBV15,TRBJ1-2,viral
CATSGPSASYEQYF,TRBV24-1,TRBJ2-7,viral
CATSGQPQETQYF,TRBV15,TRBJ2-5,viral
CATSGRYGEQF,TRBV24-1,TRBJ2-7,viral
CATSGTAGETQYF,TRBV15,TRBJ2-5,viral
CATSGTGGSGANVLTF,TRBV15,TRBJ2-6,viral
CATSGTGVPHYNEQF,TRBV24-1,TRBJ2-1,cancer
CATSGTGYYEQYF,TRBV2-7-1,TRBJ1-1,viral
CATSGVAGQETQYF,TRBV24-1,TRBJ2-5,viral
CATSGVTGELF,TRBV27,TRBJ2-2,viral
CATSGYLLDRSTDTQYF,TRBV15,TRBJ2-3,viral
CATSIGSSGNEQF,TRBV27,TRBJ2-1,viral
CATSISGTSGSDEQFF,TRBV15,TRBJ2-1,viral
CATSITSGTGLDEQFF,TRBV15,TRBJ2-1,bacterial
CATSKGREWLFGNQPQHF,TRBV15,TRBJ1-5,viral
CATSKRTDGYGYTF,TRBV15,TRBJ1-2,viral
CATSKSLAGGDTQYF,TRBV15,TRBJ2-3,viral
CATSKSNENYEQYF,TRBV15,TRBJ2-7,bacterial
CATSLLVRDNEQF,TRBV15,TRBJ2-1,viral
CATSLPGTTETQYF,TRBV15,TRBJ2-5,viral
CATSLQRGTYEQYF,TRBV15,TRBJ2-7,viral
CATSLRTSGIIEQYF,TRBV15,TRBJ2-7,viral
CATSMGGQITQYF,TRBV15,TRBJ2-3,viral
CATSNIAGETQYF,TRBV15,TRBJ2-5,viral
CATSPDPPADEQFF,TRBV24,TRBJ02-1,autoimmune
CATSPDRGGADEKLFF,TRBV15,TRBJ1-4,viral
CATSPGDEQYF,TRBV25-1,TRBJ2-7,viral
CATSPGQASGYEQYF,TRBV25-1,TRBJ2-7,bacterial
CATSPGQGPYEQYF,TRBV15,TRBJ2-7,viral
CATSPLLESNYGYTF,TRBV15,TRBJ1-2,viral
CATSPQVTYSNQPQHF,TRBV15,TRBJ1-5,viral
CATSPRGGAVEQF,TRBV15,TRBJ2-1,viral
CATSPRGGNQPQHF,TRBV15,TRBJ1-5,viral
CATSPRGTGDYEQYF,TRBV24-1,TRBJ2-7,autoimmune
CATSPTNEYQETQYF,TRBV15,TRBJ2-5,viral
CATSPVVPGIGELFF,TRBV12-3/12-4,TRBJ2-2,viral
CATSQGSYGYTF,TRBV19,,viral
CATSRAGAYEQYF,TRBV15,TRBJ2-7,viral
CATSRAGTYNTGELFF,TRBV15,TRBJ2-2,viral
CATSRASGSYEQYF,TRBV15,TRBJ2-7,viral
CATSRATSNQPQHF,TRBV15,TRBJ1-5,viral
CATSRAVDNSYEQYF,TRBV15,TRBJ2-7,viral
CATSRDAGETQYF,TRBV15,TRBJ2-5,viral
CATSRDASSGANVLTF,TRBV15,TRBJ2-6,bacterial
CATSRDFQVNQPQHF,TRBV15,TRBJ1-5,viral
CATSRDGAGSNEKLF,TRBV15,TRBJ1-4,viral
CATSRDGGETQYF,TRBV15,TRBJ2-5,viral
CATSRDGSGGASGELFF,TRBV15,TRBJ2-2,viral
CATSRDGTGDSPTGELFF,TRBV15,TRBJ2-2,bacterial
CATSRDGVAETYEQYF,TRBV15,TRBJ2-7,bacterial
CATSRDHSSGANVLTF,TRBV15,TRBJ2-6,bacterial
CATSRDIGQGPLSTDTQYF,TRBV15,TRBJ2-3,viral
CATSRDKRDSYNEQFF,TRBV15,TRBJ1-216,bacterial
CATSRDLAEVNTEAFF,TRBV1-1,TRBJ1-1-1,viral
CATSRDLGQGAPSTDTQYF,TRBV15,TRBJ2-3,viral
CATSRDLGTSGGLLPDTQYF,TRBV15,TRBJ2-3,autoimmune
CATSRDLSFGYGYTF,TRBV15,TRBJ1-2,viral
CATSRDLVAETQYF,TRBV15,TRBJ2-7,viral
CATSRDNSPTDTQYF,TRBV15-1,TRBJ2-3,autoimmune
CATSRDRETGGDYGYTF,TRBV15,TRBJ1-2,viral
CATSRDRGGANVLTF,TRBV15,TRBJ2-6,bacterial
CATSRDRLAGGIHEQYF,TRBV15,TRBJ2-7,viral
CATSRDRQEAFF,TRBV15-1,TRBJ01-1,autoimmune
CATSRDRSGSYEQYF,TRBV15,TRBJ2-7,viral
CATSRDRWNTEAFF,TRBV15,TRBJ1-1,viral
CATSRDRYEQYF,TRBV15,TRBJ2-7,viral
CATSRDSGANVLTF,TRBV15,TRBJ2-6,bacterial
CATSRDSGDTGELFF,TRBV15,TRBJ2-2,viral
CATSRDSQRNNEQFF,TRBV15,TRBJ2-1,viral
CATSRDTLAGAPQDTQYF,,TRBJ2-3,autoimmune
CATSRDVAGGGTQYF,TRBV15,TRBJ02-5,autoimmune
CATSRDVIGSNEQFF,TRBV15,TRBJ2-1,viral
CATSREEGQTYEQYF,TRBV15,TRBJ2-7,viral
CATSREFGGLKGEQF,TRBV15-1,TRBJ2-1,autoimmune
CATSREGGETQYF,TRBV15,TRBJ2-5,viral
CATSREGIGDNTIYF,TRBV15,TRBJ1-3,viral
CATSRELTGGPSYEQYF,TRBV15,TRBJ2-7,viral
CATSREQNNSPLHF,TRBV15,TRBJ1-6,viral
CATSRERAGEEETQYF,TRBV15,TRBJ2-5,viral
CATSRERGGGGETQYF,TRBV15,TRBJ2-5,viral
CATSRERWGEYEQYF,TRBV15,TRBJ2-7,viral
CATSRESGNGKLFF,TRBV15,TRBJ1-4,viral
CATSRFGGEKLFF,TRBV15,TRBJ1-4,viral
CATSRGAGRDQETQYF,,TRBJ2-5,autoimmune
CATSRGDEVGEQYF,TRBV15,TRBJ2-7,viral
CATSRGDTGELFF,TRBV29-1,TRBJ2-1,viral
CATSRGQSYGYTF,TRBV15,TRBJ1-2,viral
CATSRGRFESGRADTQYF,TRBV15,TRBJ2-3,viral
CATSRGRSGTPRNTEAF,TRBV15-1,TRBJ1-1,autoimmune
CATSRGTEYNEQFF,TRBV15,TRBJ2-1,bacterial
CATSRGTGGSYEQYF,TRBV15,TRBJ1-219,bacterial
CATSRGTGQTYEQYF,TRBV15,TRBJ2-7,viral
CATSRGTVSYEQYF,TRBV15,,viral
CATSRLAGEEQF,,TRBJ2-1,autoimmune
CATSRLLSEQYF,TRBV15,TRBJ2-7,viral
CATSRPLDSTDTQYF,TRBV15,TRBJ2-3,viral
CATSRPTSGSDEQF,TRBV15,TRBJ2-1,viral
CATSRPTVGSRLRDGYTF,TRBV15,,viral
CATSRRAGTGDNEQFF,TRBV15,TRBJ1-220,bacterial
CATSRRGSGSQETQYF,TRBV15-1,TRBJ2-5,autoimmune
CATSRSGLAGKDTQY,TRBV15,TRBJ2-3,viral
CATSRTEGLSEQYF,TRBV15,TRBJ2-7,viral
CATSRTGGETQYF,TRBV15,TRBJ2-5,viral
CATSRTGRWETQYF,TRBV15-1,TRBJ02-5,autoimmune
CATSRTSGEEQYF,TRBV15,TRBJ2-7,viral
CATSRTSGRPSTDTQYF,TRBV2,TRBJ2-1,viral
CATSRVAGEELFF,TRBV15,TRBJ2-2,viral
CATSRVAGEEQFF,TRBV15,TRBJ2-1,viral
CATSRVAGETQYF,TRBV15,TRBJ2-5,viral
CATSRVAGEVQYF,TRBV15,TRBJ2-7,viral
CATSRVKAFRDTQYF,TRBV15,TRBJ2-3,viral
CATSRVNPQETQYF,TRBV15,TRBJ2-5,viral
CATSRVPSSYNEQFF,TRBV7-8,TRBJ2-1,viral
CATSRVRGFTEAFF,TRBV15,TRBJ1-1,viral
CATSRVSSGLNEQFF,TRBV15,TRBJ2-1,viral
CATSSASGRGSDTQYF,TRBV15,TRBJ2-3,viral
CATSSASGSGSDTQYF,TRBV15,TRBJ2-3,viral
CATSSASGSTDTQYF,TRBV15,TRBJ2-3,viral
CATSSASSYEQYF,TRBV15,TRBJ2-7,viral
CATSSESYFNGYTF,TRBV15,TRBJ1-2,viral
CATSSGPSNTEAF,,TRBJ1-1,autoimmune
CATSSGQGWNSPL,TRBV15,TRBJ1-6,autoimmune
CATSSGSRQGNNEQFF,TRBV15,TRBJ2-1,viral
CATSSGTGAYEQYF,TRBV15,TRBJ2-7,viral
CATSSGYEAGDNYEQYF,TRBV24-1,TRBJ2-7,viral
CATSSHAGETQYF,TRBV15,TRBJ2-5,viral
CATSSHVGETQYF,TRBV15,TRBJ2-5,viral
CATSSLSGRVTGELFF,TRBV15,TRBJ2-2,viral
CATSSNPGQGTDTQYF,TRBV15,TRBJ2-3,bacterial
CATSSPGLASDEQF,TRBV15,TRBJ2-1,viral
CATSSPQGASDEQYF,TRBV15,TRBJ2-7,viral
CATSSPQRGGPTDTQYF,TRBV15,TRBJ2-3,viral
CATSSRDTSSDEQF,TRBV15,TRBJ2-1,viral
CATSSSAGEEQFF,TRBV15,TRBJ2-1,viral
CATSSVAGEEQFF,TRBV15,TRBJ2-1,viral
CATSTDREGSSEQYF,TRBV15,TRBJ1-223,bacterial
CATSTENLGSPNTEAFF,TRBV15,TRBJ1-1,viral
CATSTGDPNQPQHF,TRBV10-3,TRBJ1-5,viral
CATSTPNTEAFF,TRBV24-1,TRBJ1-1,viral
CATSTSGASTDTQYF,TRBV15,TRBJ2-3,viral
CATSTVGGSGANVLTF,TRBV15,TRBJ2-6,bacterial
CATSTWATEQFF,TRBV2,TRBJ2-1,viral
CATSTYRVGSSDEQYF,TRBV15,TRBJ2-7,viral
CATSVPSGRSYNEQF,TRBV24-1,TRBJ2-1,viral
CATSVSSGRHTGELF,,TRBJ2-2,autoimmune
CATSVTGGETQYF,TRBV15,TRBJ2-5,viral
CATSVTVLDTGELFF,TRBV4-3,TRBJ2-2,viral
CATSYGTGEEEAFF,TRBV15,TRBJ1-1,viral
CATSYTGSANYGYTF,TRBV15,TRBJ1-2,viral
CATTDTYGYTF,TRBV19,TRBJ1-2,viral
CATTGGSGYEQYF,TRBV15,TRBJ2-7,viral
CATTGSAYGYTF,TRBV7-9,TRBJ1-2,viral
CATTGSYGYTF,TRBV30,TRBJ1-2,viral
CATTGTYGYTF,TRBV19,TRBJ1-2,viral
CATTIYEQYF,TRBV12-3,TRBJ2-7,viral
CATTLGLAGDEQYF,TRBV5-4,TRBJ2-7,viral
CATTLIMGGYAFF,TRBV7-2,TRBJ1-1,viral
CATTSGQKNTEAFF,TRBV6-1/6-5/6-6,TRBJ1-1,viral
CATTTGTESSNQPQHF,TRBV27,TRBJ1-1,viral
CATTTPYNEQFF,TRBV7-9,TRBJ2-1,viral
CATTVGVIGNQPQHF,TRBV19,,viral
CATTWTAGETQYF,TRBV15,TRBJ2-5,viral
CATVGGIDQPQHF,TRBV10-3,TRBJ1-5,viral
CATVVLLLARGEEGTDTQYF,TRBV6-9,TRBJ2-3,viral
CATWTGQGNQPQHF,TRBV25-1,TRBJ1-5,autoimmune
CATYSDTGELFF,TRBV28,TRBJ2-2,viral
CAVGAGATYEQYF,TRBV6-1,TRBJ2-7,viral
CAVGPSNTGKLIF,TRBV22-1,TRBJ37-2,viral
CAVGRWDNEQYF,TRBV2,TRBJ2-7,viral
CAVGTGGTNEKLF,TRBV29,TRBJ1-4,viral
CAVGYGGTNEKLF,TRBV29,TRBJ1-4,viral
CAVLMDNDMRF,TRBV8-1-1,TRBJ43-1,viral
CAVLVDPYNEQFF,TRBV4-1,TRBJ2-1,viral
CAVNGGSNYGYTF,TRBV2-1,TRBJ1-2-1,viral
CAVRDGTGANNLFF,TRBV3-1,TRBJ36-1,viral
CAVRDLNTGFQKLVF,TRBV3-1,TRBJ8-1,viral
CAVRLGGARLMF,TRBV3-1,TRBJ31-1,viral
CAVRLMENYGYTF,TRBV10-3,TRBJ1-2,viral
CAVTAGDEQFF,TRBV25-1,TRBJ2-1,viral
CAVTGDNRNTIYF,TRBV3-1/3-2,TRBJ1-3,viral
CAVTRNPGDSNYQLIW,TRBV8-2-1,TRBJ33-1,viral
CAWANTGELFF,TRBV30,TRBJ2-2,viral
CAWAPGQGAYEQYF,TRBV30,TRBJ2-7,viral
CAWASNPDEQFF,TRBV7-6,TRBJ2-1,viral
CAWDSNSYEQYF,TRBV30,TRBJ2-7,viral
CAWEAGVRYEQYF,TRBV30,TRBJ2-7,viral
CAWEDRYNEQFF,TRBV30,TRBJ2-1,viral
CAWEKGTSGTYEQYF,TRBV30,TRBJ2-7,viral
CAWELTGLHTDTQYF,TRBV30,TRBJ2-3,viral
CAWEPGSGQEEFNAYF,TRBV30,TRBJ2-7,viral
CAWEPGSGQNTEAFF,TRBV30,TRBJ1-1,viral
CAWGDRGGYGYTF,TRBV30,TRBJ1-2,viral
CAWGFEGIGTEAFF,TRBV3,TRBJ1-1,autoimmune
CAWGLDTQYF,TRBV30,TRBJ2-3,viral
CAWGYQITGSAYGYTF,TRBV30,TRBJ1-2,viral
CAWIGLGGETQYF,TRBV30,TRBJ2-5,viral
CAWIITSTDTQYF,TRBV30,,viral
CAWIPGTGGAGGLF,TRBV30,TRBJ2-3,viral
CAWIPTERQTYGYTF,TRBV30,TRBJ1-2,viral
CAWITEMNTEAFF,TRBV30,TRBJ1-1,viral
CAWKASGNTIYF,TRBV30,TRBJ1-3,viral
CAWKFRGNIQYF,TRBV30,TRBJ2-4,viral
CAWKLMGNTIYF,TRBV30,TRBJ1-3,viral
CAWKNPGLLDEQFF,TRBV30,TRBJ2-1,viral
CAWKPGRDEQFF,TRBV30,TRBJ2-1,viral
CAWLFPGLATEQYF,TRBV30,TRBJ2-7,viral
CAWLNTGELFF,TRBV30,TRBJ2-2,viral
CAWMGRGDYEQYF,TRBV30,TRBJ2-7,viral
CAWMGSGLYEQYF,TRBV30,TRBJ2-7,viral
CAWNKGIAGYTF,TRBV30,TRBJ1-2,viral
CAWNLAMRDTQYF,TRBV30,TRBJ2-3,viral
CAWNREGSALTTQYF,TRBV30,TRBJ2-5,viral
CAWNRGSTDTQYF,TRBV30,TRBJ2-3,viral
CAWQDRWASHNEQFF,TRBV30,TRBJ2-7,viral
CAWRDPKALYEQYF,TRBV30,TRBJ2-7,viral
CAWRDRVGHQPQHF,TRBV30,TRBJ1-5,viral
CAWRDRVYDEKLFF,TRBV30,TRBJ1-4,viral
CAWRDSGSLNNEQFF,TRBV30,TRBJ2-1,viral
CAWRGAQGYTF,TRBV30,TRBJ1-2,viral
CAWRGGQGQIYEQYF,TRBV30,TRBJ2-7,viral
CAWRGSIEQYF,TRBV30,TRBJ2-7,viral
CAWRGTDSFYEQYF,TRBV30,TRBJ2-7,viral
CAWRHRDRGSEQFF,TRBV30,TRBJ2-1,viral
CAWRPAMVYEQYF,TRBV30,,viral
CAWRPEPGQEEFNAYF,TRBV30,TRBJ2-7,viral
CAWRQGQGFEAFF,TRBV30,TRBJ1-1,viral
CAWRSTGGIGDTQYF,TRBV30-1,TRBJ2-3,autoimmune
CAWSAGAAYEQFF,TRBV30,TRBJ2-1,viral
CAWSAGAAYEQYF,TRBV30,TRBJ2-7,viral
CAWSAGATEAFF,TRBV30,TRBJ1-1,viral
CAWSAGGMDTEAFF,TRBV30,TRBJ1-1,viral
CAWSAGVNTGELFF,TRBV30,TRBJ2-2,viral
CAWSASGFTDTQYF,TRBV30,TRBJ2-3,viral
CAWSATSGSEQYF,TRBV30,TRBJ2-7,viral
CAWSAVGGGYGYTF,TRBV30,TRBJ1-2,viral
CAWSAVGGGYTF,TRBV30,TRBJ1-2,viral
CAWSAVLLNTEAFF,TRBV30,TRBJ1-1,viral
CAWSAVNEQFF,TRBV30,TRBJ2-1,viral
CAWSAVVAGGEQFF,TRBV30,TRBJ2-1,viral
CAWSDETGEGGYTQYF,TRBV30,TRBJ2-3,viral
CAWSDGGEQYF,TRBV30,TRBJ2-7,viral
CAWSDGQEQFF,TRBV30,TRBJ2-1,viral
CAWSDIWENYNSPLHF,TRBV30,TRBJ1-6,viral
CAWSDPGQEEFNAYF,TRBV30,TRBJ2-7,viral
CAWSDPGQPNTEAFF,TRBV30,TRBJ1-1,viral
CAWSDRGLVDTQYF,TRBV30,TRBJ2-3,viral
CAWSEFPGGSNQPQHF,TRBV30,TRBJ1-5,viral
CAWSEGDNQPQHF,TRBV30,,viral
CAWSEGMNTEAFF,TRBV30,TRBJ1-1,viral
CAWSEGTDSYNSPLHF,TRBV30,TRBJ1-229,bacterial
CAWSEIGGGYGYTF,TRBV30,TRBJ1-2,viral
CAWSEQGFEQYF,TRBV30,TRBJ2-7,viral
CAWSEWGANGYTF,TRBV30,TRBJ1-2,viral
CAWSFSSNEQFF,TRBV30,TRBJ2-1,viral
CAWSGAYEQYF,TRBV30,TRBJ2-7,viral
CAWSGDGGTEAFF,TRBV30,TRBJ1-1,viral
CAWSGFVFAGNTETQYF,TRBV30,TRBJ2-5,viral
CAWSGGIVEAFF,TRBV30,TRBJ1-1,viral
CAWSGGQNEQFF,TRBV30,TRBJ2-3,viral
CAWSGGTGASYGYTF,TRBV30,TRBJ01-2,autoimmune
CAWSGGTSRGAQYF,TRBV30,TRBJ2-5,viral
CAWSGGTSRRTQYF,TRBV30,TRBJ2-5,viral
CAWSGLGLAGAPSSYNEQFF,TRBV30,TRBJ2-1,viral
CAWSGLVSGGNEQYF,TRBV30,TRBJ2-7,viral
CAWSGPAGLLQYF,TRBV30,TRBJ2-4,viral
CAWSGQGYEQFF,TRBV30,TRBJ2-1,viral
CAWSGQGYEQYF,TRBV30,TRBJ2-7,viral
CAWSGRDRVENQPQHF,TRBV30,TRBJ1-5,viral
CAWSGRLAGESGELFF,TRBV30,,viral
CAWSGSDTQYF,TRBV30,TRBJ2-3,viral
CAWSGSWDGYTF,TRBV30,TRBJ1-2,viral
CAWSGTGGYEQYF,TRBV30,TRBJ2-7,viral
CAWSGTGVYGYTF,TRBV30,TRBJ1-2,viral
CAWSGVSYEQYF,TRBV30,TRBJ2-7,viral
CAWSHSLNSYEQYF,TRBV30,TRBJ2-7,viral
CAWSIAGFYNEQFF,TRBV30,TRBJ2-1,viral
CAWSIERELDEQFF,TRBV11-2,TRBJ2-2,viral
CAWSISDLAKNIQYF,TRBV3-1,TRBJ2-4-1,viral
CAWSKTGITYEQYF,TRBV30,TRBJ2-7,viral
CAWSLENTEAFF,TRBV30-1,TRBJ01-1,autoimmune
CAWSLGDEQFF,TRBV30,TRBJ2-1,viral
CAWSLGGSPLHF,TRBV30,TRBJ1-6,viral
CAWSLPASYEQYF,TRBV30,TRBJ2-7,viral
CAWSLSMNTEAFF,TRBV30,TRBJ1-1,viral
CAWSLSTGGYGYTF,TRBV30,TRBJ1-2,bacterial
CAWSLTGMNQPQHF,TRBV30,TRBJ1-5,viral
CAWSLTLHPRYEQYF,TRBV30,TRBJ2-7,viral
CAWSLTSGRGHEQFF,TRBV30,TRBJ2-1,viral
CAWSLVEGTGELFF,TRBV30,TRBJ2-2,viral
CAWSMDRDFYGYTF,TRBV30,TRBJ1-2,viral
CAWSNGGRAEAFF,TRBV30,TRBJ1-1,viral
CAWSNQPQHF,TRBV30,,viral
CAWSPEAGGPGELFF,TRBV30,TRBJ2-2,viral
CAWSPGAEQYF,TRBV30,TRBJ2-7,viral
CAWSPGDNEQFF,TRBV30,TRBJ2-1,viral
CAWSPGQGGETQYF,TRBV30,TRBJ2-5,viral
CAWSPGQGGQETQYF,TRBV30,TRBJ2-5,viral
CAWSPGTGAYGYTF,TRBV30,TRBJ1-2,viral
CAWSPGTGVLETQYF,TRBV30,TRBJ2-5,viral
CAWSPGTVSEQYF,TRBV30,TRBJ2-7,viral
CAWSPIAGGRNEQFF,TRBV30,TRBJ2-1,viral
CAWSPNTEAF,TRBV30,TRBJ1-1,cancer
CAWSPQVVEAFF,TRBV30,TRBJ1-1,viral
CAWSPSEAGELFF,TRBV30,TRBJ2-2,bacterial
CAWSQGASGNQPQHF,TRBV30,TRBJ1-5,viral
CAWSQGTSPGGANVLTF,TRBV30,TRBJ2-6,viral
CAWSQTNYGYTF,TRBV30,TRBJ1-2,viral
CAWSRAAVEQFF,TRBV30,TRBJ2-1,viral
CAWSRGAAEQFF,TRBV30,TRBJ2-1,viral
CAWSRGAVEPFF,TRBV30,TRBJ2-1,viral
CAWSRGAVEQFF,TRBV30,TRBJ2-1,viral
CAWSRGAVEQFL,TRBV30,TRBJ2-1,viral
CAWSRGAVEQLF,TRBV30,TRBJ2-1,viral
CAWSRGAVEQVF,TRBV30,TRBJ2-1,viral
CAWSRGAVEQYF,TRBV30,TRBJ2-1,viral
CAWSRGTEMKTQYF,TRBV30,TRBJ2-5,viral
CAWSRGVQNTEAFF,TRBV3,TRBJ1-1,autoimmune
CAWSRRAVEQFF,TRBV30,TRBJ2-1,viral
CAWSRTGATEAFF,TRBV30,TRBJ1-1,viral
CAWSRVGGYEQFF,TRBV30,TRBJ2-1,viral
CAWSRVGGYEQYF,TRBV30,TRBJ2-7,viral
CAWSSADTYYEQYF,TRBV30,TRBJ2-7,viral
CAWSSGAGRDEQFF,TRBV30,TRBJ2-1,viral
CAWSSGLGNEKLFF,TRBV30,TRBJ1-4,viral
CAWSSGNTYEQYF,TRBV30,TRBJ2-7,viral
CAWSSGRPHSNYEQYF,TRBV30,TRBJ2-1,viral
CAWSSPTGTAFNTGELFF,TRBV30,TRBJ2-2,viral
CAWSSRDSMTDTQYF,TRBV20,TRBJ2-3,viral
CAWSSRGQMTDTQYF,TRBV20,TRBJ2-3,viral
CAWSTGHFTGELFF,TRBV30,TRBJ2-2,viral
CAWSTLSGTDTQYF,TRBV30,TRBJ1-234,bacterial
CAWSTSGSYNEQFF,TRBV30,TRBJ2-1,viral
CAWSTVTYEQYF,TRBV30,TRBJ2-7,viral
CAWSVADTQYF,TRBV30,,viral
CAWSVAGDTDTQYF,TRBV30,TRBJ2-3,viral
CAWSVAGSTDTQYF,TRBV30,TRBJ2-3,viral
CAWSVAIGDIQYF,TRBV30,TRBJ2-4,viral
CAWSVAVEQYF,TRBV30,TRBJ2-7,viral
CAWSVFNRGTGYTF,TRBV30,TRBJ1-2,viral
CAWSVGAGGEETQYF,TRBV3,TRBJ2-5,autoimmune
CAWSVGAGGMNTEAFF,TRBV30,TRBJ1-1,viral
CAWSVGDRETGELFF,TRBV30,TRBJ2-2,bacterial
CAWSVGFLTDTQYF,TRBV30,TRBJ2-3,viral
CAWSVGGGGYGYTF,TRBV30,TRBJ1-2,viral
CAWSVGGGGYTF,TRBV30,TRBJ1-2,viral
CAWSVGGGLETQYF,TRBV30,TRBJ2-5,viral
CAWSVGGGYGYTF,TRBV30,TRBJ1-2,viral
CAWSVGGLEFKLFF,TRBV30,TRBJ1-4,viral
CAWSVGGQPQHF,TRBV30,TRBJ1-5,viral
CAWSVGGRSYEQYF,TRBV30,TRBJ2-7,bacterial
CAWSVGGVMNGYTF,TRBV30,TRBJ1-2,viral
CAWSVGLSYEQYF,TRBV3,TRBJ2-7,autoimmune
CAWSVGSGSEQYF,TRBV30,TRBJ2-7,viral
CAWSVHGTEAFF,TRBV30,TRBJ1-1,viral
CAWSVIGPYEPYF,TRBV30,TRBJ2-7,viral
CAWSVIGPYEQYF,TRBV30,TRBJ2-7,viral
CAWSVILGQGSGELFF,TRBV30,TRBJ1-235,bacterial
CAWSVILWGRGPTDTQYF,TRBV30,TRBJ2-3,viral
CAWSVLGGAVETQYF,TRBV30,TRBJ2-5,viral
CAWSVLGRNTEAFF,TRBV30,TRBJ1-1,viral
CAWSVLGSTDTQYF,TRBV30,TRBJ2-3,viral
CAWSVLPEAFF,TRBV30,TRBJ1-1,viral
CAWSVLTAESGELFF,TRBV12-3,TRBJ1-2,viral
CAWSVLTDSPLHF,TRBV30,TRBJ1-6,viral
CAWSVMGIEEQFF,TRBV30,TRBJ2-1,viral
CAWSVNGFPYGYTF,TRBV30,TRBJ1-2,viral
CAWSVPELAFNNEQFF,TRBV30,TRBJ2-1,viral
CAWSVPETGFNPDTQYF,TRBV30,TRBJ2-3,viral
CAWSVPGSSYNEQFF,TRBV30,TRBJ2-1,viral
CAWSVPGTSGHQPQHF,TRBV30,TRBJ1-5,viral
CAWSVPGTYSYEQYF,TRBV30,TRBJ2-7,viral
CAWSVPLGRREKLFF,TRBV30,TRBJ38-2/DV8,viral
CAWSVQFNQPQHF,TRBV30,TRBJ1-5,viral
CAWSVQGLGYGYTF,TRBV30,TRBJ1-2,cancer
CAWSVQPGVGQSETQYF,TRBV3,TRBJ2-5,autoimmune
CAWSVRDRVDNQPQHF,TRBV30,TRBJ1-5,viral
CAWSVRGTSFF,TRBV30,TRBJ1-1,viral
CAWSVSANYGYTF,TRBV30,TRBJ1-2,bacterial
CAWSVSDIMNTEAF,TRBV30,TRBJ1-1,viral
CAWSVSDLAKNIQYF,TRBV20,TRBJ1-3,viral
CAWSVSDVANTEAFF,TRBV3-1,TRBJ1-1-1,viral
CAWSVSGAALYEQYF,TRBV30,TRBJ2-7,viral
CAWSVSGGDEQYF,TRBV30,TRBJ2-7,viral
CAWSVSGSYGYTF,TRBV30,TRBJ1-2,viral
CAWSVSSYEQYF,TRBV30,TRBJ2-7,viral
CAWSVTAGWNQPQHF,TRBV30,TRBJ1-5,viral
CAWSVTGLGTEAF,TRBV30,TRBJ1-1,cancer
CAWSVVGNEQFF,TRBV30,TRBJ2-7,viral
CAWSVVQTYEQYF,TRBV30,TRBJ2-7,viral
CAWSVWDRGYEQYF,TRBV30,TRBJ2-7,viral
CAWSVYRGYEQYF,TRBV30,TRBJ2-7,viral
CAWSWLAGGPTETQYF,TRBV30,TRBJ2-5,viral
CAWSWSGGGTGELFF,TRBV30,TRBJ2-2,viral
CAWSWSSTDTQYF,TRBV30,TRBJ2-3,viral
CAWSYRGNQPQHF,TRBV3,TRBJ1-5,autoimmune
CAWSYSTTYEQYF,TRBV30,TRBJ2-7,viral
CAWTETGLSGNTIYF,TRBV30,TRBJ1-3,viral
CAWTFLGGGEQYF,TRBV30,TRBJ2-7,viral
CAWTGGVMGPSNGYTF,TRBV30,TRBJ1-2,viral
CAWTGTNYGYTF,TRBV30,TRBJ1-2,viral
CAWTLAGADTGELFF,TRBV30,TRBJ1-238,bacterial
CAWTLAGRDNGELFF,TRBV30,TRBJ2-2,viral
CAWTLAGRDTGELFF,TRBV30,TRBJ2-2,viral
CAWTMGLAGPYNEQFF,TRBV30,TRBJ2-1,viral
CAWTPAGTGELFF,TRBV30,TRBJ2-2,viral
CAWTPGAPGPTDTQYF,TRBV30,TRBJ2-3,viral
CAWTPGQVNTEAFF,TRBV30,TRBJ1-1,viral
CAWTQGLNTEAFF,TRBV30,TRBJ1-1,viral
CAWTRGYEQYF,TRBV30,TRBJ2-7,viral
CAWTSEAGGYNEQFF,TRBV30,TRBJ2-1,viral
CAWTSGGASEQYF,TRBV30,TRBJ2-7,viral
CAWTSGGYEQYF,TRBV30,TRBJ2-7,viral
CAWTSQTGISYEQYF,TRBV30,TRBJ2-7,viral
CAWVGILSGTEAFF,TRBV30,TRBJ1-1,viral
CAWVPLGGNYGYTF,TRBV30,TRBJ1-2,viral
CAYRQAGELFF,TRBV7-3,TRBJ2-2,viral
CAYSGTAPHEQYF,TRBV30,TRBJ2-7,viral
CGARDGPGNGYTF,TRBV20-1,TRBJ1-2,viral
CGARDGTGNGYTF,TRBV20-1,TRBJ1-2,viral
CGLITGATEAFF,TRBV29-1,TRBJ1-1,viral
CGPSSYEQYF,TRBV29-1,TRBJ2-7,viral
CGSSVVGDSRETQYF,TRBV9,TRBJ2-5,viral
CIAQGAQKLVF,TRBV26-1-3,TRBJ54-1,viral
CILRDPFTGGGIKFTF,TRBV26-2-1,TRBJ1-1,viral
CISVPAAGLVGGARDTQYF,TRBV30,TRBJ2-7,viral
CISVPAARTGHRTQYF,TRBV7-9,TRBJ2-5,viral
CLAGEWYGGSQGNLIF,TRBV4-1,TRBJ42-1,viral
CNARGQAITEKLFF,TRBV20-1,TRBJ1-4,viral
CNVGGTYEQYF,TRBV29-1,TRBJ2-7,viral
CPGRALGKRKTYGYTF,TRBV22,TRBJ01-2,autoimmune
CPSSPRGGGETQYF,TRBV5-4,TRBJ2-5,viral
CQQLKTGGNEQFF,TRBV7-3,TRBJ2-1,bacterial
CRARGQAITEKLFF,TRBV20-1,TRBJ1-4,viral
CRSYDGYGYTF,TRBV29-1,TRBJ1-2,viral
CRVDGFRTENNQPQHF,TRBV29-1,TRBJ1-5,viral
CSAADFEQFF,TRBV20-1,TRBJ2-1,viral
CSAADPVGYGYTF,TRBV20-1,TRBJ1-2,viral
CSAADRASGIEQYF,TRBV20-1,TRBJ2-7,viral
CSAADTGLGQPQHF,TRBV20,TRBJ1-5,cancer
CSAAFEGDYEAFF,TRBV20-1,TRBJ1-1,viral
CSAAGDRGADTQYF,TRBV20-1,TRBJ2-3,viral
CSAAGLAGGSYEQYF,TRBV2-1,TRBJ2-7-1,viral
CSAAGLVLTEQFF,TRBV20-1,TRBJ2-1,viral
CSAAGQGLDVSGRGRNEQFF,TRBV20-1,TRBJ2-1,viral
CSAALGDRAEAFF,TRBV29-1,TRBJ1-1,bacterial
CSAALVGGSYEQYF,TRBV20-1,TRBJ2-7,bacterial
CSAAPPGLGSPLHF,TRBV20,TRBJ1-6,cancer
CSAAQKMPSTDTQYF,TRBV20-1,TRBJ2-3,viral
CSAARGHYGYTF,TRBV20-1,,viral
CSAARLGREDETQYF,TRBV20-1,TRBJ2-5,viral
CSAARTGGNEKLFF,TRBV29-1,,viral
CSAASGGGSNEQFF,TRBV20-1,TRBJ1-241,bacterial
CSAAYRDGASYGYTF,TRBV20,TRBJ1-2,cancer
CSADGGLETQYF,TRBV20-1,TRBJ2-5,viral
CSADIQGAIGETQYF,TRBV29-1,TRBJ2-5,viral
CSADPGLGGTDTQYF,TRBV20-1,TRBJ2-3,viral
CSADRDHSVEQYF,TRBV20-1,TRBJ2-7,viral
CSADRGRTDTQYF,TRBV20-1,TRBJ2-3,viral
CSADRTGSYEQYF,TRBV20-1,TRBJ2-7,viral
CSADSSVGFHNEQF,TRBV29-1,TRBJ2-1,autoimmune
CSAEDTSGITDTQYF,TRBV29-1,TRBJ2-3,viral
CSAEGGGSYEQYF,TRBV29-1,TRBJ2-7,viral
CSAEGLQNTEAFF,TRBV20-1,TRBJ1-1,viral
CSAEIADYEQYF,TRBV29-1,TRBJ2-7,viral
CSAEISGTQLYNEQFF,TRBV2-1,TRBJ2-1-1,viral
CSAEPETSGGLQYF,TRBV2-1,TRBJ2-4-1,viral
CSAEPGTSGGLQYF,TRBV2-1,TRBJ2-4-1,viral
CSAESGESSYNEQFF,TRBV20-1,TRBJ2-1,bacterial
CSAETGLSYEQYF,TRBV20-1,TRBJ2-7,cancer
CSAETLQSTVQPQHF,TRBV20-1,TRBJ1-5,viral
CSAFDGEAF,TRBV2-1,TRBJ1-1,cancer
CSAFDRVYGYTF,TRBV20-1,TRBJ1-2,viral
CSAFDSAYSNQPQHF,TRBV2-1,TRBJ1-5,autoimmune
CSAFLSTFFTEAFF,TRBV20-1,TRBJ1-1,viral
CSAFQDSSYNEQFF,TRBV20-1,TRBJ2-1,viral
CSAFSGAAFVTDTQYF,TRBV2,TRBJ2-3,viral
CSAGDNEQFF,TRBV20-1,TRBJ2-1,viral
CSAGDWANNEQF,TRBV29-1,TRBJ2-1,viral
CSAGEASGVFQETQYF,TRBV20-1,,viral
CSAGEDWHEQYF,TRBV20-1,TRBJ2-7,viral
CSAGGAAAQETQYF,TRBV20-1,TRBJ2-5,viral
CSAGGPGIEQFF,TRBV29-1,TRBJ2-1,viral
CSAGGQGNEQYF,TRBV20-1,TRBJ2-7,viral
CSAGQGEGEQYF,TRBV27,TRBJ2-7,viral
CSAGQGGTEAFF,TRBV29-1,TRBJ1-1,viral
CSAGTDGGYTF,TRBV29-1,TRBJ1-2,viral
CSAGTDPYEQYF,TRBV29-1,TRBJ2-7,viral
CSAGTEGTNEKLFF,TRBV29-1,TRBJ1-4,viral
CSAGTGEGGEQF,TRBV27,TRBJ2-1,viral
CSAGTGGTNEKLFF,TRBV29-1,TRBJ1-4,viral
CSAGTGGTNEQF,TRBV4-1,TRBJ1-4,viral
CSAGTGRVYGYTF,TRBV29-1,TRBJ1-2,viral
CSAGYGQGSSPLHF,TRBV20-1,TRBJ1-6,bacterial
CSAHRTENTEAF,TRBV6-1,TRBJ1-1,viral
CSAIDGGASGANVLTF,TRBV20-1,TRBJ2-6,bacterial
CSAIDPGQVNQPQHF,TRBV20-1,TRBJ1-5,viral
CSAIPGTGGRIKAFF,TRBV29-1,TRBJ1-1,viral
CSAIPQGTPYNEQFF,TRBV20-1,TRBJ2-1,viral
CSAIPTGNYEQYF,TRBV20-1,TRBJ2-7,viral
CSAISGPDTDTQYF,TRBV20-1,TRBJ2-3,viral
CSAISGSGGVGDTQYF,TRBV20-1,TRBJ2-3,viral
CSAITPYSGNTIYF,TRBV20-1,TRBJ1-3,bacterial
CSAIVGSAYEQYF,TRBV20,TRBJ2-7,viral
CSAKAGGDTGELFF,TRBV20-1,TRBJ1-246,bacterial
CSAKDGTDYEQYF,TRBV20-1,TRBJ2-7,bacterial
CSAKGQAITEKLFF,TRBV20-1,TRBJ1-4,viral
CSAKLGQDHTGELFF,TRBV20-1,TRBJ2-2,viral
CSAKLRDYEQYF,TRBV20-1,TRBJ2-7,bacterial
CSAKQGRDTGELFF,TRBV20-1,TRBJ2-2,bacterial
CSAKQLNQETQYF,TRBV20,TRBJ02-5,autoimmune
CSAKRPSSYNEQFF,TRBV6-5,TRBJ1-2,viral
CSAKRVFPLDEQFF,TRBV20-1,TRBJ2-1,viral
CSAKSRVYGYTF,TRBV2-1,TRBJ2-1,cancer
CSAKTDEKLFF,TRBV2-1,TRBJ1-4,autoimmune
CSAKTGGADHEQYF,TRBV20-1,TRBJ2-7,bacterial
CSAKVEGYEQYF,TRBV20-1,,viral
CSALANEQFF,TRBV29-1,TRBJ2-1,viral
CSALDRAIANTGELFF,TRBV20-1,TRBJ2-2,viral
CSALDREPYNEQFF,TRBV20-1,TRBJ2-1,bacterial
CSALEGGYEQYF,TRBV20-1,TRBJ2-7,cancer
CSALGGDGETQYF,TRBV29-1,TRBJ2-5,viral
CSALGGQASTDTQYF,TRBV20-1,TRBJ2-3,cancer
CSALGLAGALSYNEQFF,TRBV20-1,TRBJ2-1,viral
CSALHGSVGLNQPQHF,TRBV20-1,TRBJ1-5,viral
CSALPGIYNEQFF,TRBV20-1,TRBJ2-1,viral
CSALQGSGDADTQYF,TRBV20-1,TRBJ2-3,bacterial
CSALRDNYNSPLHF,TRBV20-1,TRBJ1-6,viral
CSALSDEQYF,TRBV20-1,TRBJ2-7,viral
CSALSLVQGVSNEQFF,TRBV20-1,TRBJ2-1,bacterial
CSALVEGDEQF,TRBV20-1,TRBJ2-1,viral
CSALYYEQYF,TRBV20-1,TRBJ2-7,viral
CSAMAGGLRIYNEQF,TRBV2-1,TRBJ2-1,viral
CSAMEAGAPGEQYF,TRBV20-1,TRBJ2-7,viral
CSAMELAGASSYEQYF,TRBV2-1,TRBJ2-7,autoimmune
CSAMGLAEYNEQFF,TRBV20-1,TRBJ2-1,bacterial
CSAMGMNTEAFF,TRBV20-1,,viral
CSAMNAGLPPNIQYF,TRBV20-1,TRBJ2-4,viral
CSAMREVNTEAF,TRBV20,TRBJ1-1,viral
CSAMTSPYEQYF,TRBV29-1,TRBJ2-7,viral
CSANSDRVSYNEQFF,TRBV2-1,TRBJ2-1-1,viral
CSANSVSYNEQFF,TRBV20-1,TRBJ2-1,viral
CSANTRLTSYEQYF,TRBV20,TRBJ2-7,cancer
CSAPASGGGNEQFF,TRBV20-1,TRBJ2-1,viral
CSAPDGSRGGYTF,TRBV29-1,TRBJ1-2,viral
CSAPDLFGQGIETQYF,TRBV20-1,TRBJ2-5,viral
CSAPDRDTEAF,TRBV29-1,TRBJ1-1,viral
CSAPDTGLGQPQHF,TRBV20,TRBJ1-5,cancer
CSAPDWGNEQFF,TRBV20-1,TRBJ2-1,viral
CSAPDWNNEQFF,TRBV20-1,TRBJ2-1,viral
CSAPDWSNTQYF,TRBV20-1,TRBJ2-3,viral
CSAPEPTSGRWSGELF,TRBV20-1,TRBJ2-2,viral
CSAPFGLAGEGGNEQFF,TRBV20-1,TRBJ2-1,viral
CSAPGGRDTEAFF,TRBV20-1,TRBJ1-1,bacterial
CSAPGGVNAFF,TRBV20-1,TRBJ1-1,viral
CSAPGLGGTQYF,TRBV29-1,TRBJ2-5,viral
CSAPGPGGTEAFF,TRBV20-1,TRBJ1-1,viral
CSAPGQGFNEKLFF,TRBV20-1,TRBJ1-4,viral
CSAPGTGWVDEQFF,TRBV20-1,TRBJ2-1,viral
CSAPGWDTEAF,TRBV29-1,TRBJ1-1,viral
CSAPLAGGHNEQFF,TRBV20-1,TRBJ2-1,viral
CSAPLAGGPNEQFF,TRBV20-1,TRBJ2-1,viral
CSAPNWFNEQFF,TRBV20-1,TRBJ2-1,viral
CSAPPAGEYSNQPQHF,TRBV2-1,TRBJ1-5-1,viral
CSAPPDSLNTEAFF,TRBV20-1,,viral
CSAPQLAGGTDTQYF,TRBV20-1,TRBJ2-3,viral
CSAPRGDTEAFF,TRBV20-1,TRBJ1-1,bacterial
CSAPRGEGETQYF,TRBV20-1,TRBJ2-5,bacterial
CSAPRGPNEQFF,TRBV20-1,TRBJ2-1,viral
CSAPRGTSGYNEQFF,TRBV20-1,TRBJ2-1,bacterial
CSAPRQGGFSTDTQYF,TRBV20-1,TRBJ2-3,viral
CSAPRYNEQFF,TRBV20-1,TRBJ2-1,viral
CSAPSGINYEQYF,,TRBJ2-7,autoimmune
CSAPSGLAGGPALDAQYF,TRBV20-1,TRBJ2-3,viral
CSAPSLLNTEAF,TRBV6-1,TRBJ1-1,viral
CSAPTLERNDIQYF,TRBV20-1,TRBJ2-4,viral
CSAPTSGGHNEQFF,TRBV20-1,TRBJ2-1,viral
CSAPTSGGPNEQFF,TRBV20-1,TRBJ2-1,viral
CSAPTSGGSNEQFF,TRBV20-1,TRBJ2-1,viral
CSAPTSGPYNEQFF,TRBV20-1,TRBJ2-1,viral
CSAPTTEVAGSTDTQYF,TRBV20-1,TRBJ2-3,viral
CSAPTWDNEQFF,TRBV20-1,TRBJ2-1,viral
CSAPYRVEGRIVNEQFF,TRBV20-1,TRBJ2-1,viral
CSAPYRVEGRIVNEQYF,TRBV20-1,TRBJ2-7,viral
CSAQGGVSYEQYF,TRBV29-1,TRBJ2-7,viral
CSAQGTGSSGANVLTF,TRBV20-1,TRBJ2-6,viral
CSAQGVGGQTYNEQF,TRBV20-1,TRBJ2-1,viral
CSAQLAFSSYNEQFF,TRBV20-1,TRBJ2-1,viral
CSAQPLTGAVYNEQFF,TRBV20-1,TRBJ2-1,viral
CSAQSGLAGGSLQETQYF,TRBV20-1,TRBJ2-5,viral
CSARAAGTSGRRGDTQYF,TRBV20-1,TRBJ2-3,viral
CSARAASGSVQETQYF,TRBV20-1,TRBJ2-5,viral
CSARAEGARDSPLHF,TRBV20-1,,viral
CSARAGADTEAFF,TRBV20-1,TRBJ1-1,viral
CSARAGAETQYF,TRBV20,TRBJ2-5,cancer
CSARAGDNEQFF,TRBV20-1,TRBJ2-1,bacterial
CSARAGGTSGDYEQYF,TRBV2-1,TRBJ2-7,autoimmune
CSARAGNQPQHF,TRBV20,TRBJ1-5,cancer
CSARAGTKTYEQY,TRBV20-1,TRBJ2-7,viral
CSARAGVGNTIYF,TRBV20-1,TRBJ1-3,viral
CSARALAGDQETQYF,TRBV20-1,TRBJ2-5,bacterial
CSARALGLVWSDEQFF,TRBV20-1,TRBJ2-1,viral
CSARALRGEQFF,TRBV20-1,TRBJ2-1,bacterial
CSARARRLAGGPDHAPDTQYF,,TRBJ2-3,autoimmune
CSARARSPEQYF,TRBV29-1,TRBJ2-1,viral
CSARATPGSRDTLHF,TRBV20-1,TRBJ1-6,viral
CSARDAQGGDTGELFF,TRBV20-1,TRBJ2-2,bacterial
CSARDATGNGYTF,TRBV20-1,TRBJ1-2,viral
CSARDDFGQGSYNEQFF,TRBV20-1,TRBJ2-1,viral
CSARDDGGIFDYEQYF,TRBV20-1,TRBJ2-7,viral
CSARDDGTVDYGYTF,TRBV20-1,TRBJ1-2,viral
CSARDEKATNTGELFF,,,viral
CSARDFDRTGELF,TRBV20-1,TRBJ2-2,viral
CSARDFIGGNEQFF,TRBV20-1,TRBJ2-1,viral
CSARDFRESNTIYF,TRBV20,TRBJ1-3,cancer
CSARDGALDTGELFF,TRBV20-1,TRBJ1-258,bacterial
CSARDGDRDTGELFF,TRBV20-1,TRBJ1-259,bacterial
CSARDGDYGYTF,TRBV20-1,TRBJ1-2,bacterial
CSARDGENTGELFF,TRBV20-1,TRBJ2-2,viral
CSARDGGEQYF,TRBV20-1,TRBJ2-7,viral
CSARDGGQGETQYF,TRBV20-1,TRBJ2-5,bacterial
CSARDGIGRVGDQPQHF,,TRBJ1-5,autoimmune
CSARDGKGNGYTF,TRBV20-1,TRBJ1-2,viral
CSARDGLADYNEQFF,TRBV20-1,TRBJ2-1,bacterial
CSARDGLAGHYEQYF,TRBV2-1,TRBJ2-7-1,viral
CSARDGLMEGAGELFF,TRBV20-1,TRBJ2-2,viral
CSARDGNREWLHF,TRBV20-1,TRBJ1-2,viral
CSARDGPGDPYEQYF,TRBV20-1,TRBJ2-7,viral
CSARDGRAASRDQPQHF,TRBV20-1,TRBJ1-5,viral
CSARDGSGNGYTF,TRBV20-1,TRBJ1-2,viral
CSARDGTGNDYTF,TRBV20-1,TRBJ1-2,viral
CSARDGTGNGYYTF,TRBV2-1,TRBJ1-2,viral
CSARDGTRAHYEQFF,TRBV2-1,TRBJ2-1-1,viral
CSARDGTSDTGELFF,TRBV20-1,TRBJ2-2,bacterial
CSARDIAGGAETQYF,TRBV20-1,TRBJ2-5,bacterial
CSARDIMNTGELFF,TRBV29-1,TRBJ2-2,viral
CSARDKAGEGYNEQFF,TRBV20-1,TRBJ2-1,viral
CSARDKFYRASGDSYEQYF,TRBV20-1,TRBJ2-7,viral
CSARDKGTGELFF,TRBV20-1,TRBJ2-2,viral
CSARDKTGNGYTF,TRBV20-1,TRBJ1-2,viral
CSARDKWGGELFF,TRBV20-1,TRBJ2-2,viral
CSARDLAESYNEQFF,TRBV20-1,TRBJ1-268,bacterial
CSARDLAGTDNSPLHF,TRBV20-1,TRBJ1-6,bacterial
CSARDLDSLSYEQYF,TRBV20-1,TRBJ2-7,viral
CSARDLEAGEFNEQF,TRBV20-1,TRBJ2-1,cancer
CSARDLEVGWNEQFF,TRBV20,TRBJ02-1,autoimmune
CSARDLGGGDTGELFF,TRBV20-1,TRBJ2-2,bacterial
CSARDLGGTAKNIQYF,TRBV12-3,TRBJ2-7,viral
CSARDLGLAGDTDTQYF,TRBV20-1,TRBJ2-3,viral
CSARDLGQGDTGELFF,TRBV20-1,TRBJ2-2,bacterial
CSARDLGTSRDYNEQFF,TRBV20-1,TRBJ2-1,bacterial
CSARDLLAGATDTQYF,TRBV20-1,TRBJ2-3,bacterial
CSARDLLAGGSYEQYF,TRBV20-1,TRBJ1-274,bacterial
CSARDLLGTSETQYF,TRBV20-1,TRBJ2-5,viral
CSARDLPSGTKTQYF,TRBV2,TRBJ2-3,autoimmune
CSARDLRQEQFF,TRBV20-1,TRBJ2-1,viral
CSARDLSGSSYEQYF,TRBV2-1,TRBJ2-7,autoimmune
CSARDLTDAEAFF,TRBV20-1,TRBJ1-1,viral
CSARDLTGNNEQFF,TRBV20-1,TRBJ2-1,viral
CSARDLTGPYNEQFF,TRBV20-1,TRBJ2-1,viral
CSARDLTSGDYNEQFF,TRBV20-1,TRBJ2-1,bacterial
CSARDMAGAGDTQYF,TRBV20-1,TRBJ2-3,viral
CSARDNLAGDTDTQYF,TRBV20-1,TRBJ2-3,viral
CSARDNLQARYGYTF,TRBV20-1,TRBJ2-4,viral
CSARDNYEQYF,TRBV20-1,TRBJ2-7,bacterial
CSARDPDRGQETQYF,TRBV20-1,TRBJ2-5,viral
CSARDPEGIYEQYF,TRBV20-1,TRBJ2-7,bacterial
CSARDPFGTGYLNSNQPQHF,TRBV20-1,TRBJ1-5,viral
CSARDPGETGYEQFF,TRBV20-1,TRBJ2-1,viral
CSARDPGLTFPF,TRBV20-1,TRBJ1-2,viral
CSARDPIRLISYEQYF,TRBV20-1,TRBJ2-7,viral
CSARDPISSYEQYF,TRBV20-1,TRBJ2-7,bacterial
CSARDPLDYVRTDTQYF,TRBV20-1,TRBJ2-3,viral
CSARDPLPEASGGAGTDTQYF,TRBV20-1,TRBJ2-3,viral
CSARDPPGREGNSPLHF,TRBV20-1,TRBJ1-6,viral
CSARDPRASGGYEQYF,TRBV20-1,TRBJ2-7,bacterial
CSARDPSGLAGGLAETQYF,TRBV2-1,TRBJ2-5-1,viral
CSARDPTGELFF,TRBV20-1,TRBJ2-2,viral
CSARDPTGLNRNNEQFF,TRBV20-1,TRBJ2-1,viral
CSARDPVSTYEQYF,TRBV20-1,TRBJ2-7,viral
CSARDQDILSYEQYF,TRBV20-1,TRBJ2-7,viral
CSARDQGAGDYNEQFF,TRBV20-1,TRBJ2-1,bacterial
CSARDQGEWGIKETQYF,TRBV20-1,TRBJ2-5,viral
CSARDQGNPFFYNEQFF,TRBV20-1,TRBJ2-1,viral
CSARDQGRDYEQYF,TRBV2-1,TRBJ2-7,autoimmune
CSARDQKGNGYTF,TRBV20-1,TRBJ1-2,viral
CSARDQSSNQPQHF,TRBV20-1,TRBJ1-5,cancer
CSARDQTAYYGYTF,TRBV201-1,TRBJ1-2,viral
CSARDQTGNGYTF,TRBV20-1,TRBJ1-2,viral
CSARDQTSGLYNEQFF,TRBV20-1,TRBJ2-1,viral
CSARDRADRVLIPDTQYF,TRBV20-1,TRBJ2-3,viral
CSARDRAGEGYNEQFF,TRBV20-1,TRBJ2-1,viral
CSARDRAHVAGGYLGNEQFF,TRBV20-1,TRBJ2-1,viral
CSARDRANYGETQYF,TRBV20-1,TRBJ2-5,viral
CSARDRASTDTQYF,TRBV20-1,TRBJ2-3,viral
CSARDRDRAMNTEAFF,TRBV20-1,TRBJ1-1,viral
CSARDRDRGYEQYF,TRBV20-1,TRBJ2-7,viral
CSARDRDRSLATEAFF,TRBV20-1,TRBJ1-1,viral
CSARDRDSSDTQYF,TRBV20-1,TRBJ2-3,viral
CSARDRDSSSYEQY,TRBV20-1,TRBJ2-7,autoimmune
CSARDRDTEAFF,TRBV20-1,TRBJ1-1,bacterial
CSARDRESREPYSYEQYF,TRBV20-1,TRBJ2-7,bacterial
CSARDRESTDTQYF,TRBV20-1,TRBJ2-3,viral
CSARDRETEAFF,TRBV20-1,TRBJ1-1,bacterial
CSARDRGIGNTIYF,TRBV20-1,TRBJ1-3,viral
CSARDRGLGNTIYF,TRBV2-1,TRBJ1-3,viral
CSARDRGSENTGELFF,TRBV2-1,TRBJ2-2,autoimmune
CSARDRGTREVADNYGYTF,TRBV20-1,TRBJ1-2,viral
CSARDRGWDEQFF,TRBV20-1,TRBJ2-1,viral
CSARDRHREWLHF,TRBV20-1,TRBJ1-2,viral
CSARDRIGNGYTF,TRBV20-1,TRBJ1-2,viral
CSARDRKGNGYTF,TRBV20-1,TRBJ1-2,viral
CSARDRLGEQYF,TRBV20-1,TRBJ2-7,viral
CSARDRNTQGPETQYF,TRBV2-1,TRBJ2-5-1,viral
CSARDRPGGPSNQPQHF,TRBV20-1,TRBJ1-5,viral
CSARDRSLGNTIYF,TRBV2-1,TRBJ1-3,viral
CSARDRTDNEQFF,TRBV20-1,TRBJ1-278,bacterial
CSARDRTGNGYTF,TRBV20-1,TRBJ1-2,viral
CSARDRTGNTIYF,TRBV2-1,TRBJ1-3,viral
CSARDRTSGRYEQFF,TRBV20-1,TRBJ2-1,viral
CSARDRTSGSYEQYF,TRBV20-1,TRBJ2-7,viral
CSARDRVGNGHTF,TRBV2-1,TRBJ1-2-1,viral
CSARDRVGNGYTF,TRBV2-1,TRBJ1-2-1,viral
CSARDRVGNTIYF,TRBV2-1,TRBJ1-3,viral
CSARDRWNSLGEQYF,TRBV20-1,TRBJ2-7,viral
CSARDSGGFYEQYF,TRBV20-1,TRBJ2-7,bacterial
CSARDSGTGYNEQFF,TRBV20-1,TRBJ1-279,bacterial
CSARDSLAGAYEQYF,TRBV20-1,TRBJ2-7,viral
CSARDSPGNGYTF,TRBV20-1,TRBJ1-2,viral
CSARDSTGKGYTF,TRBV29-1,TRBJ1-2,viral
CSARDSTGNGYTF,TRBV2-1,TRBJ1-2,viral
CSARDSTGSNQPQHF,TRBV20-1,TRBJ1-5,viral
CSARDSVGNGYTF,TRBV20-1,TRBJ1-2,viral
CSARDTGLDTGELFF,TRBV20-1,TRBJ2-2,viral
CSARDTLAGGVQETQYF,TRBV20-1,TRBJ2-5,viral
CSARDTSGSYNEQFF,TRBV20-1,TRBJ2-1,viral
CSARDTSNQPQHF,TRBV20-1,TRBJ1-5,viral
CSARDTTGNGYTF,TRBV2-1,TRBJ1-2-1,viral
CSARDTVGNGYTF,TRBV2-1,TRBJ1-2-1,viral
CSARDVGGPDTQYF,TRBV20-1,TRBJ2-3,viral
CSARDVGRNTGELFF,TRBV20-1,TRBJ2-2,viral
CSARDVPGTTLGGELFF,TRBV20-1,,viral
CSARDVSLAGGPDEQYF,TRBV20-1,TRBJ2-7,viral
CSARDWASGLSSYEQYF,TRBV20-1,TRBJ2-7,viral
CSARDWDRDYNEQFF,TRBV20-1,TRBJ2-1,bacterial
CSARDWGDGGTGELFF,TRBV20-1,TRBJ2-2,viral
CSARDWTGNGYTF,TRBV20-1,TRBJ1-2,viral
CSARDYAAYEQYF,TRBV20-1,TRBJ2-7,viral
CSARDYFADTQYF,TRBV20-1,TRBJ1-2,viral
CSARDYNSYEQYF,TRBV20-1,TRBJ2-7,viral
CSARDYRGGTTYEQYF,TRBV20-1,TRBJ2-7,viral
CSAREAGGRTQYF,TRBV20-1,TRBJ2-3,viral
CSAREAWRGRTEAFF,TRBV20-1,TRBJ2-3,viral
CSAREDEGWGGYTF,TRBV20-1,TRBJ1-2,viral
CSAREDREQYF,TRBV20-1,TRBJ2-7,bacterial
CSAREDSYNEQFF,TRBV20-1,TRBJ2-1,viral
CSAREEGTQAWETQYF,TRBV20-1,,viral
CSAREESPRETQYF,TRBV20-1,TRBJ1-287,bacterial
CSAREFRDFTYEQYF,TRBV20-1,TRBJ2-7,viral
CSAREGGGYNEQFF,TRBV20-1,TRBJ2-1,bacterial
CSAREGGILTDTQYF,TRBV20,TRBJ2-3,cancer
CSAREGITGELFF,TRBV29-1,TRBJ2-2,viral
CSAREGLAGVLYEQYF,TRBV20-1,TRBJ2-7,viral
CSAREGLQRDNEQFF,TRBV20-1,TRBJ2-1,viral
CSAREGTGDYNEQFF,TRBV20-1,TRBJ2-1,bacterial
CSAREGTGNGYTF,TRBV20-1,TRBJ1-2,viral
CSAREGVEGYTF,TRBV20-1,TRBJ1-2,viral
CSAREKGLNYNEQFF,TRBV20-1,TRBJ2-1,viral
CSAREKGSQETQYF,TRBV20-1,TRBJ2-5,viral
CSAREKTSGWDEQYF,TRBV20-1,TRBJ2-7,viral
CSARELAGGAYEQYF,TRBV20-1,TRBJ2-7,bacterial
CSAREPDDTREAF,TRBV20-1,TRBJ1-1,viral
CSAREQAITEKLFF,TRBV20-1,TRBJ1-4,viral
CSAREQRGYNEQFF,TRBV24-1,TRBJ2-1,viral
CSARESHEQYF,TRBV20-1,TRBJ2-7,bacterial
CSARESRGGSSYEQYF,TRBV20-1,TRBJ2-7,viral
CSAREVDSNQPQHF,TRBV2-1,TRBJ1-5,autoimmune
CSAREVYEQFF,TRBV20-1,TRBJ2-1,viral
CSARFLTGEDEKLFF,TRBV2-1,TRBJ1-4,autoimmune
CSARFPPGNTIYF,TRBV20-1,TRBJ1-3,viral
CSARFSGQGTEAF,TRBV20,TRBJ1-1,viral
CSARGALADFNSYEQYF,TRBV20-1,TRBJ2-7,viral
CSARGALGLQAPETQYF,TRBV20-1,TRBJ2-5,bacterial
CSARGALTNYGYTF,TRBV20-1,TRBJ1-2,viral
CSARGAPGGTQETQYF,TRBV20-1,TRBJ2-5,bacterial
CSARGDGGRLGTDTQYF,TRBV20-1,TRBJ2-3,viral
CSARGDSEVGQETQYF,TRBV20-1,TRBJ2-5,bacterial
CSARGDTGTGYEQYF,TRBV20-1,TRBJ2-7,viral
CSARGDYEQYF,TRBV20-1,TRBJ2-7,bacterial
CSARGEGLSYEQYF,TRBV20-1,TRBJ2-7,viral
CSARGELGVDEQFF,TRBV20-1,TRBJ2-1,viral
CSARGGDSVLRVGEQYF,TRBV2-1,TRBJ2-7-1,viral
CSARGGEGGPQHF,TRBV20-1,TRBJ1-5,bacterial
CSARGGGPGELFF,TRBV20-1,TRBJ2-2,viral
CSARGGGTFAYEQYF,TRBV20-1,TRBJ2-7,bacterial
CSARGGINEQFF,TRBV20-1,TRBJ2-1,viral
CSARGGPGEVGNTIYF,TRBV20-1,TRBJ1-3,viral
CSARGGQGLAKNIQYF,TRBV20-1,TRBJ2-4,bacterial
CSARGGQIDEAFF,TRBV20-1,TRBJ1-1,bacterial
CSARGGQLQETQYF,TRBV20-1,TRBJ2-5,viral
CSARGGRTDTEAFF,TRBV20-1,TRBJ1-1,bacterial
CSARGGTGNGYTF,TRBV29-1,TRBJ1-2,viral
CSARGGTSIFYTF,TRBV20-1,TRBJ1-2,viral
CSARGGVQRLSYEQYF,TRBV20-1,TRBJ1-292,bacterial
CSARGGVYNEQFF,TRBV20-1,TRBJ2-1,viral
CSARGHREVTEAFF,TRBV20-1,TRBJ1-1,bacterial
CSARGLAGYEQYF,TRBV20-1,TRBJ2-7,bacterial
CSARGLGVNTEAF,TRBV20-1,TRBJ1-1,viral
CSARGMDGVETQYF,TRBV2-1,TRBJ2-5,autoimmune
CSARGPSGANVLTF,TRBV20-1,TRBJ2-6,viral
CSARGQAITAKLFF,TRBV20-1,TRBJ1-4,viral
CSARGQAITDKLFF,TRBV20-1,TRBJ1-4,viral
CSARGQAITEKLCF,TRBV20-1,TRBJ1-4,viral
CSARGQAITEKLFC,TRBV20-1,TRBJ1-4,viral
CSARGQAITEKLFF,TRBV20-1,TRBJ1-4,viral
CSARGQAITEKLFL,TRBV20-1,TRBJ1-4,viral
CSARGQAITEKLFS,TRBV20-1,TRBJ1-4,viral
CSARGQAITEKLFV,TRBV20-1,TRBJ1-4,viral
CSARGQAITEKLLF,TRBV20-1,TRBJ1-4,viral
CSARGQAITEKLSF,TRBV20-1,TRBJ1-4,viral
CSARGQAITEKPFF,TRBV20-1,TRBJ1-4,viral
CSARGQAITEKRFF,TRBV20-1,TRBJ1-4,viral
CSARGQAITENLFF,TRBV20-1,TRBJ1-4,viral
CSARGQAITEQLFF,TRBV20-1,TRBJ1-4,viral
CSARGQAPYEQYF,TRBV20-1,TRBJ2-7,viral
CSARGQATTEKLFF,TRBV20-1,TRBJ1-4,viral
CSARGQDITEKLFF,TRBV20-1,TRBJ1-4,viral
CSARGQDIYEQYF,TRBV20-1-1,TRBJ2-7-1,viral
CSARGQGDEQYF,TRBV2-1,TRBJ2-7-1,viral
CSARGQGEERGEQYF,TRBV20-1,TRBJ2-7,bacterial
CSARGQQGAHEQYF,TRBV20-1,TRBJ2-7,viral
CSARGQQGIETEAFF,TRBV20-1,TRBJ1-1,bacterial
CSARGQTITEKLFF,TRBV20-1,TRBJ1-4,viral
CSARGRQGFSYEQYF,TRBV20-1,TRBJ2-7,bacterial
CSARGTGDTEAFF,TRBV20-1,TRBJ1-1,bacterial
CSARGTGNGYTF,TRBV20,TRBJ1-2,viral
CSARGTSGQETQYF,TRBV20-1,TRBJ2-5,bacterial
CSARGVAANPYEQY,TRBV20-1,TRBJ2-7,autoimmune
CSARGVASYEQYF,TRBV20-1,TRBJ2-7,viral
CSARGVGEGDTEAFF,TRBV20-1,TRBJ1-1,bacterial
CSARGWVSNNQETQYF,TRBV20-1,TRBJ2-5,viral
CSARGWVSNNRETQYF,TRBV20-1,TRBJ2-5,viral
CSARHDLGQGYEQYF,TRBV20-1,TRBJ2-7,viral
CSARHLISHEQFF,TRBV2-1,TRBJ2-1,autoimmune
CSARHRGAWDLQPNTGELFF,TRBV20-1,TRBJ2-2,viral
CSARIEVGNTIYF,TRBV20-1,TRBJ1-3,viral
CSARIGDRDTDTQYF,TRBV20-1,TRBJ2-3,viral
CSARIGVGNTIYF,TRBV20-1,TRBJ1-3,viral
CSARIPTSGGPETQYF,TRBV20-1,TRBJ2-5,viral
CSARLADNEQFF,TRBV20-1,TRBJ2-1,viral
CSARLADSYNEQFF,TRBV20-1,TRBJ2-1,bacterial
CSARLADYNEQFF,TRBV20-1,TRBJ2-1,viral
CSARLAGDTGELFF,TRBV29-1,TRBJ1-2,viral
CSARLAGEQFF,TRBV20-1,TRBJ2-1,viral
CSARLAGGQETQYF,TRBV20-1,TRBJ2-5,bacterial
CSARLGVGNTIYF,TRBV20-1,TRBJ1-3,viral
CSARLIAGPTSYEQYF,TRBV20-1,TRBJ2-7,viral
CSARLPGQGSSPLHF,TRBV20-1,TRBJ1-6,bacterial
CSARLQGENTIYF,TRBV20-1,TRBJ1-3,viral
CSARLRDRGNYGYTF,TRBV20-1,TRBJ1-2,viral
CSARLRDRGYEQYF,TRBV29-1,TRBJ2-7,viral
CSARLRELSGNTIYF,TRBV2-1,TRBJ1-3-1,viral
CSARLRKLSGNTIYF,TRBV2-1,TRBJ1-3-1,viral
CSARLTGGSGQPQHF,TRBV20-1,TRBJ1-5,viral
CSARNEYGSANEQFF,TRBV20-1,TRBJ2-1,viral
CSARNGEGFSYEQYF,TRBV20-1,TRBJ2-7,viral
CSARNGQNYNEQF,TRBV2,TRBJ2-1,autoimmune
CSARNPGLAGVGETQYF,TRBV20-1,TRBJ2-5,viral
CSARNPGLYEQYF,TRBV20,TRBJ2-7,viral
CSARNPGSGYTF,TRBV20-1,TRBJ1-2,viral
CSARNYLKTNEQFF,TRBV20-1,TRBJ2-1,viral
CSARPDRDFQPQHF,TRBV20-1,TRBJ1-302,bacterial
CSARPDTSGNTIYF,TRBV20-1,TRBJ1-3,viral
CSARPGDTEAFF,TRBV20-1,TRBJ1-1,bacterial
CSARPGQGDTEAF,TRBV20,TRBJ1-1,cancer
CSARPGQGTVALH,TRBV20-1,TRBJ1-6,viral
CSARPLDRGLAGGRHNEQFF,TRBV20-1,TRBJ2-1,viral
CSARPLKGGLQPQHF,TRBV20-1,TRBJ1-5,viral
CSARPPARDRVNEQFF,TRBV20-1,TRBJ2-1,bacterial
CSARPQGQTVALH,TRBV20-1,TRBJ1-6,viral
CSARPQGRYEQYF,TRBV20-1,TRBJ2-7,viral
CSARPRVFRALETQYF,TRBV20-1,,viral
CSARPSGGVSAYEQYF,TRBV20-1,TRBJ2-7,viral
CSARPTWDTAGEQYF,TRBV20-1,TRBJ2-7,viral
CSARPVQGINYGYTF,TRBV27,TRBJ2-2,viral
CSARPWDRALATNEKLFF,TRBV20-1,TRBJ1-4,viral
CSARRDNSYEQYF,TRBV20-1,TRBJ2-1,viral
CSARREANYGYTF,TRBV20-1,TRBJ1-2,viral
CSARRFPEAF,TRBV20-1,TRBJ1-1,viral
CSARRLAGVDNEQFF,TRBV20-1,TRBJ2-1,viral
CSARRTGSTYNEQFF,TRBV20-1,,viral
CSARSADSSGYGYTF,TRBV20-1,TRBJ1-2,viral
CSARSEGTSGRSEQFF,TRBV20-1,TRBJ2-1,viral
CSARSETGNTIYF,TRBV20,TRBJ1-3,viral
CSARSEVGDTIYF,TRBV29-1,TRBJ1-3,viral
CSARSEVGNTIYF,TRBV29-1,TRBJ1-3,viral
CSARSGLAQETQYF,TRBV20-1,TRBJ2-5,bacterial
CSARSGTGGDYTF,TRBV20-1,TRBJ1-2,viral
CSARSGVGNTIYF,TRBV20-1,TRBJ1-3,viral
CSARSLYSTDTQYF,TRBV20-1,,viral
CSARSRGGGIETQYF,TRBV20,TRBJ2-5,cancer
CSARSRPVGNTIYF,TRBV20-1,TRBJ1-3,viral
CSARSRVGNTIYF,TRBV20-1,TRBJ1-3,viral
CSARSSLSGETDTQYF,TRBV20-1,TRBJ1-304,bacterial
CSARSSREYNEQFF,TRBV20-1,TRBJ2-1,bacterial
CSARSWDRSELMGYTF,TRBV20-1,TRBJ1-2,viral
CSARSYSGSSYNEQFF,TRBV20-1,TRBJ2-1,viral
CSARTGDGYEQYF,TRBV29-1,TRBJ2-7,viral
CSARTGDSTDTQYF,TRBV20-1,TRBJ2-3,viral
CSARTGGDYGYTF,TRBV20-1,TRBJ1-2,bacterial
CSARTGLAGGAETQYF,TRBV20-1,TRBJ2-5,viral
CSARTGLGEQFF,TRBV20-1,TRBJ2-1,viral
CSARTGVGNTIYF,TRBV20-1,TRBJ1-3,viral
CSARTIAGEGYNEQFF,TRBV20-1,TRBJ2-1,viral
CSARTNRGYTF,TRBV20-1,TRBJ1-2,autoimmune
CSARTPPGNTIYF,TRBV20-1,TRBJ1-3,viral
CSARTSGGGYPVDTQYF,TRBV20-1,TRBJ2-3,viral
CSARTSGRVRSYNEQFF,TRBV20-1,TRBJ2-1,viral
CSARTSGTYEQYF,TRBV20-1,TRBJ2-7,viral
CSARTTRGYTF,TRBV20-1,TRBJ1-2,viral
CSARTTYGTDIISQHF,TRBV20-1,TRBJ1-5,viral
CSARTYAGGTDTQYF,TRBV20-1,TRBJ2-3,viral
CSARVAGVEDTQYF,TRBV20-1,,viral
CSARVASGRALAYEQYF,TRBV20-1,TRBJ2-7,viral
CSARVEFGTSGQLSSYNEQFF,TRBV6-6,TRBJ2-7,viral
CSARVEPGNGYTF,TRBV29-1,TRBJ1-2,viral
CSARVGEVTEAFF,TRBV20-1,TRBJ1-1,bacterial
CSARVGGEDYNEQFF,TRBV20-1,TRBJ2-1,bacterial
CSARVGGQESYGYTF,TRBV20-1,TRBJ1-2,bacterial
CSARVGLAGPRVGEQYF,TRBV20-1,TRBJ2-7,viral
CSARVGQSHYEQYF,TRBV20-1,TRBJ2-7,bacterial
CSARVGVGNTIYF,TRBV20-1,TRBJ1-3,viral
CSARVKDTEAFF,TRBV20-1,TRBJ1-1,bacterial
CSARVPRTGSTGNTIYF,,TRBJ1-3,autoimmune
CSARVRGDVYGYTF,TRBV2-1,TRBJ1-2-1,viral
CSARVRSDRDVGNTIYF,TRBV20-1,TRBJ1-3,viral
CSARVSLGQGSSPLHF,TRBV20-1,TRBJ1-6,bacterial
CSARVTSGTGVSYEQYF,TRBV20-1,TRBJ2-7,viral
CSARVVPGVQETQYF,TRBV20-1,TRBJ2-5,viral
CSARVWDSYEQYF,TRBV20-1,TRBJ2-7,viral
CSARWGGQEQFF,TRBV29-1,TRBJ2-1,viral
CSARYGSTCEQYF,TRBV20-1,,viral
CSARYPSGGDYNEQFF,TRBV20-1,TRBJ2-1,bacterial
CSARYRAGGPQSSRLEEQYF,TRBV20-1,TRBJ2-7,viral
CSASAGTGRGGNEQFF,TRBV20-1,TRBJ2-1,bacterial
CSASASLTSGANVLTF,TRBV2-1,TRBJ2-6-1,viral
CSASDDRGWGEAYEQYF,TRBV20-1,TRBJ2-7,bacterial
CSASDNGQGSYEQYF,TRBV20-1,TRBJ2-7,viral
CSASDNMVGAYEQYF,TRBV20-1,TRBJ2-7,viral
CSASDTGVAGYTF,TRBV20-1,TRBJ1-2,viral
CSASEAGGSYEQYF,TRBV20-1,TRBJ2-7,viral
CSASEGYGYTF,TRBV20-1,TRBJ1-2,viral
CSASERGLTDTQYF,TRBV20-1,TRBJ2-3,viral
CSASETGVGQPQHF,TRBV20,TRBJ1-5,cancer
CSASETLVGQPQHF,TRBV20,TRBJ1-5,cancer
CSASEVRGGNQPQHF,TRBV20-1,TRBJ1-5,bacterial
CSASFSDTQYF,TRBV7-6,TRBJ1-5,viral
CSASGARGADTQYF,TRBV20-1,TRBJ2-3,viral
CSASGDEGAEGGTEAFF,TRBV20-1,TRBJ1-1,viral
CSASGDRGADTQYF,TRBV20-1,TRBJ2-3,viral
CSASGEDNEQFF,TRBV20-1,TRBJ2-1,bacterial
CSASGGEGYEQYF,TRBV20-1,TRBJ2-7,viral
CSASGGRQRTEAFF,TRBV20-1,,viral
CSASGYTF,TRBV20-1,TRBJ1-2,viral
CSASHLGSGDYGYTF,TRBV20,TRBJ1-2,cancer
CSASIFRDLTHNEQF,TRBV20-1,TRBJ2-1,viral
CSASILTGEDTQYF,TRBV20-1,TRBJ2-3,viral
CSASKASGFLDEQFF,TRBV20-1,TRBJ2-1,viral
CSASLAGDTGELFF,TRBV20-1,TRBJ2-2,viral
CSASLAGGQETQYF,TRBV2-1,TRBJ2-5,autoimmune
CSASLAGGSYEQYF,TRBV20-1,TRBJ2-7,viral
CSASLGEGFYEQYF,TRBV20-1,TRBJ2-7,bacterial
CSASLGGRISGANVLTF,TRBV29,TRBJ1-2,viral
CSASLKADEQFF,TRBV20-1,TRBJ2-1,viral
CSASLLASTSGGAGNEQFF,TRBV2-1,TRBJ2-1-1,viral
CSASLPRGQETQYF,TRBV20-1,TRBJ2-5,bacterial
CSASLRSAPYIEQYF,TRBV20-1,TRBJ2-7,bacterial
CSASLSSGQIIYEQYF,TRBV20-1,TRBJ2-7,viral
CSASPGLANTDTQYF,TRBV20-1,TRBJ2-3,viral
CSASPGLTSGGYTF,TRBV20-1,TRBJ1-2,bacterial
CSASPISPTGAYEQYF,TRBV20-1,TRBJ2-7,viral
CSASPLDRGPESYEQYF,TRBV20-1,TRBJ2-7,bacterial
CSASPLGLDYNEQFF,TRBV20-1,TRBJ2-1,bacterial
CSASPLGTSGGGTYEQYF,TRBV20-1,TRBJ2-7,bacterial
CSASPRTGGIYEQYF,TRBV20-1,TRBJ2-7,viral
CSASPVGGAYEQYF,TRBV20-1,TRBJ2-7,viral
CSASQGLTEAF,TRBV20,TRBJ1-1,cancer
CSASQPGHDSGYTF,TRBV20-1,TRBJ1-2,viral
CSASRATENEQFF,TRBV20-1,TRBJ2-1,viral
CSASRPDRDYEQYF,TRBV20-1,TRBJ2-7,bacterial
CSASRQSNQPQHF,TRBV20-1,,viral
CSASSDESSYNEQFF,TRBV20-1,TRBJ2-1,viral
CSASSGEGGLNTEAFF,TRBV20-1,TRBJ1-1,bacterial
CSASSSGTDYNEQFF,TRBV20-1,TRBJ2-1,bacterial
CSASTGEGSPLHF,TRBV20-1,TRBJ1-6,bacterial
CSASYGRTPSNQPQHF,TRBV20-1,TRBJ1-5,bacterial
CSATARQGGMEQYF,TRBV20-1,TRBJ2-7,viral
CSATDRASGIEQYF,TRBV20-1,TRBJ2-7,viral
CSATDRDGGLEQYF,TRBV20-1,TRBJ2-7,viral
CSATDRDGGPEQYF,TRBV20-1,TRBJ2-7,viral
CSATDSMNTEAF,TRBV29-1,TRBJ1-1,viral
CSATDVTKGQLISGYTF,TRBV2-1,TRBJ1-2-1,viral
CSATEAGGPGNEQFF,TRBV20-1,TRBJ2-1,viral
CSATEARSSYEQYF,TRBV20-1,TRBJ2-7,viral
CSATEGGLWEQYF,TRBV20-1,TRBJ2-7,viral
CSATGFPDSPLHF,TRBV20-1,TRBJ1-6,viral
CSATGGSYEQYF,TRBV20-1,TRBJ2-7,viral
CSATGGTQTETQYF,TRBV20-1,TRBJ2-5,bacterial
CSATGNRGADTQYF,TRBV20-1,TRBJ2-3,viral
CSATGRESGIEQYF,TRBV20-1,TRBJ2-7,viral
CSATGTGWEWGYTF,TRBV20-1,TRBJ1-2,bacterial
CSATGTSDNEQFF,TRBV20-1,TRBJ2-1,viral
CSATGTSGRVETQYF,TRBV20-1,TRBJ2-5,viral
CSATHRDRGLEQYF,TRBV20-1,TRBJ2-7,viral
CSATHRLAGQIYNEQFF,TRBV20-1,TRBJ2-1,viral
CSATITYNEQFF,TRBV20-1,TRBJ2-1,viral
CSATNRDRGLEQYF,TRBV20-1,TRBJ2-7,viral
CSATPGQDYNEQFF,TRBV20-1,TRBJ2-1,bacterial
CSATPLDTFQETQYF,TRBV20-1,TRBJ2-5,viral
CSATPSGPNTGELFF,TRBV20-1,TRBJ2-2,viral
CSATPTRSYNEQFF,TRBV20-1,TRBJ2-1,viral
CSATPWVGLSFSNQPQHF,TRBV19,TRBJ2-1,viral
CSATRGGRTDTQYF,TRBV20-1,TRBJ2-3,viral
CSATRLEGDEQFF,TRBV20-1,TRBJ2-1,viral
CSATRRDRGLEQYF,TRBV20-1,TRBJ2-7,viral
CSATRTGAGANVLTF,TRBV20,TRBJ2-6,cancer
CSATSGGTLEQYF,TRBV20-1,TRBJ2-7,viral
CSATSGSYEQYF,TRBV20-1,TRBJ2-7,viral
CSATSRAGDNEQF,TRBV20-1,TRBJ2-1,viral
CSATSRASAIEQYF,TRBV20-1,TRBJ2-7,viral
CSATSRDGDNEQF,TRBV20-1,TRBJ2-1,viral
CSATSRDRALEQYF,TRBV20-1,TRBJ2-7,viral
CSATSRDRGLEQYF,TRBV20-1,TRBJ2-7,viral
CSATSRDSALEQYF,TRBV20-1,TRBJ2-7,viral
CSATSRQGGLEQYF,TRBV20-1,TRBJ2-7,viral
CSATSRQGGREQYF,TRBV20-1,TRBJ2-7,viral
CSATSRRGGREQYF,TRBV20-1,TRBJ2-7,viral
CSATTESNQPQHF,TRBV20-1,,viral
CSATWEQSGNGETQYF,TRBV4-1,TRBJ2-3,viral
CSATWGEGSSPLHF,TRBV20-1,TRBJ1-6,viral
CSATYRTGYEQYF,TRBV29-1,TRBJ2-7,viral
CSAVDSNSNQPQHF,TRBV20-1,TRBJ1-5,viral
CSAVETGNEQFF,TRBV20-1,TRBJ2-1,viral
CSAVGLAFEQYF,TRBV29-1,TRBJ2-7,viral
CSAVGTAHTEAFF,TRBV20-1,TRBJ1-1,viral
CSAVMWGTSGTQGSQYF,TRBV20-1,TRBJ2-3,viral
CSAVNPDNSNQPQHF,TRBV20-1,TRBJ1-5,viral
CSAVRLASSYNEQFF,TRBV20-1,TRBJ2-1,viral
CSAVVVQKPSYEQYF,TRBV20-1,TRBJ2-7,viral
CSAWAGGHTDTQYF,TRBV20-1,TRBJ2-3,bacterial
CSAWDRTEAFF,TRBV20-1,TRBJ1-1,viral
CSAWDSYTGELF,TRBV20-1,TRBJ2-2,viral
CSAWGGNTEAFF,TRBV29-1,TRBJ1-1,viral
CSAYETSWNEQYF,TRBV20-1,TRBJ2-7,viral
CSAYPGPNYGEQYF,TRBV20-1,TRBJ2-7,viral
CSAYTGAHYEQYF,TRBV20-1,TRBJ2-7,viral
CSCSWADTQYF,TRBV20-1,TRBJ2-3,viral
CSDDGGQEGYGYTF,TRBV9,TRBJ2-3,viral
CSDGQAFF,TRBV29-1,,viral
CSERGQGDEQYF,TRBV2-1,TRBJ2-7-1,viral
CSETGVSDEQFF,TRBV29-1,TRBJ2-1,viral
CSGAPPYNEQFF,TRBV7-7,TRBJ2-1,viral
CSGEDQETQYF,TRBV20-1,TRBJ2-5,viral
CSGGALGQDFGGYTF,TRBV29-1,TRBJ1-2,viral
CSGGGYGSGTYEQYF,TRBV29-1,TRBJ2-7,viral
CSGGLKADTQYF,TRBV20-1,TRBJ2-3,viral
CSGGQGEGEQF,TRBV27,TRBJ2-1,viral
CSGGQGEGEQYF,TRBV27,TRBJ2-7,viral
CSGGRGEETQYF,TRBV20-1,,viral
CSGGTGELF,TRBV29-1,TRBJ2-2,viral
CSGKLAGDRNEQFF,TRBV20-1,TRBJ2-1,cancer
CSGKRDTSWTDTQYF,TRBV6-2,TRBJ1-1,viral
CSGLTESPAHYSGANVLTF,TRBV29-1,TRBJ2-6,viral
CSGMRLLFFSYEQYF,TRBV29-1,TRBJ2-7,viral
CSGMRLLFSSYEQYF,TRBV29-1,TRBJ2-7,viral
CSGQDRDYEQYF,TRBV29-1,TRBJ2-7,viral
CSGREDSTNEKLFF,TRBV2-1,TRBJ1-4-1,viral
CSGRINTEAFF,TRBV29-1,TRBJ1-1,viral
CSGRLTGGNEQYF,TRBV29-1,TRBJ2-7,viral
CSGRQGETEAFF,TRBV29-1,TRBJ1-1,bacterial
CSGRSKGAVNEKLFF,TRBV29-1,TRBJ1-4,viral
CSGSGGNGYTF,TRBV29-1,TRBJ1-2,viral
CSGSGNDEQFF,TRBV20-1,TRBJ2-1,viral
CSGTGFGNTIYF,TRBV29-1,TRBJ1-3,viral
CSGTSGSSYNEQFF,TRBV29-1,TRBJ2-1,viral
CSGTTGWYGNQPQHF,TRBV20-1,TRBJ1-5,viral
CSGVVGRGAYNEQF,TRBV29-1,TRBJ2-1,viral
CSGWDTSGEQYF,TRBV29-1,TRBJ2-7,viral
CSGWGGTRDHGYTF,TRBV29-1,TRBJ1-2,viral
CSHRTGLGIEAFF,TRBV29-1,TRBJ1-1,viral
CSIQTGGYEQYF,TRBV29-1,TRBJ2-7,viral
CSNRTGTNSGNTIYF,,TRBJ1-3,autoimmune
CSPGGQFVSEAFF,TRBV20-1,TRBJ1-1,bacterial
CSPGTSYGYTF,TRBV20-1,TRBJ1-2,viral
CSPIQDSLGYTF,TRBV20-1,TRBJ1-2,viral
CSPPGDNEQFF,TRBV29-1,TRBJ2-1,viral
CSPPKDLPYKRNF,TRBV1-1,TRBJ2-7-1,viral
CSPRAGDLNTEAFF,TRBV20-1,TRBJ1-1,bacterial
CSQQVNNEQFF,TRBV20-1,TRBJ2-1,viral
CSSGTGDGGEQF,TRBV27,TRBJ2-1,viral
CSSQEGGYGYTF,TRBV29-1,TRBJ1-2,viral
CSSRVTNEQFF,TRBV29-1,TRBJ2-1,viral
CSSTGTEGYTGELFF,TRBV29-1,TRBJ2-2,viral
CSTGQGPYEQYF,TRBV27,TRBJ2-7,viral
CSTGSGEGYEQYF,TRBV27,TRBJ1-5,viral
CSTPDGQDDTEAFF,TRBV20-1,TRBJ1-1,viral
CSTTFGTGGRAQYF,TRBV20-1,TRBJ2-5,viral
CSVADSTYEQYF,TRBV29-1,TRBJ2-7,viral
CSVAEMNTEAFF,TRBV29-1,TRBJ1-1,viral
CSVAETGDGNTEAFF,TRBV29-1,TRBJ1-1,viral
CSVAGGRTGELFF,TRBV29-1,TRBJ2-2,viral
CSVAGLTTIEQF,TRBV4-1,TRBJ2-1,viral
CSVAGTGMTDTQYF,TRBV29-1,TRBJ2-3,viral
CSVAGTSGPYEQYF,TRBV29-1,TRBJ2-7,viral
CSVAGTVNEQFF,TRBV6-2,TRBJ2-7,viral
CSVAHTGGYGYTF,TRBV29-1,TRBJ1-2,viral
CSVAKGGYEQYF,TRBV29-1,TRBJ2-7,viral
CSVAPSYNTGELFF,TRBV29-1,TRBJ2-2,viral
CSVAQETQYF,TRBV29-1,TRBJ2-5,viral
CSVAQGPDTEAFF,TRBV29-1,TRBJ1-1,viral
CSVAQTGGYEQYF,TRBV29-1,TRBJ2-7,viral
CSVASGTGTNTEAFF,TRBV29-1,TRBJ1-1,viral
CSVATPQRVLYEQYF,TRBV29-1,TRBJ2-7,viral
CSVATSGGSNEQFF,TRBV29-1,TRBJ2-1,viral
CSVATVGGERRYEQYF,TRBV29-1,TRBJ2-7,viral
CSVDAGWGGYTF,TRBV29-1,TRBJ1-2,cancer
CSVDDRGTTEAFF,TRBV29-1,TRBJ1-1,viral
CSVDETGGGETQYF,TRBV29-1,TRBJ2-5,viral
CSVDFGQGRYPDTQYF,TRBV29-1,TRBJ2-3,viral
CSVDFLAGGSSYNEQFF,TRBV29-1,TRBJ2-1,viral
CSVDFWVREENYGYTF,TRBV29-1,TRBJ1-2,cancer
CSVDGADTQYF,TRBV29-1,TRBJ2-3,viral
CSVDGDSVAFF,TRBV29-1,TRBJ1-1,viral
CSVDGDTGELFF,TRBV29-1,TRBJ2-2,viral
CSVDGLAGDSTDTQYF,TRBV29-1,TRBJ2-3,autoimmune
CSVDGPTGGYTF,TRBV29,TRBJ1-2,viral
CSVDGTNTGELFF,TRBV29-1,TRBJ2-2,viral
CSVDGVRGPVSWEQFF,TRBV29-1,TRBJ2-1,viral
CSVDLANTEAF,TRBV29-1,TRBJ1-1,viral
CSVDLATEAF,TRBV29-1,TRBJ1-1,viral
CSVDPDTNYGYTF,TRBV7-8,TRBJ2-5,viral
CSVDPTDGENTEAFF,TRBV29-1,TRBJ1-1,viral
CSVDQDTQYF,TRBV29-1,TRBJ2-3,viral
CSVDRALAGSRPYNEQFF,TRBV29-1,TRBJ2-1,viral
CSVDRGRTDTQYF,TRBV20-1,TRBJ2-3,viral
CSVDRRADEQFF,TRBV29-1,TRBJ2-1,viral
CSVDRYGGDTYEQYF,TRBV29-1,TRBJ2-7,viral
CSVDSGVEAFF,TRBV29-1,TRBJ1-1,viral
CSVDTGSPGYGYTF,TRBV29-1,TRBJ1-2,viral
CSVDTLGRGGTEAFF,TRBV29-1,TRBJ1-1,viral
CSVDYGYNEQFF,TRBV29-1,TRBJ2-1,viral
CSVEADGAEAFF,TRBV29-1,TRBJ1-1,viral
CSVEAGEETQYF,TRBV18,TRBJ2-3,viral
CSVEAGGRIYNEQF,TRBV4-1,TRBJ2-1,viral
CSVEAGGSIYNEQF,TRBV4-1,TRBJ2-1,viral
CSVEAGTYEQFF,TRBV29-1,TRBJ2-1,viral
CSVEAGTYEQYF,TRBV29-1,TRBJ2-7,viral
CSVEAPRDSPSEEQFF,TRBV29-1,TRBJ2-1,viral
CSVEASEGLFNEQF,TRBV29-1,TRBJ2-1,viral
CSVEASGGLFNEQF,TRBV29-1,TRBJ2-1,viral
CSVEAVGDGIYNEQFF,TRBV2-1,TRBJ2-1-1,viral
CSVEDAGGNQPQHF,TRBV29-1,TRBJ1-5,viral
CSVEDAGGTYEQYF,TRBV29-1,TRBJ2-7,viral
CSVEDEGLTDTQYF,TRBV29-1,TRBJ2-3,viral
CSVEDFYNEQFF,TRBV29-1,TRBJ2-1,viral
CSVEDFYNEQFL,TRBV29-1,TRBJ2-1,viral
CSVEDFYNEQFS,TRBV29-1,TRBJ2-1,viral
CSVEDFYNEQLF,TRBV29-1,TRBJ2-1,viral
CSVEDFYNEQSF,TRBV29-1,TRBJ2-1,viral
CSVEDGGFPYEQYF,TRBV29-1,TRBJ2-7,viral
CSVEDGRDTGEGTDTQYF,TRBV29-1,TRBJ2-3,viral
CSVEDGRTDTQYF,TRBV29-1,TRBJ2-3,cancer
CSVEDGTGGSGTRAYEQYF,TRBV29-1,TRBJ2-7,viral
CSVEDGTGSYEQYF,TRBV29-1,TRBJ2-7,viral
CSVEDISGYNEQFF,TRBV29-1,TRBJ2-1,viral
CSVEDISGYNEQYF,TRBV29-1,TRBJ2-7,viral
CSVEDKVLSGAYEQYF,TRBV29-1,TRBJ2-7,viral
CSVEDLGYPTSDTQYF,TRBV29-1,TRBJ2-3,viral
CSVEDLRNYGYTF,TRBV29-1,TRBJ1-2,viral
CSVEDLRSGGGDTEAFF,TRBV29-1,TRBJ1-1,viral
CSVEDPAGGFYNEQFF,TRBV29-1,TRBJ2-1,viral
CSVEDPAGTYEQYL,TRBV29-1,,viral
CSVEDPDRPSYGYT,TRBV29-1,TRBJ1-2,viral
CSVEDQVLETQYF,TRBV29-1,TRBJ2-5,viral
CSVEDRAGWTQYF,TRBV29-1,TRBJ2-5,viral
CSVEDRPTGADTQYF,TRBV29-1,TRBJ2-3,bacterial
CSVEDRRGPFYGYTF,TRBV29-1,TRBJ1-2,cancer
CSVEDRRTYEQYF,TRBV29-1,TRBJ2-7,viral
CSVEDRVGGTAGYEQYF,TRBV29-1,TRBJ2-7,viral
CSVEDSLVNEQF,TRBV29-1,TRBJ2-1,viral
CSVEDSYYEQYF,TRBV12-3,TRBJ1-2,viral
CSVEDTGTAQGGYEQYF,TRBV29-1,TRBJ2-7,viral
CSVEDVASGSGEQFF,TRBV29-1,TRBJ2-1,viral
CSVEDYSTGIISGNTIYF,TRBV19,TRBJ2-1,viral
CSVEEETNYGYF,TRBV29-1,TRBJ1-2,viral
CSVEEGAYEQYF,TRBV29-1,TRBJ2-7,viral
CSVEEGVTEAFF,TRBV29-1,TRBJ1-1,bacterial
CSVEENGNYGYTF,TRBV29-1,TRBJ1-2,viral
CSVEENGREYNEQF,TRBV4,TRBJ2-1,cancer
CSVEENTGTGAIYEQYF,TRBV29-1,TRBJ2-7,viral
CSVEESGLAGNTGELF,TRBV29-1,TRBJ2-2,viral
CSVEEWASRYNEQF,TRBV29-1,TRBJ2-1,viral
CSVEFGRGPGPDTQYF,TRBV29-1,TRBJ2-3,viral
CSVEGDRVEQFF,TRBV29-1,TRBJ2-1,cancer
CSVEGEDTSYEQYF,TRBV29-1,TRBJ2-7,viral
CSVEGEGGSYNEQFF,TRBV9,TRBJ2-1,viral
CSVEGEVEGYTF,TRBV29-1,TRBJ1-2,viral
CSVEGFQTENNQPQHF,TRBV29-1,TRBJ1-5,viral
CSVEGFRTENKQPQHF,TRBV29-1,TRBJ1-5,viral
CSVEGFRTENNQPQHC,TRBV29-1,TRBJ1-5,viral
CSVEGFRTENNQPQHF,TRBV29-1,TRBJ1-5,viral
CSVEGFRTENNQPQHL,TRBV29-1,TRBJ1-5,viral
CSVEGFRTENNQPQHV,TRBV29-1,TRBJ1-5,viral
CSVEGGTSSYEQYF,TRBV29-1,TRBJ2-7,cancer
CSVEGIGTSGREVVKSSYNEQFF,TRBV29-1,TRBJ2-1,viral
CSVEGLAFQETQYF,TRBV29-1,TRBJ2-5,viral
CSVEGLAGTGELF,TRBV29-1,TRBJ2-2,viral
CSVEGLYEQYF,TRBV28,TRBJ2-6,viral
CSVEGMRDYGYTF,TRBV29-1,TRBJ1-2,viral
CSVEGMREYGYTF,TRBV29-1,TRBJ1-2,viral
CSVEGNSYEQYF,TRBV29-1,TRBJ2-7,cancer
CSVEGPAGGPYEQYF,TRBV29-1,TRBJ2-7,viral
CSVEGPPFLQETQYF,TRBV29-1,TRBJ2-5,viral
CSVEGQGEPHSYNEQFF,TRBV29-1,TRBJ2-1,viral
CSVEGQGGFNEQFF,TRBV29-1,TRBJ2-1,viral
CSVEGQPSEQYF,TRBV29-1,TRBJ2-7,viral
CSVEGRAAEQFF,TRBV29-1,TRBJ2-1,viral
CSVEGRGTDTQYF,TRBV29-1,TRBJ2-3,viral
CSVEGRGYEQYF,TRBV29-1,TRBJ2-7,viral
CSVEGRSYEQYF,TRBV29-1,TRBJ2-7,viral
CSVEGSRGDYGYTF,TRBV29-1,TRBJ1-2,viral
CSVEGSRTENNQPQHF,TRBV29-1,TRBJ1-5,viral
CSVEGTANTEAFF,TRBV29-1,TRBJ1-1,viral
CSVEGTRGYNEQFF,TRBV29-1,TRBJ2-1,viral
CSVEGTSGRGEQFF,TRBV29-1,TRBJ2-1,viral
CSVEGVRKTNTGELFF,TRBV7-9,TRBJ2-2,viral
CSVEGYSATYNEQFF,TRBV29-1,TRBJ2-1,viral
CSVEHASGTYEQHF,TRBV29-1,TRBJ2-7,viral
CSVEISGKEDTQYF,TRBV29-1,,viral
CSVEIWDSSYNEQF,TRBV29-1,TRBJ2-1,viral
CSVEKGGGIANYGYTF,TRBV29-1,TRBJ1-2,viral
CSVEKGTATLEQYF,TRBV29-1,TRBJ2-7,viral
CSVELASGTYEQYF,TRBV29-1,TRBJ2-7,viral
CSVEPLWSPEAF,TRBV29-1,TRBJ1-1,viral
CSVEPPRGVHEQF,TRBV29-1,TRBJ2-1,cancer
CSVEPVGRTGEETQYF,TRBV29-1,TRBJ2-5,viral
CSVEQGAGTGELFF,TRBV29-1,TRBJ2-2,viral
CSVEQGAIGYTF,TRBV29-1,TRBJ1-2,viral
CSVEQGQGYYEQYF,TRBV29-1,TRBJ2-7,viral
CSVEQGTNYGYTF,TRBV29-1,TRBJ1-2,viral
CSVEQTSVVVEQF,TRBV4,TRBJ2-1,cancer
CSVEREGGYTF,TRBV29-1,TRBJ1-2,viral
CSVERGYEQYF,TRBV29-1,TRBJ2-7,viral
CSVERLNTGELFF,TRBV29-1,TRBJ2-2,viral
CSVERQDVHTEAFF,TRBV29-1,TRBJ1-1,viral
CSVERRTSGGARGTGELF,TRBV29,TRBJ2-2,cancer
CSVERTGELFF,TRBV29-1,TRBJ2-2,viral
CSVESGLAGVGYNEQFF,TRBV29-1,TRBJ2-1,viral
CSVESLGAPKSSGNTIYF,TRBV29-1,TRBJ1-3,viral
CSVESVAENEQFF,TRBV29-1,TRBJ2-1,viral
CSVETGGYNEQFF,TRBV20-1,TRBJ2-2,viral
CSVETGQTQETQYF,TRBV29-1,TRBJ2-5,viral
CSVEVARAYEQYF,TRBV29-1,TRBJ2-7,viral
CSVEVEGAASYEQYF,TRBV29-1,TRBJ2-7,viral
CSVEVGRAVNTEAFF,TRBV29-1,TRBJ1-1,viral
CSVEVIGYNEQFF,TRBV29-1,TRBJ2-1,viral
CSVEVPPGEQFF,TRBV29-1,TRBJ2-1,viral
CSVEVQGYEQYF,TRBV29-1,TRBJ2-7,viral
CSVEVRFQGAYGYTF,TRBV29-1,TRBJ1-2,viral
CSVEVWDEETQYF,TRBV29-1,TRBJ2-5,viral
CSVEYRDNEQFF,TRBV29-1,,viral
CSVEYSPTLYNEQF,TRBV29-1,TRBJ2-1,viral
CSVGAAGTNEKLF,TRBV4-1,TRBJ1-4,viral
CSVGAGDYEQYF,TRBV27,TRBJ2-1,viral
CSVGAGEGGPQHF,TRBV27,TRBJ1-5,viral
CSVGAGEGYEQYF,TRBV27,TRBJ2-7,viral
CSVGAGGTNEKLFF,TRBV2-1,TRBJ1-4-1,viral
CSVGAIMDEQFF,TRBV2-1,TRBJ2-1-1,viral
CSVGARRAPSGRGYEQYF,TRBV29-1,TRBJ2-7,viral
CSVGATNTGELFF,TRBV29,TRBJ02-2,autoimmune
CSVGDLKFNEQFF,TRBV29-1,TRBJ2-1,viral
CSVGDQGGSEQYF,TRBV29-1,TRBJ2-7,viral
CSVGEGANYGYTF,TRBV29-1,TRBJ1-2,viral
CSVGEGLAYEQYF,TRBV29-1,TRBJ2-7,viral
CSVGEPGQSSYEQYF,TRBV29-1,TRBJ2-7,viral
CSVGFGEGYEQYF,TRBV27,TRBJ2-7,viral
CSVGGGDGGYGYTF,TRBV29-1,TRBJ1-2,viral
CSVGGGGAGVETQYF,TRBV29-1,TRBJ2-5,viral
CSVGGGGGYEQYF,TRBV29-1,TRBJ2-7,viral
CSVGGGTEAF,TRBV27,TRBJ1-1,viral
CSVGGQGARCNQPQHF,TRBV29-1,TRBJ1-5,viral
CSVGGQGTYTEAFF,TRBV29-1,TRBJ1-1,viral
CSVGGRGDGYTF,TRBV29-1,TRBJ1-2,viral
CSVGGSFYGYTF,TRBV29-1,TRBJ1-2,viral
CSVGGSTDTQYF,TRBV29-1,TRBJ2-3,viral
CSVGGTFYGYTF,TRBV29-1,TRBJ1-2,viral
CSVGGTLDTQYF,TRBV29-1,TRBJ2-3,viral
CSVGGVSSGVYNEQF,TRBV27,TRBJ2-1,viral
CSVGKGTGGSYEQYF,TRBV29-1,TRBJ2-7,bacterial
CSVGKSTSVPLNEQFF,TRBV29-1,TRBJ2-1,viral
CSVGLAGGPATDTQYF,TRBV29-1,TRBJ2-3,viral
CSVGLAGSYNEQFF,TRBV29-1,,viral
CSVGLGLSSYEQYF,TRBV29-1,TRBJ2-7,viral
CSVGPGENGPQHF,TRBV27,TRBJ1-2,viral
CSVGPPEAFF,TRBV3-1,TRBJ2-5,viral
CSVGQFSSYEQFF,TRBV29-1,TRBJ2-1,viral
CSVGQFSSYEQYF,TRBV29-1,TRBJ2-7,viral
CSVGQGATEQYF,TRBV29-1,TRBJ2-7,viral
CSVGQGAYNEQFF,TRBV29-1,TRBJ2-1,viral
CSVGQGEDGPQHF,TRBV27,TRBJ1-5,viral
CSVGQGGNYGYTF,TRBV27,TRBJ1-2,viral
CSVGQGGTNEKLF,TRBV29-1,TRBJ1-4,viral
CSVGQGGTNEKLFF,TRBV29-1,TRBJ1-4,viral
CSVGRDGTNEKLFF,TRBV29-1,TRBJ1-4,viral
CSVGRDRDHGYTF,TRBV29-1,TRBJ1-2,viral
CSVGRLGLPYNEQF,TRBV29-1,TRBJ2-1,viral
CSVGSAGTNEKLFF,TRBV2-1,TRBJ1-4-1,viral
CSVGSDGTNEKLFF,TRBV2-1,TRBJ1-4-1,viral
CSVGSEGTNEQF,TRBV4-1,TRBJ1-4,viral
CSVGSGEDNEQF,TRBV27,TRBJ2-1,viral
CSVGSGGTNEKLF,TRBV29-1,TRBJ1-4,viral
CSVGSGGTNEKLFF,TRBV2-1,TRBJ1-4-1,viral
CSVGSGGTNERLF,TRBV29-1,TRBJ1-4,viral
CSVGTGDNSPLHF,TRBV27,TRBJ1-6,viral
CSVGTGEDGEQYF,TRBV29-1,TRBJ2-7,viral
CSVGTGGTNEKLF,TRBV29-1,TRBJ1-4,viral
CSVGTGGTNEKLFF,TRBV29-1,TRBJ1-4,viral
CSVGTGGTNEQF,TRBV4-1,TRBJ1-4,viral
CSVGTQGTNEKLFF,TRBV2-1,TRBJ1-4-1,viral
CSVGTSAYEQFF,TRBV29-1,TRBJ2-1,viral
CSVGTSEAYEQYF,TRBV29-1,TRBJ2-7,viral
CSVGTSGGLDEQFF,TRBV29-1,TRBJ2-1,viral
CSVGTSGNSYNEQFF,TRBV29-1,TRBJ2-1,autoimmune
CSVHSFGGASGYTF,TRBV29,TRBJ01-2,autoimmune
CSVIHRGHEQYF,TRBV29-1,TRBJ2-7,viral
CSVIQGYGNQPQHF,TRBV29-1,TRBJ1-5,viral
CSVISGYGNQPQHF,TRBV29-1,TRBJ1-5,viral
CSVKGGFPYNEQF,TRBV27,TRBJ2-1,viral
CSVKGQGDTELF,TRBV29-1,TRBJ2-2,viral
CSVKGQGTEAF,TRBV27,TRBJ1-1,viral
CSVKGTNTEAF,TRBV27,TRBJ1-1,viral
CSVKLTEFGYTF,TRBV29-1,TRBJ1-2,viral
CSVKNYSGANVLTF,TRBV29-1,TRBJ2-6,viral
CSVLAGGGYEQYF,TRBV29-1,TRBJ2-7,viral
CSVLAGGTYEQYF,TRBV4,TRBJ2-7,autoimmune
CSVLDRVGRAFF,TRBV29-1,TRBJ1-1,viral
CSVLGGGGYEQYF,TRBV29-1,TRBJ2-7,viral
CSVLGQDSYEQYF,TRBV29-1,TRBJ2-7,viral
CSVLGTQEESYEQYF,TRBV29-1,TRBJ2-7,viral
CSVLLGQGGETQYF,TRBV29-1,TRBJ2-5,viral
CSVLPPDRGLNQPQHF,TRBV20-1,TRBJ1-5,viral
CSVLPTSGSYNEQFF,TRBV29-1,TRBJ1-314,bacterial
CSVLPTSRPEQFF,TRBV29-1,TRBJ2-1,viral
CSVLQGMGTLF,TRBV29-1,TRBJ1-1,viral
CSVLRGEGNYGYTF,TRBV29-1,TRBJ1-2,bacterial
CSVLSESYEQYF,TRBV29-1,TRBJ2-7,viral
CSVLTGTGYEQYF,TRBV29-1,TRBJ2-7,viral
CSVMRGEHDEQYF,TRBV29-1,TRBJ2-7,viral
CSVMRTDFDQYF,TRBV29-1,TRBJ2-3,viral
CSVMRTDFQYF,TRBV29-1,TRBJ2-3,viral
CSVNEGSDEQYF,TRBV29-1,TRBJ2-7,viral
CSVNVVGEQFF,TRBV29-1,TRBJ2-1,viral
CSVPGAGRYNEQFF,TRBV29-1,TRBJ2-1,viral
CSVPGGSGYTF,TRBV29-1,TRBJ1-2,viral
CSVPGLAVPGELFF,TRBV2-1,TRBJ2-2-1,viral
CSVPGQVLETQYF,TRBV29-1,TRBJ2-5,viral
CSVPGTDYNEQF,TRBV29-1,TRBJ2-1,viral
CSVPGTENDFYEQYF,TRBV29-1,TRBJ2-7,viral
CSVPGTVQETQYF,TRBV2-1,TRBJ2-5-1,viral
CSVPIAVQETQYF,TRBV2-1,TRBJ2-5-1,viral
CSVPITVQETQYF,TRBV2-1,TRBJ2-5-1,viral
CSVPPGQLNYGYTF,TRBV20-1,TRBJ1-2,viral
CSVPPTGPEADTQYF,TRBV29-1,TRBJ2-3,bacterial
CSVPQGVSNEQFF,TRBV29-1,TRBJ2-1,viral
CSVPSDMSKKTQYF,TRBV20-1,TRBJ2-5,viral
CSVPSGGYNEQFF,TRBV20-1,TRBJ2-1,bacterial
CSVPSLLNTEAF,TRBV29-1,TRBJ1-1,viral
CSVPSRGYAGELFF,TRBV20-1,TRBJ2-2,viral
CSVPSTVQETQYF,TRBV2-1,TRBJ2-5-1,viral
CSVPTEGIYGYTF,TRBV29-1-1,TRBJ1-2-1,viral
CSVPTSGGSNEQFF,TRBV29-1,TRBJ2-1,viral
CSVPTSTDTQYF,TRBV29-1,TRBJ2-3,viral
CSVPTVNTEAF,TRBV29-1,TRBJ1-1,viral
CSVQAGSTDTQYF,TRBV29-1,TRBJ2-3,viral
CSVQEGGYGYTF,TRBV29-1,TRBJ1-2,viral
CSVQEGNYGYTF,TRBV29-1,TRBJ1-2,viral
CSVQGAGNEQFF,TRBV29-1,TRBJ2-1,viral
CSVQGEDGYTF,TRBV29-1,TRBJ1-2,viral
CSVQGGSTEAF,TRBV29-1,TRBJ1-1,viral
CSVQGGTNEKLF,TRBV29,TRBJ1-4,viral
CSVQPGDTEAFF,TRBV29-1,TRBJ1-1,bacterial
CSVQRPAAYNEQFF,TRBV29-1,TRBJ2-1,viral
CSVQRRADEQFF,TRBV29-1,TRBJ2-1,viral
CSVRAGQGAYEQYF,TRBV29-1,TRBJ2-7,autoimmune
CSVRDRASYEQYF,TRBV29-1,TRBJ2-7,viral
CSVRFSANYGYTF,TRBV29-1,TRBJ1-2,viral
CSVRGQGDEQF,TRBV29-1,TRBJ2-1,viral
CSVRGSSYEQYF,TRBV29-1,TRBJ2-7,viral
CSVRPGGSYNEQFF,TRBV29-1,TRBJ2-1,viral
CSVRPPNRAAEQYF,TRBV29-1,TRBJ2-7,viral
CSVRQGDTEAFF,TRBV29-1,TRBJ1-1,bacterial
CSVRSGGAKNIQYF,TRBV29-1,TRBJ2-4,viral
CSVRTAGYYEQYF,TRBV29-1,TRBJ2-7,viral
CSVRTGGLGANVLTF,TRBV29-1,TRBJ2-6,viral
CSVRTGLTIEAFF,TRBV29-1,TRBJ1-1,viral
CSVRTGRDEQYF,TRBV29-1,TRBJ2-7,viral
CSVRTGTRSFSGELFF,TRBV7-8,TRBJ2-1,viral
CSVRTHQGPTNEKLF,TRBV29-1,TRBJ1-4,viral
CSVRTIYEEQYF,TRBV20-1,,viral
CSVRTNEFYEQYF,TRBV29-1,TRBJ2-7,viral
CSVSDLGVGQPQHF,TRBV20,TRBJ1-5,cancer
CSVSGERGTDTQYF,TRBV29-1,TRBJ2-3,viral
CSVSGLAGGYEQYF,TRBV29-1,TRBJ2-7,viral
CSVSLGPAGPPF,TRBV29-1,TRBJ1-2,viral
CSVSTGGFGNQPQHF,TRBV29-1,TRBJ1-5,viral
CSVTAGEDDTQYF,TRBV27,TRBJ2-3,viral
CSVTAGEDQPQHF,TRBV27,TRBJ1-5,viral
CSVTGDRRSNQPQHF,TRBV2-1,TRBJ1-5-1,viral
CSVTGERGTDTQYF,TRBV29-1,TRBJ2-3,viral
CSVTGGSLHLYNEQFF,TRBV29-1,TRBJ2-1,viral
CSVTGGTYEQYF,TRBV29-1,TRBJ2-7,viral
CSVTGTSYEQYF,TRBV29-1,TRBJ2-7,viral
CSVTGYGYTF,TRBV29-1,TRBJ1-2,viral
CSVTPTGYEQYF,TRBV29-1,TRBJ2-7,viral
CSVTSERTGTNWGYTF,TRBV27,TRBJ1-5,viral
CSVTSERTGTTWGYTF,TRBV27,TRBJ1-5,viral
CSVVAGGADTQYF,TRBV29-1,TRBJ2-3,viral
CSVVAPNHRTDTQYF,TRBV29-1,TRBJ2-3,viral
CSVVDSGKTHNEQFF,TRBV29-1,TRBJ2-1,viral
CSVVEGANEQYF,TRBV29-1,TRBJ2-7,viral
CSVVERTGELFF,TRBV29-1,TRBJ2-2,viral
CSVVETGLEAFF,TRBV29-1,TRBJ1-1,autoimmune
CSVVETSGEQFF,TRBV29-1,TRBJ2-1,viral
CSVVGGPYEQYF,TRBV29-1,TRBJ2-7,viral
CSVVGLNTEAFF,TRBV29-1,TRBJ1-1,cancer
CSVVGLTNEQFF,TRBV29-1,TRBJ2-1,viral
CSVVGQGHEQFF,TRBV29-1,TRBJ2-1,viral
CSVVGQGHEQYF,TRBV29-1,TRBJ2-7,viral
CSVVGRESSYEQYF,TRBV29-1,TRBJ2-7,viral
CSVVGRYYEQYF,TRBV29-1,TRBJ2-7,viral
CSVVGSERRSSYNEQFF,TRBV29-1,TRBJ2-1,viral
CSVVGVWAEAFF,TRBV29-1,TRBJ1-1,cancer
CSVVIRGSEAFF,TRBV29-1,TRBJ1-1,viral
CSVVKGTSYEQYF,TRBV29-1,TRBJ2-7,viral
CSVVLQGGAGELFF,TRBV29-1,TRBJ2-2,viral
CSVVLVDRGADTQYF,TRBV29-1,TRBJ2-3,viral
CSVVPPSSYEQYF,TRBV29-1,TRBJ2-7,viral
CSVVQGNEQYF,TRBV29-1,TRBJ2-7,viral
CSVVRGDTGELFF,TRBV29-1,TRBJ2-2,viral
CSVVSGKGLNTEAFF,TRBV29-1,TRBJ1-1,viral
CSVVSGTGYNEQFF,TRBV29-1,TRBJ2-1,viral
CSVVSPTDYGYTF,TRBV29-1,TRBJ1-2,viral
CSVVSVVGHANVLTF,TRBV29-1,TRBJ2-6,viral
CSVVTENNYGYTF,TRBV29-1,TRBJ1-2,viral
CSVVTGTGGDEQYF,TRBV29-1,TRBJ2-7,viral
CSVVVGDLYNEQFF,TRBV29-1,,viral
CSVVVGYEQYF,TRBV29-1,TRBJ2-7,viral
CSVVVSSYEQYF,TRBV29-1,TRBJ2-7,viral
CSVWDVPEPYNEQFF,TRBV29-1,TRBJ2-1,bacterial
CSVWEVSGANVLTF,TRBV4,TRBJ2-6,autoimmune
CSVWGETQYF,TRBV29-1,TRBJ2-5,viral
CSVWSGSTEAFF,TRBV29-1,TRBJ1-1,viral
CSVYRVGEQYF,TRBV29-1,TRBJ2-7,viral
CSYAAGVNEQFF,TRBV29-1,TRBJ2-1,viral
CSYAAGVNEQYF,TRBV29-1,TRBJ2-7,viral
CSYSPGQGRNEQF,TRBV27,TRBJ2-1,viral
CTSRLDPGFLEQYF,TRBV11-3,TRBJ2-7,viral
CTSSDRQSLVQF,TRBV7-9,TRBJ2-1,viral
CTSSEDKGGGDTQYF,TRBV9,TRBJ2-3,viral
CTSSEGRDQETQYF,TRBV16-1,TRBJ2-5,viral
CTSSIKGYNEQF,TRBV19,TRBJ2-1,viral
CTSSLVFGTAGGRQF,TRBV12-3/4,TRBJ1-1,viral
CTSSQSPGGTQYF,TRBV14,TRBJ2-3,viral
CTSSSTITGMGDSGNTIYF,TRBV7-9,TRBJ1-3,viral
CVAKGPPNEQF,,TRBJ2-1,autoimmune
CVGRKGRDGYPF,TRBV19-1,TRBJ1-2-1,viral
CVSEDSSDGANYGYT,TRBV7-9,TRBJ1-2,viral
CVSMDGNTGELF,,TRBJ2-2,autoimmune
CVSSDRQSLVQF,TRBV7-9,TRBJ2-1,viral
CVSSESRMGSQANYGYTF,TRBV25-1,TRBJ1-2,viral
CVSSIRSAYEQYF,TRBV19,TRBJ2-7,viral
CVSSLAGTQETQYF,TRBV5-6,TRBJ2-5,viral
CVSSLFGSPEQPQHF,TRBV7-2,TRBJ1-5,viral
CVSSLVGPPGELF,TRBV5-5,TRBJ2-7,viral
CVSSQGLASYEQYF,TRBV7-6,TRBJ2-7,viral
CVSSSGANVLTF,TRBV27,TRBJ2-6,viral
CVSSVDKGGTDTQYF,TRBV9,TRBJ2-3,viral
CVVSLNNAGNMLTF,TRBV8-4-5,TRBJ39-1,viral
GASRTSGEETQYF,TRBV6-2/3,TRBJ2-5,viral
GASSIGIFGYTF,TRBV19-1,TRBJ1-2-1,viral
GASSQALPYEQYF,TRBV12-4,TRBJ2-7,viral
LLGGQETQYF,TRBV7-4,TRBJ2-5,viral
RASSIEDQPQHF,TRBV7-3,TRBJ1-5,bacterial
RASSPPGETQYF,TRBV7-8,TRBJ2-5,viral
RASSSIGGADTQYF,TRBV7-8,TRBJ2-3,viral
RASSSLRGTAADTQYF,TRBV7-2,TRBJ2-5,viral
WASSFQGFTEAF,TRBV28,TRBJ1-1,viral
WASSQALPYEQYF,TRBV12-4,TRBJ2-7,viral
WASSQQTGTIGGYTF,TRBV6-5,TRBJ1-2,viral
CASSLELGDSAVYF,,,bacterial
CASSSNMSPEDSSI,,,bacterial
CASSPVLRTGRHGT,,,bacterial
CASSPWRSSAQSRG,,,bacterial
CASSRPAARRLSPV,,,bacterial
CASSTRPAARRLSP,,,bacterial
CASSSLPSPTRQLF,,,bacterial
CASSSELNVNALEL,,,bacterial
CASSEQGDSAVYLC,,,bacterial
CASSPGVAQPQPDL,,,bacterial
CASSELNVNALELD,,,bacterial
CASSLEIQATKLED,,,bacterial
CASSPELSGAGVLS,,,bacterial
CASSESAAPSQTSV,,,bacterial
CASSESAASSQTSV,,,bacterial
CASSELSGAGGLSF,,,bacterial
CASSLESAASYQTS,,,bacterial
CASSQTSVYFCASS,,,bacterial
CASSTALYFCASSN,,,bacterial
CASSNVSALELGDS,,,bacterial
CASSQRTQKEDSAV,,,bacterial
CASSAAPSQTSVYL,,,bacterial
CASSTPCCWGTRPC,,,bacterial
CASSRSSPQNPGTQ,,,bacterial
CASSLESAASSQTS,,,bacterial
CASSDSALYLCASS,,,bacterial
CASSSAPAAKIRSL,,,bacterial
CASSEDPAHRARAT,,,bacterial
CASSTESGDTALYF,,,bacterial
CASSGAGGLSFVFL,,,bacterial
CASSDDPAHRAAGL,,,bacterial
CASSPAPTRPLCTS,,,bacterial
CASSVRGHSTVFLC,,,bacterial
CASSSCSLSDFCLL,,,bacterial
CASSRLGAGRLGPV,,,bacterial
CASSDPVHGVRGHS,,,bacterial
CASSSATRSQTSVY,,,bacterial
CASSHKAGGLSHVL,,,bacterial
CASSQGDSAVYVCA,,,bacterial
CASSHCISVQAGID,,,bacterial
CASSLLPPRHLCTS,,,bacterial
CASSPCSQKTQACI,,,bacterial
CASSSSAQSRGTRP,,,bacterial
CASSRSSAQSSGTR,,,bacterial
CASSEQGRLGCVSL,,,bacterial
CASSRSSAHSRRTR,,,bacterial
CASSAGGLGRVCLC,,,bacterial
CASSQLLPPRHLYT,,,bacterial
CASSRPKRTRQLSI,,,bacterial
CASSPLTRPGGRSH,,,bacterial
CASSWSWRTRPCIS,,,bacterial
CASSLRTGRHGTVS,,,bacterial
CASSSFSVTLASIS,,,bacterial
CASSQPAELEDSAV,,,bacterial
CASSLEIQSTESGD,,,bacterial
CASSQPAELGDSAV,,,bacterial
CASSVNALELEDSA,,,bacterial
CASSLESAAPSQTS,,,bacterial
CASSLDDSALYLCA,,,bacterial
CASSILSSEPGDTA,,,bacterial
CASSTLESAASSQT,,,bacterial
CASSAELGDSAVYL,,,bacterial
CASSPAELGDSAMY,,,bacterial
CASSSAASSQTSVY,,,bacterial
CASSESGDTALYFC,,,bacterial
CASSSLPDICVLLC,,,bacterial
CASSAVPSQTSVYF,,,bacterial
CASSTLELGDSAVY,,,bacterial
CASSSTLTVSNMSP,,,bacterial
CASSTLEVGDSALY,,,bacterial
CASSPLILESPSPN,,,bacterial
CASSLFTSVPPVIC,,,bacterial
CASSVKALELDDSA,,,bacterial
CASSPSPNQTSLYF,,,bacterial
CASSALELEDSALY,,,bacterial
CASSERTEQEDSAV,,,bacterial
CASSSSEPGDTALY,,,bacterial
CASSLKIQPAELGD,,,bacterial
CASSILTSEPGDTA,,,bacterial
CASSLTIQRTQQED,,,bacterial
CASSTLKVQPAELE,,,bacterial
CASSELEDSALYLC,,,bacterial
CASSLKVQPAELED,,,bacterial
CASSERGDSAVYLC,,,bacterial
CASSEIQSTESGDT,,,bacterial
CASSSAQSSGTQPC,,,bacterial
CASSVVSAAPSQTS,,,bacterial
CASSTQQEDSAVYL,,,bacterial
CASSQNPGTQLCTS,,,bacterial
CASSELDDSALYLC,,,bacterial
CASSPDICVLLCQQ,,,bacterial
CASSEDSALYLCAS,,,bacterial
CASSELGDSALYLC,,,bacterial
CASSQGDSAMYLCA,,,bacterial
CASSVSALELGDSA,,,bacterial
CASSVYLCASSLVG,,,bacterial
CASSELGDSAVYLC,,,bacterial
CASSDLHSELNLSS,,,bacterial
CASSVCCTLSDICV,,,bacterial
CASSSGDTALYFCA,,,bacterial
CASSDIGPKEPDSF,,,bacterial
CASSLGAGGLGPVS,,,bacterial
CASSPPDPGVAQPQ,,,bacterial
CASSEIQATKLEDS,,,bacterial
CASSNQTSLYFCAP,,,bacterial
CASSLRSSSSVTLA,,,bacterial
CASSGVCQALTYLS,,,bacterial
CASSDPGVAQPQPD,,,bacterial
CASSGVAQPQPDLS,,,bacterial
CASSLQNWRILEFI,,,bacterial
CASSTLRIQPMEPR,,,bacterial
CASSLPDSGVRQHQ,,,bacterial
CASSPKEPDSFLSL,,,bacterial
CASSEQGDSAVYVC,,,bacterial
CASSILHSEDPAHG,,,bacterial
CASSSGVCCLLPDI,,,bacterial
CASSGGLGPVSLCQ,,,bacterial
CASSLRLESAAPSQ,,,bacterial
CASSTRSQTSVYFC,,,bacterial
CASSQSLGTRPCIS,,,bacterial
CASSPQPDLSVLLC,,,bacterial
CASSAQSRGTRPCI,,,bacterial
CASSSLRTRPCISV,,,bacterial
CASSDSGVRQHQPD,,,bacterial
CASSKIQPAEQGDS,,,bacterial
CASSEDSAMYFCAS,,,bacterial
CASSSGVRYQLPDI,,,bacterial
CASSECERLGAGRL,,,bacterial
CASSSAAPSQTSVH,,,bacterial
CASSPHVGVCCTLS,,,bacterial
CASSETRHCISAPA,,,bacterial
CASSAHRAAGLSHV,,,bacterial
CASSCEHLGAGGLG,,,bacterial
CASSLEDSGVYFCA,,,bacterial
CASSQGTQHCISVP,,,bacterial
CASSPLTLESARPS,,,bacterial
CASSGPKEPDSFLS,,,bacterial
CASSPEDSSFYICS,,,bacterial
CASSEHLGAGGLGP,,,bacterial
CASSQAWGTQPCTC,,,bacterial
CASSPCCWGTRPSI,,,bacterial
CASSLVARGLGPLS,,,bacterial
CASSGAACRTGGFW,,,bacterial
CASSCSLPDICVLL,,,bacterial
CASSAPSQTSVYLC,,,bacterial
CASSTSIPWSLVTL,,,bacterial
CASSRSSAQSGGTQ,,,bacterial
CASSLCTSVPAAKG,,,bacterial
CASSAWGTQPCTCV,,,bacterial
CASSTKPELSGAGG,,,bacterial
CASSSGGTQPCISV,,,bacterial
CASSILRIQQVVRG,,,bacterial
CASSRSSSSVTLAS,,,bacterial
CASSKNPTAFYLCA,,,bacterial
CASSCSLQNWRILE,,,bacterial
CASSLTIQRTEQRD,,,bacterial
CASSTLTIQRTEQR,,,bacterial
CASSLTLESATRSQ,,,bacterial
CASSFSVTLASISV,,,bacterial
CASSEDPAHRAGGL,,,bacterial
CASSLVTLLCISVP,,,bacterial
CASSPQNPGTQLCT,,,bacterial
CASSSPLPAPRHLC,,,bacterial
CASSPQNPGTQLCI,,,bacterial
CASSECEHLGAGGL,,,bacterial
CASSGRTAARRLSC,,,bacterial
CASSLGAGRLGPVS,,,bacterial
CASSPPHSGVSYPL,,,bacterial
CASSAGLGHVSLCQ,,,bacterial
CASSGVRGHSTVFL,,,bacterial
CASSWSLLPPPRHL,,,bacterial
CASSAASTSAVPRE,,,bacterial
CASSLRSSFSVTLA,,,bacterial
CASSSGVRQHQPDI,,,bacterial
CASSCERLGAGGLG,,,bacterial
CASSRTEQGRLGCV,,,bacterial
CASSSWGTQLCISV,,,bacterial
CASSHVSLCQQRVP,,,bacterial
CASSWSPPAPTRHL,,,bacterial
CASSSPNQTSLYFC,,,bacterial
CASSSSAQSKGDSA,,,bacterial
CASSRLVAGGLGPL,,,bacterial
CASSLQSLRTRPCI,,,bacterial
CASSSSLQSLRTRP,,,bacterial
CASSPWSWTTRPCI,,,bacterial
CASSAAAPSQTSVY,,,bacterial
CASSLGDSAVYFCA,,,bacterial
CASSLGTRPCISVP,,,bacterial
CASSSRGTRPCMSV,,,bacterial
CASSWSPLPAPRHL,,,bacterial
CASSTAARRLSCVS,,,bacterial
CASSSRPAPTRPLC,,,bacterial
CASSHRAAGLSHVS,,,bacterial
CASSPAHRAGGLGH,,,bacterial
CASSNPGTQLCASV,,,bacterial
CASSPAPTRHLCTS,,,bacterial
CASSHPLTRPGGRS,,,bacterial
CASSGGLGRVCLCK,,,bacterial
CASSRLLPPRHLCT,,,bacterial
CASSRAGGLGRVCL,,,bacterial
CASSCCWGTRPCIS,,,bacterial
CASSASTSTSQTYL,,,bacterial
CASSSWRTRPCISV,,,bacterial
CASSHCSKKTQLRI,,,bacterial
CASSILKTAASTSA,,,bacterial
CASSHRAGGLSRVS,,,bacterial
CASSPTRHLCTSVP,,,bacterial
CASSSSAQSRRTRP,,,bacterial
CASSQLPAPRHLCI,,,bacterial
CASSWSQLLPLRLL,,,bacterial
CASSHGVRGHSTVF,,,bacterial
CASSTQHCISVPAA,,,bacterial
CASSRAGGLGRVSL,,,bacterial
CASSARRLGPVSLC,,,bacterial
CASSAGGLSFVFLC,,,bacterial
CASSRQLFTSVPPV,,,bacterial
CASSPCSQKTQPCI,,,bacterial
CASSTRPGGHSHVP,,,bacterial
CASSPKHLCTSVPA,,,bacterial
CASSGTRPCMSVQV,,,bacterial
CASSLTRPGGRSHV,,,bacterial
CASSLWSQLPAPRH,,,bacterial
CASSIGPIEPDSFL,,,bacterial
CASSRAAGLGHVSL,,,bacterial
CASSPAGSARRFGS,,,bacterial
CASSGRHGTVSLRQ,,,bacterial
CASSRTGRHGTVSL,,,bacterial
CASSRWSLQNWRIL,,,bacterial
CASSSRSNLQSLRT,,,bacterial
CASSARRLGPVSLR,,,bacterial
CASSPKRTRQLSIS,,,bacterial
CASSPTRPAARRLS,,,bacterial
CASSTRQLFTSVPP,,,bacterial
CASSTPPAARRLGP,,,bacterial
CASSAHRAGGLGRV,,,bacterial
CANRLLAGGRSAQYF,TRBV27,TRBJ2-5,cancer
CARSRGAVEQFF,TRBV30,TRBJ2-1,viral
CASGLGANTIYF,TRBV12-3/4,TRBJ1-1,viral
CASGLGTSGGVGELFF,TRBV27,TRBJ2-2,viral
CASKVDREGTIYF,TRBV7-9,TRBJ1-3,viral
CASRAEILATNEKLF,TRBV6,TRBJ1-4,cancer
CASRDGQGHEQY,TRBV7-9,TRBJ2-7,viral
CASRRGQEKLFF,TRBV25-1,TRBJ1-4,viral
CASRRTGRNQPQHF,TRBV6-5,TRBJ1-5,viral
CASSAGDTGELFF,TRBV6-4,TRBJ2-2,bacterial
CASSAKTGGGGNEQFF,TRBV6-1,TRBJ2-1,bacterial
CASSAPHGAEEQFF,TRBV7-8,TRBJ2-1,viral
CASSDGTGGTDTQYF,TRBV6-4,TRBJ2-3,bacterial
CASSDNSGANVLTF,TRBV6-4,TRBJ2-6,bacterial
CASSDRGTDTQYF,TRBV6-4,TRBJ2-3,bacterial
CASSDSSGSYNEQFF,TRBV6-4,TRBJ2-1,bacterial
CASSDSSRGVPYEQF,TRBV6-4,TRBJ2-1,autoimmune
CASSDSVAAPDTQYF,TRBV6-1,TRBJ2-3,bacterial
CASSEAETGYNEQFF,TRBV6-1,TRBJ2-1,bacterial
CASSEAPGSGSTEAFF,TRBV6-1,TRBJ1-1,bacterial
CASSEAVAGVDEQYF,TRBV6-1,TRBJ2-7,bacterial
CASSEDSGGAATQYF,TRBV6-1,TRBJ2-3,bacterial
CASSEDSGSGANVLTF,TRBV6-1,TRBJ2-6,bacterial
CASSEEITGKNIQYF,TRBV6-1,TRBJ2-4,bacterial
CASSEGLAGVTYEQYF,TRBV25-1,TRBJ2-7,bacterial
CASSEGQVSPGELF,TRBV2-1,TRBJ2-2,viral
CASSEGTSGGAGDTQYF,TRBV6-4,TRBJ2-3,bacterial
CASSEKGTDSGNTIYF,TRBV10-2,TRBJ1-3,bacterial
CASSESGSGNQPQHF,TRBV25-1,TRBJ1-5,bacterial
CASSESKDTDTQYF,TRBV25-1,TRBJ2-3,bacterial
CASSESLSYNEQFF,TRBV6-2,TRBJ2-1,bacterial
CASSETGAQNEQYF,TRBV25-1,TRBJ2-7,bacterial
CASSGNTGLNEKLFF,TRBV25-1,TRBJ1-4,bacterial
CASSGRQGSYEQYF,TRBV25-1,TRBJ2-7,bacterial
CASSIGIQPQHF,TRBV19,TRBJ1-5,cancer
CASSIGVDGNTIYF,TRBV19,TRBJ1-3,cancer
CASSIISADTQYF,TRBV19,TRBJ2-3,viral
CASSILGSYNEQFF,TRBV19,TRBJ2-1,cancer
CASSIRSGWEQYF,TRBV1-1,TRBJ2-7-1,viral
CASSLAPGDGYEQYF,TRBV5-1,TRBJ2-7,viral
CASSLIGTSGGALDTQYF,TRBV7-2,TRBJ2-3,viral
CASSLSGGAGELF,TRBV12-4,TRBJ2-2,viral
CASSLSGLENEQFF,TRBV7-9,TRBJ2-1,viral
CASSLSWGGFYNEQFF,TRBV27,TRBJ2-1,viral
CASSLTHLSYGYTF,TRBV12-3/12-4,TRBJ1-2,viral
CASSLVSAHEQYF,TRBV4-1,TRBJ2-7,viral
CASSMSGTGTEAFF,TRBV19,TRBJ1-1,cancer
CASSPFQGAIEQYF,,,viral
CASSPGQMNTEAF,TRBV4,TRBJ1-1,cancer
CASSPHEAEAFF,TRBV7-6,TRBJ1-1,viral
CASSQDGVTYPYTF,TRBV3-1,TRBJ1-32,bacterial
CASSQDLERNEQFF,TRBV4-2,TRBJ1-33,bacterial
CASSQDLLDRSGYTF,TRBV4,TRBJ1-2,cancer
CASSQDPGQGAEKLFF,TRBV4-2,TRBJ1-4,bacterial
CASSQDRWDVMSKNIQYF,TRBV3-1-1,TRBJ2-4-1,autoimmune
CASSQDWGTGGSPLHF,TRBV4-3,TRBJ1-6,bacterial
CASSQEEGGAPEAF,TRBV4,TRBJ1-1,cancer
CASSQEFGGGANTGELF,TRBV4-1,TRBJ2-2,cancer
CASSQEGQGSYNEQFF,TRBV4-3,TRBJ2-1,bacterial
CASSQVLSGMLNEQFF,TRBV7-8,TRBJ2-1,viral
CASSSDREISPLHF,TRBV28,TRBJ1-63,bacterial
CASSSGFSGNTIYF,TRBV6-1/6-5/6-6,TRBJ1-3,viral
CASSSLLGYNEQFF,TRBV13,TRBJ2-1,cancer
CASSSSGGASDTQYF,TRBV6-2,TRBJ2-3,bacterial
CASSSTAANTEAFF,TRBV23-1,TRBJ1-1,cancer
CASSTRTGQETQYF,TRBV7-1,TRBJ2-5-1,viral
CASSVRDGEQYF,TRBV11-3,TRBJ2-7,autoimmune
CASSVTGTGAYEQYF,TRBV6-1,TRBJ2-7,bacterial
CASSVVTGPQYF,TRBV25-1,TRBJ2-7,bacterial
CASSYAENTEAFF,TRBV6-2,TRBJ1-1,bacterial
CASSYGLAGGETQYF,TRBV3-1,TRBJ2-5,bacterial
CASSYGTGETGELFF,TRBV6-5,TRBJ2-2,bacterial
CASSYIAGVPYNEQFF,TRBV7-8,TRBJ2-1,viral
CASSYSGPQETQYF,TRBV6-2,TRBJ1-87,bacterial
CASTSGGASDTQYF,TRBV6-1,TRBJ2-3,bacterial
CATSDHRTDIYEQYF,TRBV24-1,TRBJ1-209,bacterial
CATSDSVTGSDEQFF,TRBV24-1,TRBJ2-1,bacterial
CATSSPMGSTDTQYF,TRBV15,TRBJ2-3,viral
CATSTFAGELFF,TRBV15,TRBJ2-2,viral
CAWGVLFIGRGVGDYGYTF,TRBV3-1,TRBJ1-2-1,viral
CAWRLWGDDNTEAFF,TRBV30,TRBJ1-1,viral
CAWSPGLNTEAF,TRBV30,TRBJ1-1,cancer
CSAGSIHGSSYNEQFF,TRBV20-1,TRBJ2-1,bacterial
CSARDNLSGYTF,TRBV20-1,TRBJ1-2,viral
CSARDPGQGASPLHF,TRBV20-1,TRBJ1-6,bacterial
CSARGLAGGDHEQYF,TRBV20-1,TRBJ2-7,bacterial
CSASGLSGRLYNEQFF,TRBV20-1,TRBJ2-1,viral
CSAYDTDGSEAFF,TRBV20-1,TRBJ1-1,viral
CSGAASGGGNQPQHF,TRBV20-1,TRBJ1-5,bacterial
CSVDEGSDTQYF,TRBV29-1,TRBJ2-3,viral
CSVDGGTTNTGELFF,TRBV29-1,TRBJ2-2,viral
CSVGAGGTNEKLF,TRBV29,TRBJ1-4,viral
